league_name,season_year,canonical_name,other_name,precision_score,is_confident_match
2bundesliga,1990,1fcsaarbrucken,saarbrucken,88,True
2bundesliga,1990,1fcschweinfurt05,schweinfurt05,90,True
2bundesliga,1990,1fsvmainz05,mainz,62,False
2bundesliga,1990,blauwei90berlin,bwberlin,70,True
2bundesliga,1990,eintrachtbraunschweigtsv,ebraunschweig,70,True
2bundesliga,1990,fc08homburg,fc08homburg,100,True
2bundesliga,1990,hannover96,hannover,89,True
2bundesliga,1990,msvduisburg,msvduisburg,100,True
2bundesliga,1990,preuenmunster,prmunster,82,True
2bundesliga,1990,rotweissessen,rwessen,70,True
2bundesliga,1990,scfortunakoln,fortunakoln,92,True
2bundesliga,1990,scfreiburg,freiburg,89,True
2bundesliga,1990,schalke04,schalke,88,True
2bundesliga,1990,stuttgarterkickers,stuttgkickers,84,True
2bundesliga,1990,svdarmstadt98,darmstadt98,92,True
2bundesliga,1990,svmeppen,svmeppen,100,True
2bundesliga,1990,svwaldhofmannheim,wmannheim,69,False
2bundesliga,1990,tsvhavelse,tsvhavelse,100,True
2bundesliga,1990,vfboldenburg,vfboldenburg,100,True
2bundesliga,1990,vflosnabruck,vflosnabruck,100,True
2bundesliga,1991,1fckaiserslautern,klautern,64,False
2bundesliga,1991,1fcnuremberg,nuremberg,86,True
2bundesliga,1991,arminiabielefeld,armbielefeld,86,True
2bundesliga,1991,eintrachtbraunschweigtsv,ebraunschweig,70,True
2bundesliga,1991,fortunadusseldorf95,dusseldorf,69,False
2bundesliga,1991,hannover96,hannover,89,True
2bundesliga,1991,herthaberlim,herthaberlim,100,True
2bundesliga,1991,holsteinkiel,holsteinkiel,100,True
2bundesliga,1991,karlsruhersc,karlsruher,91,True
2bundesliga,1991,magdeburgo,magdeburgo,100,True
2bundesliga,1991,preuenmunster,prmunster,82,True
2bundesliga,1991,schalke04,schalke,88,True
2bundesliga,1991,scpaderborn07,paderborn,82,True
2bundesliga,1991,sgdynamodresden,dynamodresden,93,True
2bundesliga,1991,spvgggreutherfurth,greutherfurth,84,True
2bundesliga,1991,sv07elversberg,svelversberg,92,True
2bundesliga,1991,svdarmstadt98,darmstadt98,92,True
2bundesliga,1991,vflbochum,bochum,80,True
2bundesliga,1992,1fsvmainz05,mainz,62,False
2bundesliga,1992,chemnitzerfc,chemnitzerfc,100,True
2bundesliga,1992,eintrachtbraunschweigtsv,ebraunschweig,70,True
2bundesliga,1992,fc08homburg,fc08homburg,100,True
2bundesliga,1992,fccarlzeissjena,carlzeissjena,93,True
2bundesliga,1992,fchansarostock,hansarostock,92,True
2bundesliga,1992,fcremscheid,fcremscheid,100,True
2bundesliga,1992,fcstpauli,stpauli,88,True
2bundesliga,1992,fortunadusseldorf95,dusseldorf,69,False
2bundesliga,1992,hannover96,hannover,89,True
2bundesliga,1992,herthaberlim,herthaberlim,100,True
2bundesliga,1992,msvduisburg,msvduisburg,100,True
2bundesliga,1992,scfortunakoln,fortunakoln,92,True
2bundesliga,1992,scfreiburg,freiburg,89,True
2bundesliga,1992,spvggunterhaching,unterhaching,83,True
2bundesliga,1992,stuttgarterkickers,stuttgkickers,84,True
2bundesliga,1992,svdarmstadt98,darmstadt98,92,True
2bundesliga,1992,svmeppen,svmeppen,100,True
2bundesliga,1992,svwaldhofmannheim,wmannheim,69,False
2bundesliga,1992,vfbleipzig,vfbleipzig,100,True
2bundesliga,1992,vfboldenburg,vfboldenburg,100,True
2bundesliga,1992,vflosnabruck,vflosnabruck,100,True
2bundesliga,1992,vflwolfsburg,wolfsburg,86,True
2bundesliga,1992,wuppertalersv,wuppertalersv,100,True
2bundesliga,1993,1fcsaarbrucken,saarbrucken,88,True
2bundesliga,1993,1fsvmainz05,mainz,62,False
2bundesliga,1993,bayer05uerdingen,bayer05,61,False
2bundesliga,1993,chemnitzerfc,chemnitzerfc,100,True
2bundesliga,1993,fc08homburg,fc08homburg,100,True
2bundesliga,1993,fccarlzeissjena,carlzeissjena,93,True
2bundesliga,1993,fchansarostock,hansarostock,92,True
2bundesliga,1993,fcstpauli,stpauli,88,True
2bundesliga,1993,hannover96,hannover,89,True
2bundesliga,1993,herthaberlim,herthaberlim,100,True
2bundesliga,1993,rotweissessen,rwessen,70,True
2bundesliga,1993,scfortunakoln,fortunakoln,92,True
2bundesliga,1993,stuttgarterkickers,stuttgkickers,84,True
2bundesliga,1993,svmeppen,svmeppen,100,True
2bundesliga,1993,svwaldhofmannheim,wmannheim,69,False
2bundesliga,1993,tennisborussiaberlin,tebeberlin,60,False
2bundesliga,1993,tsv1860munique,1860munique,88,True
2bundesliga,1993,vflbochum,bochum,80,True
2bundesliga,1993,vflwolfsburg,wolfsburg,86,True
2bundesliga,1993,wuppertalersv,wuppertalersv,100,True
2bundesliga,1994,1fcnuremberg,nuremberg,86,True
2bundesliga,1994,1fcsaarbrucken,saarbrucken,88,True
2bundesliga,1994,1fsvmainz05,mainz,62,False
2bundesliga,1994,chemnitzerfc,chemnitzerfc,100,True
2bundesliga,1994,fc08homburg,fc08homburg,100,True
2bundesliga,1994,fchansarostock,hansarostock,92,True
2bundesliga,1994,fcstpauli,stpauli,88,True
2bundesliga,1994,fortunadusseldorf95,dusseldorf,69,False
2bundesliga,1994,fsvfrankfurt,fsvfrankfurt,100,True
2bundesliga,1994,fsvzwickau,fsvzwickau,100,True
2bundesliga,1994,hannover96,hannover,89,True
2bundesliga,1994,herthaberlim,herthaberlim,100,True
2bundesliga,1994,scfortunakoln,fortunakoln,92,True
2bundesliga,1994,sgwattenscheid09,wattenscheid09,93,True
2bundesliga,1994,svmeppen,svmeppen,100,True
2bundesliga,1994,svwaldhofmannheim,wmannheim,69,False
2bundesliga,1994,vfbleipzig,vfbleipzig,100,True
2bundesliga,1994,vflwolfsburg,wolfsburg,86,True
2bundesliga,1995,1fcnuremberg,nuremberg,86,True
2bundesliga,1995,1fsvmainz05,mainz,62,False
2bundesliga,1995,arminiabielefeld,armbielefeld,86,True
2bundesliga,1995,chemnitzerfc,chemnitzerfc,100,True
2bundesliga,1995,fccarlzeissjena,carlzeissjena,93,True
2bundesliga,1995,fsvzwickau,fsvzwickau,100,True
2bundesliga,1995,hannover96,hannover,89,True
2bundesliga,1995,herthaberlim,herthaberlim,100,True
2bundesliga,1995,msvduisburg,msvduisburg,100,True
2bundesliga,1995,scfortunakoln,fortunakoln,92,True
2bundesliga,1995,sgwattenscheid09,wattenscheid09,93,True
2bundesliga,1995,spvggunterhaching,unterhaching,83,True
2bundesliga,1995,svmeppen,svmeppen,100,True
2bundesliga,1995,svwaldhofmannheim,wmannheim,69,False
2bundesliga,1995,vfbleipzig,vfbleipzig,100,True
2bundesliga,1995,vfblubeck,vfblubeck,100,True
2bundesliga,1995,vflbochum,bochum,80,True
2bundesliga,1995,vflwolfsburg,wolfsburg,86,True
2bundesliga,1996,1fckaiserslautern,klautern,64,False
2bundesliga,1996,1fsvmainz05,mainz,62,False
2bundesliga,1996,fccarlzeissjena,carlzeissjena,93,True
2bundesliga,1996,fcgutersloh19782000,fcgutersloh,73,True
2bundesliga,1996,fsvzwickau,fsvzwickau,100,True
2bundesliga,1996,herthaberlim,herthaberlim,100,True
2bundesliga,1996,kfcuerdingen05,kfcuerdingen,92,True
2bundesliga,1996,rotweissessen,rwessen,70,True
2bundesliga,1996,scfortunakoln,fortunakoln,92,True
2bundesliga,1996,sgeintrachtfrankfurt,frankfurt,62,False
2bundesliga,1996,spvggunterhaching,unterhaching,83,True
2bundesliga,1996,stuttgarterkickers,stuttgkickers,84,True
2bundesliga,1996,svmeppen,svmeppen,100,True
2bundesliga,1996,svwaldhofmannheim,wmannheim,69,False
2bundesliga,1996,vfbleipzig,vfbleipzig,100,True
2bundesliga,1996,vfblubeck,vfblubeck,100,True
2bundesliga,1996,vfboldenburg,vfboldenburg,100,True
2bundesliga,1996,vflwolfsburg,wolfsburg,86,True
2bundesliga,1997,1fcnuremberg,nuremberg,86,True
2bundesliga,1997,1fsvmainz05,mainz,62,False
2bundesliga,1997,fccarlzeissjena,carlzeissjena,93,True
2bundesliga,1997,fcenergiecottbus,energcottbus,86,True
2bundesliga,1997,fcgutersloh19782000,fcgutersloh,73,True
2bundesliga,1997,fcstpauli,stpauli,88,True
2bundesliga,1997,fortunadusseldorf95,dusseldorf,69,False
2bundesliga,1997,fsvzwickau,fsvzwickau,100,True
2bundesliga,1997,kfcuerdingen05,kfcuerdingen,92,True
2bundesliga,1997,scfortunakoln,fortunakoln,92,True
2bundesliga,1997,scfreiburg,freiburg,89,True
2bundesliga,1997,sgeintrachtfrankfurt,frankfurt,62,False
2bundesliga,1997,sgwattenscheid09,wattenscheid09,93,True
2bundesliga,1997,spvgggreutherfurth,greutherfurth,84,True
2bundesliga,1997,spvggunterhaching,unterhaching,83,True
2bundesliga,1997,stuttgarterkickers,stuttgkickers,84,True
2bundesliga,1997,svmeppen,svmeppen,100,True
2bundesliga,1997,vfbleipzig,vfbleipzig,100,True
2bundesliga,1998,1fccolonia,colonia,82,True
2bundesliga,1998,1fsvmainz05,mainz,62,False
2bundesliga,1998,arminiabielefeld,armbielefeld,86,True
2bundesliga,1998,fcenergiecottbus,energcottbus,86,True
2bundesliga,1998,fcgutersloh19782000,fcgutersloh,73,True
2bundesliga,1998,fcstpauli,stpauli,88,True
2bundesliga,1998,fortunadusseldorf95,dusseldorf,69,False
2bundesliga,1998,hannover96,hannover,89,True
2bundesliga,1998,karlsruhersc,karlsruher,91,True
2bundesliga,1998,kfcuerdingen05,kfcuerdingen,92,True
2bundesliga,1998,rotweioberhausen,rwoberhausen,86,True
2bundesliga,1998,scfortunakoln,fortunakoln,92,True
2bundesliga,1998,sgwattenscheid09,wattenscheid09,93,True
2bundesliga,1998,spvgggreutherfurth,greutherfurth,84,True
2bundesliga,1998,spvggunterhaching,unterhaching,83,True
2bundesliga,1998,ssvulm1846,ssvulm1846,100,True
2bundesliga,1998,stuttgarterkickers,stuttgkickers,84,True
2bundesliga,1998,tennisborussiaberlin,tebeberlin,60,False
2bundesliga,1999,1fccolonia,colonia,82,True
2bundesliga,1999,1fcnuremberg,nuremberg,86,True
2bundesliga,1999,1fsvmainz05,mainz,62,False
2bundesliga,1999,alemanniaaachen,alemaachen,80,True
2bundesliga,1999,borussiamonchengladbach,mgladbach,56,False
2bundesliga,1999,chemnitzerfc,chemnitzerfc,100,True
2bundesliga,1999,fcenergiecottbus,energcottbus,86,True
2bundesliga,1999,fcstpauli,stpauli,88,True
2bundesliga,1999,hannover96,hannover,89,True
2bundesliga,1999,karlsruhersc,karlsruher,91,True
2bundesliga,1999,kickersoffenbach,koffenbach,77,True
2bundesliga,1999,rotweioberhausen,rwoberhausen,86,True
2bundesliga,1999,scfortunakoln,fortunakoln,92,True
2bundesliga,1999,spvgggreutherfurth,greutherfurth,84,True
2bundesliga,1999,stuttgarterkickers,stuttgkickers,84,True
2bundesliga,1999,svwaldhofmannheim,wmannheim,69,False
2bundesliga,1999,tennisborussiaberlin,tebeberlin,60,False
2bundesliga,1999,vflbochum,bochum,80,True
2bundesliga,2000,1fcnuremberg,nuremberg,86,True
2bundesliga,2000,1fcsaarbrucken,saarbrucken,88,True
2bundesliga,2000,1fsvmainz05,mainz,62,False
2bundesliga,2000,alemanniaaachen,alemaachen,80,True
2bundesliga,2000,arminiabielefeld,armbielefeld,86,True
2bundesliga,2000,borussiamonchengladbach,mgladbach,56,False
2bundesliga,2000,chemnitzerfc,chemnitzerfc,100,True
2bundesliga,2000,fcstpauli,stpauli,88,True
2bundesliga,2000,hannover96,hannover,89,True
2bundesliga,2000,lrahlen,lrahlen,100,True
2bundesliga,2000,msvduisburg,msvduisburg,100,True
2bundesliga,2000,rotweioberhausen,rwoberhausen,86,True
2bundesliga,2000,spvgggreutherfurth,greutherfurth,84,True
2bundesliga,2000,ssvreutlingen05,ssvreutlingen,93,True
2bundesliga,2000,ssvulm1846,ssvulm1846,100,True
2bundesliga,2000,stuttgarterkickers,stuttgkickers,84,True
2bundesliga,2000,svwaldhofmannheim,wmannheim,69,False
2bundesliga,2000,vflosnabruck,vflosnabruck,100,True
2bundesliga,2001,1fcsaarbrucken,saarbrucken,88,True
2bundesliga,2001,1fcschweinfurt05,schweinfurt05,90,True
2bundesliga,2001,1fcunionberlim,unionberlim,88,True
2bundesliga,2001,1fsvmainz05,mainz,62,False
2bundesliga,2001,alemanniaaachen,alemaachen,80,True
2bundesliga,2001,arminiabielefeld,armbielefeld,86,True
2bundesliga,2001,hannover96,hannover,89,True
2bundesliga,2001,karlsruhersc,karlsruher,91,True
2bundesliga,2001,lrahlen,lrahlen,100,True
2bundesliga,2001,msvduisburg,msvduisburg,100,True
2bundesliga,2001,rotweioberhausen,rwoberhausen,86,True
2bundesliga,2001,sgeintrachtfrankfurt,frankfurt,62,False
2bundesliga,2001,spvgggreutherfurth,greutherfurth,84,True
2bundesliga,2001,spvggunterhaching,unterhaching,83,True
2bundesliga,2001,ssvreutlingen05,ssvreutlingen,93,True
2bundesliga,2001,svbabelsberg03,babelsberg03,92,True
2bundesliga,2001,svwaldhofmannheim,wmannheim,69,False
2bundesliga,2001,vflbochum,bochum,80,True
2bundesliga,2002,1fccolonia,colonia,82,True
2bundesliga,2002,1fcunionberlim,unionberlim,88,True
2bundesliga,2002,1fsvmainz05,mainz,62,False
2bundesliga,2002,alemanniaaachen,alemaachen,80,True
2bundesliga,2002,eintrachtbraunschweigtsv,ebraunschweig,70,True
2bundesliga,2002,fcstpauli,stpauli,88,True
2bundesliga,2002,karlsruhersc,karlsruher,91,True
2bundesliga,2002,lrahlen,lrahlen,100,True
2bundesliga,2002,msvduisburg,msvduisburg,100,True
2bundesliga,2002,rotweioberhausen,rwoberhausen,86,True
2bundesliga,2002,scfreiburg,freiburg,89,True
2bundesliga,2002,sgeintrachtfrankfurt,frankfurt,62,False
2bundesliga,2002,spvgggreutherfurth,greutherfurth,84,True
2bundesliga,2002,ssvreutlingen05,ssvreutlingen,93,True
2bundesliga,2002,sveintrachttrier05,eintrachttrier,88,True
2bundesliga,2002,svwackerburghausen,wburghausen,76,True
2bundesliga,2002,svwaldhofmannheim,wmannheim,69,False
2bundesliga,2002,vfblubeck,vfblubeck,100,True
2bundesliga,2003,1fcnuremberg,nuremberg,86,True
2bundesliga,2003,1fcunionberlim,unionberlim,88,True
2bundesliga,2003,1fsvmainz05,mainz,62,False
2bundesliga,2003,alemanniaaachen,alemaachen,80,True
2bundesliga,2003,arminiabielefeld,armbielefeld,86,True
2bundesliga,2003,fcenergiecottbus,energcottbus,86,True
2bundesliga,2003,fcerzgebirgeaue,erzgebirgeaue,93,True
2bundesliga,2003,jahnregensburg,jregensburg,88,True
2bundesliga,2003,karlsruhersc,karlsruher,91,True
2bundesliga,2003,lrahlen,lrahlen,100,True
2bundesliga,2003,msvduisburg,msvduisburg,100,True
2bundesliga,2003,rotweioberhausen,rwoberhausen,86,True
2bundesliga,2003,spvgggreutherfurth,greutherfurth,84,True
2bundesliga,2003,spvggunterhaching,unterhaching,83,True
2bundesliga,2003,sveintrachttrier05,eintrachttrier,88,True
2bundesliga,2003,svwackerburghausen,wburghausen,76,True
2bundesliga,2003,vfblubeck,vfblubeck,100,True
2bundesliga,2003,vflosnabruck,vflosnabruck,100,True
2bundesliga,2004,1fccolonia,colonia,82,True
2bundesliga,2004,1fcsaarbrucken,saarbrucken,88,True
2bundesliga,2004,alemanniaaachen,alemaachen,80,True
2bundesliga,2004,fcenergiecottbus,energcottbus,86,True
2bundesliga,2004,fcerzgebirgeaue,erzgebirgeaue,93,True
2bundesliga,2004,karlsruhersc,karlsruher,91,True
2bundesliga,2004,lrahlen,lrahlen,100,True
2bundesliga,2004,msvduisburg,msvduisburg,100,True
2bundesliga,2004,rotweierfurt,rotweierfurt,100,True
2bundesliga,2004,rotweioberhausen,rwoberhausen,86,True
2bundesliga,2004,rotweissessen,rwessen,70,True
2bundesliga,2004,sgdynamodresden,dynamodresden,93,True
2bundesliga,2004,sgeintrachtfrankfurt,frankfurt,62,False
2bundesliga,2004,spvgggreutherfurth,greutherfurth,84,True
2bundesliga,2004,spvggunterhaching,unterhaching,83,True
2bundesliga,2004,sveintrachttrier05,eintrachttrier,88,True
2bundesliga,2004,svwackerburghausen,wburghausen,76,True
2bundesliga,2004,tsv1860munique,1860munique,88,True
2bundesliga,2005,1fcsaarbrucken,saarbrucken,88,True
2bundesliga,2005,alemanniaaachen,alemaachen,80,True
2bundesliga,2005,eintrachtbraunschweigtsv,ebraunschweig,70,True
2bundesliga,2005,fcenergiecottbus,energcottbus,86,True
2bundesliga,2005,fcerzgebirgeaue,erzgebirgeaue,93,True
2bundesliga,2005,fchansarostock,hansarostock,92,True
2bundesliga,2005,karlsruhersc,karlsruher,91,True
2bundesliga,2005,kickersoffenbach,koffenbach,77,True
2bundesliga,2005,lrahlen,lrahlen,100,True
2bundesliga,2005,scfreiburg,freiburg,89,True
2bundesliga,2005,scpaderborn07,paderborn,82,True
2bundesliga,2005,sgdynamodresden,dynamodresden,93,True
2bundesliga,2005,sportfreundesiegen,spfrsiegen,71,True
2bundesliga,2005,spvgggreutherfurth,greutherfurth,84,True
2bundesliga,2005,spvggunterhaching,unterhaching,83,True
2bundesliga,2005,svwackerburghausen,wburghausen,76,True
2bundesliga,2005,tsv1860munique,1860munique,88,True
2bundesliga,2005,vflbochum,bochum,80,True
2bundesliga,2006,1fccolonia,colonia,82,True
2bundesliga,2006,1fckaiserslautern,klautern,64,False
2bundesliga,2006,eintrachtbraunschweigtsv,ebraunschweig,70,True
2bundesliga,2006,fcaugsburg,augsburg,89,True
2bundesliga,2006,fccarlzeissjena,carlzeissjena,93,True
2bundesliga,2006,fcerzgebirgeaue,erzgebirgeaue,93,True
2bundesliga,2006,fchansarostock,hansarostock,92,True
2bundesliga,2006,karlsruhersc,karlsruher,91,True
2bundesliga,2006,kickersoffenbach,koffenbach,77,True
2bundesliga,2006,msvduisburg,msvduisburg,100,True
2bundesliga,2006,rotweissessen,rwessen,70,True
2bundesliga,2006,scfreiburg,freiburg,89,True
2bundesliga,2006,scpaderborn07,paderborn,82,True
2bundesliga,2006,spvgggreutherfurth,greutherfurth,84,True
2bundesliga,2006,spvggunterhaching,unterhaching,83,True
2bundesliga,2006,svwackerburghausen,wburghausen,76,True
2bundesliga,2006,tsv1860munique,1860munique,88,True
2bundesliga,2006,tuskoblenz,tuskoblenz,100,True
2bundesliga,2007,1fccolonia,colonia,82,True
2bundesliga,2007,1fckaiserslautern,klautern,64,False
2bundesliga,2007,1fsvmainz05,mainz,62,False
2bundesliga,2007,alemanniaaachen,alemaachen,80,True
2bundesliga,2007,borussiamonchengladbach,mgladbach,56,False
2bundesliga,2007,fcaugsburg,augsburg,89,True
2bundesliga,2007,fccarlzeissjena,carlzeissjena,93,True
2bundesliga,2007,fcerzgebirgeaue,erzgebirgeaue,93,True
2bundesliga,2007,fcstpauli,stpauli,88,True
2bundesliga,2007,kickersoffenbach,koffenbach,77,True
2bundesliga,2007,scfreiburg,freiburg,89,True
2bundesliga,2007,scpaderborn07,paderborn,82,True
2bundesliga,2007,spvgggreutherfurth,greutherfurth,84,True
2bundesliga,2007,svwehenwiesbaden,wehenwiesbaden,93,True
2bundesliga,2007,tsg1899hoffenheim,hoffenheim,74,True
2bundesliga,2007,tsv1860munique,1860munique,88,True
2bundesliga,2007,tuskoblenz,tuskoblenz,100,True
2bundesliga,2007,vflosnabruck,vflosnabruck,100,True
2bundesliga,2008,1fckaiserslautern,klautern,64,False
2bundesliga,2008,1fcnuremberg,nuremberg,86,True
2bundesliga,2008,1fsvmainz05,mainz,62,False
2bundesliga,2008,alemanniaaachen,alemaachen,80,True
2bundesliga,2008,fcaugsburg,augsburg,89,True
2bundesliga,2008,fchansarostock,hansarostock,92,True
2bundesliga,2008,fcingolstadt04,ingolstadt,83,True
2bundesliga,2008,fcstpauli,stpauli,88,True
2bundesliga,2008,fsvfrankfurt,fsvfrankfurt,100,True
2bundesliga,2008,msvduisburg,msvduisburg,100,True
2bundesliga,2008,rotweioberhausen,rwoberhausen,86,True
2bundesliga,2008,rotweissahlen,rwahlen,70,True
2bundesliga,2008,scfreiburg,freiburg,89,True
2bundesliga,2008,spvgggreutherfurth,greutherfurth,84,True
2bundesliga,2008,svwehenwiesbaden,wehenwiesbaden,93,True
2bundesliga,2008,tsv1860munique,1860munique,88,True
2bundesliga,2008,tuskoblenz,tuskoblenz,100,True
2bundesliga,2008,vflosnabruck,vflosnabruck,100,True
2bundesliga,2009,1fckaiserslautern,klautern,64,False
2bundesliga,2009,1fcunionberlim,unionberlim,88,True
2bundesliga,2009,alemanniaaachen,alemaachen,80,True
2bundesliga,2009,arminiabielefeld,armbielefeld,86,True
2bundesliga,2009,fcaugsburg,augsburg,89,True
2bundesliga,2009,fcenergiecottbus,energcottbus,86,True
2bundesliga,2009,fchansarostock,hansarostock,92,True
2bundesliga,2009,fcstpauli,stpauli,88,True
2bundesliga,2009,fortunadusseldorf95,dusseldorf,69,False
2bundesliga,2009,fsvfrankfurt,fsvfrankfurt,100,True
2bundesliga,2009,karlsruhersc,karlsruher,91,True
2bundesliga,2009,msvduisburg,msvduisburg,100,True
2bundesliga,2009,rotweioberhausen,rwoberhausen,86,True
2bundesliga,2009,rotweissahlen,rwahlen,70,True
2bundesliga,2009,scpaderborn07,paderborn,82,True
2bundesliga,2009,spvgggreutherfurth,greutherfurth,84,True
2bundesliga,2009,tsv1860munique,1860munique,88,True
2bundesliga,2009,tuskoblenz,tuskoblenz,100,True
2bundesliga,2010,1fcunionberlim,unionberlim,88,True
2bundesliga,2010,alemanniaaachen,alemaachen,80,True
2bundesliga,2010,arminiabielefeld,armbielefeld,86,True
2bundesliga,2010,fcaugsburg,augsburg,89,True
2bundesliga,2010,fcenergiecottbus,energcottbus,86,True
2bundesliga,2010,fcerzgebirgeaue,erzgebirgeaue,93,True
2bundesliga,2010,fcingolstadt04,ingolstadt,83,True
2bundesliga,2010,fortunadusseldorf95,dusseldorf,69,False
2bundesliga,2010,fsvfrankfurt,fsvfrankfurt,100,True
2bundesliga,2010,herthaberlim,herthaberlim,100,True
2bundesliga,2010,karlsruhersc,karlsruher,91,True
2bundesliga,2010,msvduisburg,msvduisburg,100,True
2bundesliga,2010,rotweioberhausen,rwoberhausen,86,True
2bundesliga,2010,scpaderborn07,paderborn,82,True
2bundesliga,2010,spvgggreutherfurth,greutherfurth,84,True
2bundesliga,2010,tsv1860munique,1860munique,88,True
2bundesliga,2010,vflbochum,bochum,80,True
2bundesliga,2010,vflosnabruck,vflosnabruck,100,True
2bundesliga,2011,1fcunionberlim,unionberlim,88,True
2bundesliga,2011,alemanniaaachen,alemaachen,80,True
2bundesliga,2011,eintrachtbraunschweigtsv,ebraunschweig,70,True
2bundesliga,2011,fcenergiecottbus,energcottbus,86,True
2bundesliga,2011,fcerzgebirgeaue,erzgebirgeaue,93,True
2bundesliga,2011,fchansarostock,hansarostock,92,True
2bundesliga,2011,fcingolstadt04,ingolstadt,83,True
2bundesliga,2011,fcstpauli,stpauli,88,True
2bundesliga,2011,fortunadusseldorf95,dusseldorf,69,False
2bundesliga,2011,fsvfrankfurt,fsvfrankfurt,100,True
2bundesliga,2011,karlsruhersc,karlsruher,91,True
2bundesliga,2011,msvduisburg,msvduisburg,100,True
2bundesliga,2011,scpaderborn07,paderborn,82,True
2bundesliga,2011,sgdynamodresden,dynamodresden,93,True
2bundesliga,2011,sgeintrachtfrankfurt,frankfurt,62,False
2bundesliga,2011,spvgggreutherfurth,greutherfurth,84,True
2bundesliga,2011,tsv1860munique,1860munique,88,True
2bundesliga,2011,vflbochum,bochum,80,True
2bundesliga,2012,1fccolonia,colonia,82,True
2bundesliga,2012,1fckaiserslautern,klautern,64,False
2bundesliga,2012,1fcunionberlim,unionberlim,88,True
2bundesliga,2012,eintrachtbraunschweigtsv,ebraunschweig,70,True
2bundesliga,2012,fcenergiecottbus,energcottbus,86,True
2bundesliga,2012,fcerzgebirgeaue,erzgebirgeaue,93,True
2bundesliga,2012,fcingolstadt04,ingolstadt,83,True
2bundesliga,2012,fcstpauli,stpauli,88,True
2bundesliga,2012,fsvfrankfurt,fsvfrankfurt,100,True
2bundesliga,2012,herthaberlim,herthaberlim,100,True
2bundesliga,2012,jahnregensburg,jregensburg,88,True
2bundesliga,2012,msvduisburg,msvduisburg,100,True
2bundesliga,2012,scpaderborn07,paderborn,82,True
2bundesliga,2012,sgdynamodresden,dynamodresden,93,True
2bundesliga,2012,svsandhausen,sandhausen,91,True
2bundesliga,2012,tsv1860munique,1860munique,88,True
2bundesliga,2012,vflbochum,bochum,80,True
2bundesliga,2012,vfraalen,vfraalen,100,True
2bundesliga,2013,1fccolonia,colonia,82,True
2bundesliga,2013,1fckaiserslautern,klautern,64,False
2bundesliga,2013,1fcunionberlim,unionberlim,88,True
2bundesliga,2013,arminiabielefeld,armbielefeld,86,True
2bundesliga,2013,fcenergiecottbus,energcottbus,86,True
2bundesliga,2013,fcerzgebirgeaue,erzgebirgeaue,93,True
2bundesliga,2013,fcingolstadt04,ingolstadt,83,True
2bundesliga,2013,fcstpauli,stpauli,88,True
2bundesliga,2013,fortunadusseldorf95,dusseldorf,69,False
2bundesliga,2013,fsvfrankfurt,fsvfrankfurt,100,True
2bundesliga,2013,karlsruhersc,karlsruher,91,True
2bundesliga,2013,scpaderborn07,paderborn,82,True
2bundesliga,2013,sgdynamodresden,dynamodresden,93,True
2bundesliga,2013,spvgggreutherfurth,greutherfurth,84,True
2bundesliga,2013,svsandhausen,sandhausen,91,True
2bundesliga,2013,tsv1860munique,1860munique,88,True
2bundesliga,2013,vflbochum,bochum,80,True
2bundesliga,2013,vfraalen,vfraalen,100,True
2bundesliga,2014,1fcheidenheim1846,heidenheim,74,True
2bundesliga,2014,1fckaiserslautern,klautern,64,False
2bundesliga,2014,1fcnuremberg,nuremberg,86,True
2bundesliga,2014,1fcunionberlim,unionberlim,88,True
2bundesliga,2014,eintrachtbraunschweigtsv,ebraunschweig,70,True
2bundesliga,2014,fcerzgebirgeaue,erzgebirgeaue,93,True
2bundesliga,2014,fcingolstadt04,ingolstadt,83,True
2bundesliga,2014,fcstpauli,stpauli,88,True
2bundesliga,2014,fortunadusseldorf95,dusseldorf,69,False
2bundesliga,2014,fsvfrankfurt,fsvfrankfurt,100,True
2bundesliga,2014,karlsruhersc,karlsruher,91,True
2bundesliga,2014,rbleipzig,leipzig,88,True
2bundesliga,2014,spvgggreutherfurth,greutherfurth,84,True
2bundesliga,2014,svdarmstadt98,darmstadt98,92,True
2bundesliga,2014,svsandhausen,sandhausen,91,True
2bundesliga,2014,tsv1860munique,1860munique,88,True
2bundesliga,2014,vflbochum,bochum,80,True
2bundesliga,2014,vfraalen,vfraalen,100,True
2bundesliga,2015,1fcheidenheim1846,heidenheim,74,True
2bundesliga,2015,1fckaiserslautern,klautern,64,False
2bundesliga,2015,1fcnuremberg,nuremberg,86,True
2bundesliga,2015,1fcunionberlim,unionberlim,88,True
2bundesliga,2015,arminiabielefeld,armbielefeld,86,True
2bundesliga,2015,eintrachtbraunschweigtsv,ebraunschweig,70,True
2bundesliga,2015,fcstpauli,stpauli,88,True
2bundesliga,2015,fortunadusseldorf95,dusseldorf,69,False
2bundesliga,2015,fsvfrankfurt,fsvfrankfurt,100,True
2bundesliga,2015,karlsruhersc,karlsruher,91,True
2bundesliga,2015,msvduisburg,msvduisburg,100,True
2bundesliga,2015,rbleipzig,leipzig,88,True
2bundesliga,2015,scfreiburg,freiburg,89,True
2bundesliga,2015,scpaderborn07,paderborn,82,True
2bundesliga,2015,spvgggreutherfurth,greutherfurth,84,True
2bundesliga,2015,svsandhausen,sandhausen,91,True
2bundesliga,2015,tsv1860munique,1860munique,88,True
2bundesliga,2015,vflbochum,bochum,80,True
2bundesliga,2016,1fcheidenheim1846,heidenheim,74,True
2bundesliga,2016,1fckaiserslautern,klautern,64,False
2bundesliga,2016,1fcnuremberg,nuremberg,86,True
2bundesliga,2016,1fcunionberlim,unionberlim,88,True
2bundesliga,2016,arminiabielefeld,armbielefeld,86,True
2bundesliga,2016,eintrachtbraunschweigtsv,ebraunschweig,70,True
2bundesliga,2016,fcerzgebirgeaue,erzgebirgeaue,93,True
2bundesliga,2016,fcstpauli,stpauli,88,True
2bundesliga,2016,fortunadusseldorf95,dusseldorf,69,False
2bundesliga,2016,hannover96,hannover,89,True
2bundesliga,2016,karlsruhersc,karlsruher,91,True
2bundesliga,2016,sgdynamodresden,dynamodresden,93,True
2bundesliga,2016,spvgggreutherfurth,greutherfurth,84,True
2bundesliga,2016,svsandhausen,sandhausen,91,True
2bundesliga,2016,tsv1860munique,1860munique,88,True
2bundesliga,2016,vfbstuttgart,stuttgart,86,True
2bundesliga,2016,vflbochum,bochum,80,True
2bundesliga,2016,wurzburgerkickers,wurzbkickers,83,True
2bundesliga,2017,1fcheidenheim1846,heidenheim,74,True
2bundesliga,2017,1fckaiserslautern,klautern,64,False
2bundesliga,2017,1fcnuremberg,nuremberg,86,True
2bundesliga,2017,1fcunionberlim,unionberlim,88,True
2bundesliga,2017,arminiabielefeld,armbielefeld,86,True
2bundesliga,2017,eintrachtbraunschweigtsv,ebraunschweig,70,True
2bundesliga,2017,fcerzgebirgeaue,erzgebirgeaue,93,True
2bundesliga,2017,fcingolstadt04,ingolstadt,83,True
2bundesliga,2017,fcstpauli,stpauli,88,True
2bundesliga,2017,fortunadusseldorf95,dusseldorf,69,False
2bundesliga,2017,holsteinkiel,holsteinkiel,100,True
2bundesliga,2017,jahnregensburg,jregensburg,88,True
2bundesliga,2017,msvduisburg,msvduisburg,100,True
2bundesliga,2017,sgdynamodresden,dynamodresden,93,True
2bundesliga,2017,spvgggreutherfurth,greutherfurth,84,True
2bundesliga,2017,svdarmstadt98,darmstadt98,92,True
2bundesliga,2017,svsandhausen,sandhausen,91,True
2bundesliga,2017,vflbochum,bochum,80,True
2bundesliga,2018,1fccolonia,colonia,82,True
2bundesliga,2018,1fcheidenheim1846,heidenheim,74,True
2bundesliga,2018,1fcunionberlim,unionberlim,88,True
2bundesliga,2018,arminiabielefeld,armbielefeld,86,True
2bundesliga,2018,fcerzgebirgeaue,erzgebirgeaue,93,True
2bundesliga,2018,fcingolstadt04,ingolstadt,83,True
2bundesliga,2018,fcstpauli,stpauli,88,True
2bundesliga,2018,hamburgersv,hamburgo,74,True
2bundesliga,2018,holsteinkiel,holsteinkiel,100,True
2bundesliga,2018,jahnregensburg,jregensburg,88,True
2bundesliga,2018,magdeburgo,magdeburgo,100,True
2bundesliga,2018,msvduisburg,msvduisburg,100,True
2bundesliga,2018,scpaderborn07,paderborn,82,True
2bundesliga,2018,sgdynamodresden,dynamodresden,93,True
2bundesliga,2018,spvgggreutherfurth,greutherfurth,84,True
2bundesliga,2018,svdarmstadt98,darmstadt98,92,True
2bundesliga,2018,svsandhausen,sandhausen,91,True
2bundesliga,2018,vflbochum,bochum,80,True
2bundesliga,2019,1fcheidenheim1846,heidenheim,74,True
2bundesliga,2019,1fcnuremberg,nuremberg,86,True
2bundesliga,2019,arminiabielefeld,armbielefeld,86,True
2bundesliga,2019,fcerzgebirgeaue,erzgebirgeaue,93,True
2bundesliga,2019,fcstpauli,stpauli,88,True
2bundesliga,2019,hamburgersv,hamburgo,74,True
2bundesliga,2019,hannover96,hannover,89,True
2bundesliga,2019,holsteinkiel,holsteinkiel,100,True
2bundesliga,2019,jahnregensburg,jregensburg,88,True
2bundesliga,2019,karlsruhersc,karlsruher,91,True
2bundesliga,2019,sgdynamodresden,dynamodresden,93,True
2bundesliga,2019,spvgggreutherfurth,greutherfurth,84,True
2bundesliga,2019,svdarmstadt98,darmstadt98,92,True
2bundesliga,2019,svsandhausen,sandhausen,91,True
2bundesliga,2019,svwehenwiesbaden,wehenwiesbaden,93,True
2bundesliga,2019,vfbstuttgart,stuttgart,86,True
2bundesliga,2019,vflbochum,bochum,80,True
2bundesliga,2019,vflosnabruck,vflosnabruck,100,True
2bundesliga,2020,1fcheidenheim1846,heidenheim,74,True
2bundesliga,2020,1fcnuremberg,nuremberg,86,True
2bundesliga,2020,eintrachtbraunschweigtsv,ebraunschweig,70,True
2bundesliga,2020,fcerzgebirgeaue,erzgebirgeaue,93,True
2bundesliga,2020,fcstpauli,stpauli,88,True
2bundesliga,2020,fortunadusseldorf95,dusseldorf,69,False
2bundesliga,2020,hamburgersv,hamburgo,74,True
2bundesliga,2020,hannover96,hannover,89,True
2bundesliga,2020,holsteinkiel,holsteinkiel,100,True
2bundesliga,2020,jahnregensburg,jregensburg,88,True
2bundesliga,2020,karlsruhersc,karlsruher,91,True
2bundesliga,2020,scpaderborn07,paderborn,82,True
2bundesliga,2020,spvgggreutherfurth,greutherfurth,84,True
2bundesliga,2020,svdarmstadt98,darmstadt98,92,True
2bundesliga,2020,svsandhausen,sandhausen,91,True
2bundesliga,2020,vflbochum,bochum,80,True
2bundesliga,2020,vflosnabruck,vflosnabruck,100,True
2bundesliga,2020,wurzburgerkickers,wurzbkickers,83,True
2bundesliga,2021,1fcheidenheim1846,heidenheim,74,True
2bundesliga,2021,1fcnuremberg,nuremberg,86,True
2bundesliga,2021,fcerzgebirgeaue,erzgebirgeaue,93,True
2bundesliga,2021,fchansarostock,hansarostock,92,True
2bundesliga,2021,fcingolstadt04,ingolstadt,83,True
2bundesliga,2021,fcstpauli,stpauli,88,True
2bundesliga,2021,fortunadusseldorf95,dusseldorf,69,False
2bundesliga,2021,hamburgersv,hamburgo,74,True
2bundesliga,2021,hannover96,hannover,89,True
2bundesliga,2021,holsteinkiel,holsteinkiel,100,True
2bundesliga,2021,jahnregensburg,jregensburg,88,True
2bundesliga,2021,karlsruhersc,karlsruher,91,True
2bundesliga,2021,schalke04,schalke,88,True
2bundesliga,2021,scpaderborn07,paderborn,82,True
2bundesliga,2021,sgdynamodresden,dynamodresden,93,True
2bundesliga,2021,svdarmstadt98,darmstadt98,92,True
2bundesliga,2021,svsandhausen,sandhausen,91,True
2bundesliga,2021,werderbremen,werderbremen,100,True
2bundesliga,2022,1fcheidenheim1846,heidenheim,74,True
2bundesliga,2022,1fckaiserslautern,klautern,64,False
2bundesliga,2022,1fcnuremberg,nuremberg,86,True
2bundesliga,2022,arminiabielefeld,armbielefeld,86,True
2bundesliga,2022,eintrachtbraunschweigtsv,ebraunschweig,70,True
2bundesliga,2022,fchansarostock,hansarostock,92,True
2bundesliga,2022,fcstpauli,stpauli,88,True
2bundesliga,2022,fortunadusseldorf95,dusseldorf,69,False
2bundesliga,2022,hamburgersv,hamburgo,74,True
2bundesliga,2022,hannover96,hannover,89,True
2bundesliga,2022,holsteinkiel,holsteinkiel,100,True
2bundesliga,2022,jahnregensburg,jregensburg,88,True
2bundesliga,2022,karlsruhersc,karlsruher,91,True
2bundesliga,2022,magdeburgo,magdeburgo,100,True
2bundesliga,2022,scpaderborn07,paderborn,82,True
2bundesliga,2022,spvgggreutherfurth,greutherfurth,84,True
2bundesliga,2022,svdarmstadt98,darmstadt98,92,True
2bundesliga,2022,svsandhausen,sandhausen,91,True
2bundesliga,2023,1fckaiserslautern,klautern,64,False
2bundesliga,2023,1fcnuremberg,nuremberg,86,True
2bundesliga,2023,eintrachtbraunschweigtsv,ebraunschweig,70,True
2bundesliga,2023,fchansarostock,hansarostock,92,True
2bundesliga,2023,fcstpauli,stpauli,88,True
2bundesliga,2023,fortunadusseldorf95,dusseldorf,69,False
2bundesliga,2023,hamburgersv,hamburgo,74,True
2bundesliga,2023,hannover96,hannover,89,True
2bundesliga,2023,herthaberlim,herthaberlim,100,True
2bundesliga,2023,holsteinkiel,holsteinkiel,100,True
2bundesliga,2023,karlsruhersc,karlsruher,91,True
2bundesliga,2023,magdeburgo,magdeburgo,100,True
2bundesliga,2023,schalke04,schalke,88,True
2bundesliga,2023,scpaderborn07,paderborn,82,True
2bundesliga,2023,spvgggreutherfurth,greutherfurth,84,True
2bundesliga,2023,sv07elversberg,svelversberg,92,True
2bundesliga,2023,svwehenwiesbaden,wehenwiesbaden,93,True
2bundesliga,2023,vflosnabruck,vflosnabruck,100,True
2bundesliga,2024,1fccolonia,colonia,82,True
2bundesliga,2024,1fckaiserslautern,klautern,64,False
2bundesliga,2024,1fcnuremberg,nuremberg,86,True
2bundesliga,2024,eintrachtbraunschweigtsv,ebraunschweig,70,True
2bundesliga,2024,fortunadusseldorf95,dusseldorf,69,False
2bundesliga,2024,hamburgersv,hamburgo,74,True
2bundesliga,2024,hannover96,hannover,89,True
2bundesliga,2024,herthaberlim,herthaberlim,100,True
2bundesliga,2024,jahnregensburg,jregensburg,88,True
2bundesliga,2024,karlsruhersc,karlsruher,91,True
2bundesliga,2024,magdeburgo,magdeburgo,100,True
2bundesliga,2024,preuenmunster,prmunster,82,True
2bundesliga,2024,schalke04,schalke,88,True
2bundesliga,2024,scpaderborn07,paderborn,82,True
2bundesliga,2024,spvgggreutherfurth,greutherfurth,84,True
2bundesliga,2024,ssvulm1846,ssvulm1846,100,True
2bundesliga,2024,sv07elversberg,svelversberg,92,True
2bundesliga,2024,svdarmstadt98,darmstadt98,92,True
bundesliga,1990,1fccolonia,colonia,82,True
bundesliga,1990,1fckaiserslautern,klautern,64,False
bundesliga,1990,1fcnuremberg,nuremberg,86,True
bundesliga,1990,bayer04leverkusen,leverkusen,74,True
bundesliga,1990,bayer05uerdingen,bayer05,61,False
bundesliga,1990,borussiadortmund,dortmund,67,False
bundesliga,1990,borussiamonchengladbach,mgladbach,56,False
bundesliga,1990,fcbayernmunique,bayern,57,False
bundesliga,1990,fcstpauli,stpauli,88,True
bundesliga,1990,fortunadusseldorf95,dusseldorf,69,False
bundesliga,1990,hamburgersv,hamburgo,74,True
bundesliga,1990,herthaberlim,herthaberlim,100,True
bundesliga,1990,karlsruhersc,karlsruher,91,True
bundesliga,1990,sgeintrachtfrankfurt,frankfurt,62,False
bundesliga,1990,sgwattenscheid09,wattenscheid09,93,True
bundesliga,1990,vfbstuttgart,stuttgart,86,True
bundesliga,1990,vflbochum,bochum,80,True
bundesliga,1990,werderbremen,werderbremen,100,True
bundesliga,1991,1fccolonia,colonia,82,True
bundesliga,1991,1fckaiserslautern,klautern,64,False
bundesliga,1991,1fcnuremberg,nuremberg,86,True
bundesliga,1991,bayer04leverkusen,leverkusen,74,True
bundesliga,1991,borussiadortmund,dortmund,67,False
bundesliga,1991,borussiamonchengladbach,mgladbach,56,False
bundesliga,1991,fcbayernmunique,bayern,57,False
bundesliga,1991,fchansarostock,hansarostock,92,True
bundesliga,1991,fortunadusseldorf95,dusseldorf,69,False
bundesliga,1991,hamburgersv,hamburgo,74,True
bundesliga,1991,karlsruhersc,karlsruher,91,True
bundesliga,1991,msvduisburg,msvduisburg,100,True
bundesliga,1991,schalke04,schalke,88,True
bundesliga,1991,sgdynamodresden,dynamodresden,93,True
bundesliga,1991,sgeintrachtfrankfurt,frankfurt,62,False
bundesliga,1991,sgwattenscheid09,wattenscheid09,93,True
bundesliga,1991,stuttgarterkickers,stuttgkickers,84,True
bundesliga,1991,vfbstuttgart,stuttgart,86,True
bundesliga,1991,vflbochum,bochum,80,True
bundesliga,1991,werderbremen,werderbremen,100,True
bundesliga,1992,1fccolonia,colonia,82,True
bundesliga,1992,1fckaiserslautern,klautern,64,False
bundesliga,1992,1fcnuremberg,nuremberg,86,True
bundesliga,1992,1fcsaarbrucken,saarbrucken,88,True
bundesliga,1992,bayer04leverkusen,leverkusen,74,True
bundesliga,1992,bayer05uerdingen,bayer05,61,False
bundesliga,1992,borussiadortmund,dortmund,67,False
bundesliga,1992,borussiamonchengladbach,mgladbach,56,False
bundesliga,1992,fcbayernmunique,bayern,57,False
bundesliga,1992,hamburgersv,hamburgo,74,True
bundesliga,1992,karlsruhersc,karlsruher,91,True
bundesliga,1992,schalke04,schalke,88,True
bundesliga,1992,sgdynamodresden,dynamodresden,93,True
bundesliga,1992,sgeintrachtfrankfurt,frankfurt,62,False
bundesliga,1992,sgwattenscheid09,wattenscheid09,93,True
bundesliga,1992,vfbstuttgart,stuttgart,86,True
bundesliga,1992,vflbochum,bochum,80,True
bundesliga,1992,werderbremen,werderbremen,100,True
bundesliga,1993,1fccolonia,colonia,82,True
bundesliga,1993,1fckaiserslautern,klautern,64,False
bundesliga,1993,1fcnuremberg,nuremberg,86,True
bundesliga,1993,bayer04leverkusen,leverkusen,74,True
bundesliga,1993,borussiadortmund,dortmund,67,False
bundesliga,1993,borussiamonchengladbach,mgladbach,56,False
bundesliga,1993,fcbayernmunique,bayern,57,False
bundesliga,1993,hamburgersv,hamburgo,74,True
bundesliga,1993,karlsruhersc,karlsruher,91,True
bundesliga,1993,msvduisburg,msvduisburg,100,True
bundesliga,1993,scfreiburg,freiburg,89,True
bundesliga,1993,schalke04,schalke,88,True
bundesliga,1993,sgdynamodresden,dynamodresden,93,True
bundesliga,1993,sgeintrachtfrankfurt,frankfurt,62,False
bundesliga,1993,sgwattenscheid09,wattenscheid09,93,True
bundesliga,1993,vfbleipzig,vfbleipzig,100,True
bundesliga,1993,vfbstuttgart,stuttgart,86,True
bundesliga,1993,werderbremen,werderbremen,100,True
bundesliga,1994,1fccolonia,colonia,82,True
bundesliga,1994,1fckaiserslautern,klautern,64,False
bundesliga,1994,bayer04leverkusen,leverkusen,74,True
bundesliga,1994,bayer05uerdingen,bayer05,61,False
bundesliga,1994,borussiadortmund,dortmund,67,False
bundesliga,1994,borussiamonchengladbach,mgladbach,56,False
bundesliga,1994,fcbayernmunique,bayern,57,False
bundesliga,1994,hamburgersv,hamburgo,74,True
bundesliga,1994,karlsruhersc,karlsruher,91,True
bundesliga,1994,msvduisburg,msvduisburg,100,True
bundesliga,1994,scfreiburg,freiburg,89,True
bundesliga,1994,schalke04,schalke,88,True
bundesliga,1994,sgdynamodresden,dynamodresden,93,True
bundesliga,1994,sgeintrachtfrankfurt,frankfurt,62,False
bundesliga,1994,tsv1860munique,1860munique,88,True
bundesliga,1994,vfbstuttgart,stuttgart,86,True
bundesliga,1994,vflbochum,bochum,80,True
bundesliga,1994,werderbremen,werderbremen,100,True
bundesliga,1995,1fccolonia,colonia,82,True
bundesliga,1995,1fckaiserslautern,klautern,64,False
bundesliga,1995,bayer04leverkusen,leverkusen,74,True
bundesliga,1995,borussiadortmund,dortmund,67,False
bundesliga,1995,borussiamonchengladbach,mgladbach,56,False
bundesliga,1995,fcbayernmunique,bayern,57,False
bundesliga,1995,fchansarostock,hansarostock,92,True
bundesliga,1995,fcstpauli,stpauli,88,True
bundesliga,1995,fortunadusseldorf95,dusseldorf,69,False
bundesliga,1995,hamburgersv,hamburgo,74,True
bundesliga,1995,karlsruhersc,karlsruher,91,True
bundesliga,1995,kfcuerdingen05,kfcuerdingen,92,True
bundesliga,1995,scfreiburg,freiburg,89,True
bundesliga,1995,schalke04,schalke,88,True
bundesliga,1995,sgeintrachtfrankfurt,frankfurt,62,False
bundesliga,1995,tsv1860munique,1860munique,88,True
bundesliga,1995,vfbstuttgart,stuttgart,86,True
bundesliga,1995,werderbremen,werderbremen,100,True
bundesliga,1996,1fccolonia,colonia,82,True
bundesliga,1996,arminiabielefeld,armbielefeld,86,True
bundesliga,1996,bayer04leverkusen,leverkusen,74,True
bundesliga,1996,borussiadortmund,dortmund,67,False
bundesliga,1996,borussiamonchengladbach,mgladbach,56,False
bundesliga,1996,fcbayernmunique,bayern,57,False
bundesliga,1996,fchansarostock,hansarostock,92,True
bundesliga,1996,fcstpauli,stpauli,88,True
bundesliga,1996,fortunadusseldorf95,dusseldorf,69,False
bundesliga,1996,hamburgersv,hamburgo,74,True
bundesliga,1996,karlsruhersc,karlsruher,91,True
bundesliga,1996,msvduisburg,msvduisburg,100,True
bundesliga,1996,scfreiburg,freiburg,89,True
bundesliga,1996,schalke04,schalke,88,True
bundesliga,1996,tsv1860munique,1860munique,88,True
bundesliga,1996,vfbstuttgart,stuttgart,86,True
bundesliga,1996,vflbochum,bochum,80,True
bundesliga,1996,werderbremen,werderbremen,100,True
bundesliga,1997,1fccolonia,colonia,82,True
bundesliga,1997,1fckaiserslautern,klautern,64,False
bundesliga,1997,arminiabielefeld,armbielefeld,86,True
bundesliga,1997,bayer04leverkusen,leverkusen,74,True
bundesliga,1997,borussiadortmund,dortmund,67,False
bundesliga,1997,borussiamonchengladbach,mgladbach,56,False
bundesliga,1997,fcbayernmunique,bayern,57,False
bundesliga,1997,fchansarostock,hansarostock,92,True
bundesliga,1997,hamburgersv,hamburgo,74,True
bundesliga,1997,herthaberlim,herthaberlim,100,True
bundesliga,1997,karlsruhersc,karlsruher,91,True
bundesliga,1997,msvduisburg,msvduisburg,100,True
bundesliga,1997,schalke04,schalke,88,True
bundesliga,1997,tsv1860munique,1860munique,88,True
bundesliga,1997,vfbstuttgart,stuttgart,86,True
bundesliga,1997,vflbochum,bochum,80,True
bundesliga,1997,vflwolfsburg,wolfsburg,86,True
bundesliga,1997,werderbremen,werderbremen,100,True
bundesliga,1998,1fckaiserslautern,klautern,64,False
bundesliga,1998,1fcnuremberg,nuremberg,86,True
bundesliga,1998,bayer04leverkusen,leverkusen,74,True
bundesliga,1998,borussiadortmund,dortmund,67,False
bundesliga,1998,borussiamonchengladbach,mgladbach,56,False
bundesliga,1998,fcbayernmunique,bayern,57,False
bundesliga,1998,fchansarostock,hansarostock,92,True
bundesliga,1998,hamburgersv,hamburgo,74,True
bundesliga,1998,herthaberlim,herthaberlim,100,True
bundesliga,1998,msvduisburg,msvduisburg,100,True
bundesliga,1998,scfreiburg,freiburg,89,True
bundesliga,1998,schalke04,schalke,88,True
bundesliga,1998,sgeintrachtfrankfurt,frankfurt,62,False
bundesliga,1998,tsv1860munique,1860munique,88,True
bundesliga,1998,vfbstuttgart,stuttgart,86,True
bundesliga,1998,vflbochum,bochum,80,True
bundesliga,1998,vflwolfsburg,wolfsburg,86,True
bundesliga,1998,werderbremen,werderbremen,100,True
bundesliga,1999,1fckaiserslautern,klautern,64,False
bundesliga,1999,arminiabielefeld,armbielefeld,86,True
bundesliga,1999,bayer04leverkusen,leverkusen,74,True
bundesliga,1999,borussiadortmund,dortmund,67,False
bundesliga,1999,fcbayernmunique,bayern,57,False
bundesliga,1999,fchansarostock,hansarostock,92,True
bundesliga,1999,hamburgersv,hamburgo,74,True
bundesliga,1999,herthaberlim,herthaberlim,100,True
bundesliga,1999,msvduisburg,msvduisburg,100,True
bundesliga,1999,scfreiburg,freiburg,89,True
bundesliga,1999,schalke04,schalke,88,True
bundesliga,1999,sgeintrachtfrankfurt,frankfurt,62,False
bundesliga,1999,spvggunterhaching,unterhaching,83,True
bundesliga,1999,ssvulm1846,ssvulm1846,100,True
bundesliga,1999,tsv1860munique,1860munique,88,True
bundesliga,1999,vfbstuttgart,stuttgart,86,True
bundesliga,1999,vflwolfsburg,wolfsburg,86,True
bundesliga,1999,werderbremen,werderbremen,100,True
bundesliga,2000,1fccolonia,colonia,82,True
bundesliga,2000,1fckaiserslautern,klautern,64,False
bundesliga,2000,bayer04leverkusen,leverkusen,74,True
bundesliga,2000,borussiadortmund,dortmund,67,False
bundesliga,2000,fcbayernmunique,bayern,57,False
bundesliga,2000,fcenergiecottbus,energcottbus,86,True
bundesliga,2000,fchansarostock,hansarostock,92,True
bundesliga,2000,hamburgersv,hamburgo,74,True
bundesliga,2000,herthaberlim,herthaberlim,100,True
bundesliga,2000,scfreiburg,freiburg,89,True
bundesliga,2000,schalke04,schalke,88,True
bundesliga,2000,sgeintrachtfrankfurt,frankfurt,62,False
bundesliga,2000,spvggunterhaching,unterhaching,83,True
bundesliga,2000,tsv1860munique,1860munique,88,True
bundesliga,2000,vfbstuttgart,stuttgart,86,True
bundesliga,2000,vflbochum,bochum,80,True
bundesliga,2000,vflwolfsburg,wolfsburg,86,True
bundesliga,2000,werderbremen,werderbremen,100,True
bundesliga,2001,1fccolonia,colonia,82,True
bundesliga,2001,1fckaiserslautern,klautern,64,False
bundesliga,2001,1fcnuremberg,nuremberg,86,True
bundesliga,2001,bayer04leverkusen,leverkusen,74,True
bundesliga,2001,borussiadortmund,dortmund,67,False
bundesliga,2001,borussiamonchengladbach,mgladbach,56,False
bundesliga,2001,fcbayernmunique,bayern,57,False
bundesliga,2001,fcenergiecottbus,energcottbus,86,True
bundesliga,2001,fchansarostock,hansarostock,92,True
bundesliga,2001,fcstpauli,stpauli,88,True
bundesliga,2001,hamburgersv,hamburgo,74,True
bundesliga,2001,herthaberlim,herthaberlim,100,True
bundesliga,2001,scfreiburg,freiburg,89,True
bundesliga,2001,schalke04,schalke,88,True
bundesliga,2001,tsv1860munique,1860munique,88,True
bundesliga,2001,vfbstuttgart,stuttgart,86,True
bundesliga,2001,vflwolfsburg,wolfsburg,86,True
bundesliga,2001,werderbremen,werderbremen,100,True
bundesliga,2002,1fckaiserslautern,klautern,64,False
bundesliga,2002,1fcnuremberg,nuremberg,86,True
bundesliga,2002,arminiabielefeld,armbielefeld,86,True
bundesliga,2002,bayer04leverkusen,leverkusen,74,True
bundesliga,2002,borussiadortmund,dortmund,67,False
bundesliga,2002,borussiamonchengladbach,mgladbach,56,False
bundesliga,2002,fcbayernmunique,bayern,57,False
bundesliga,2002,fcenergiecottbus,energcottbus,86,True
bundesliga,2002,fchansarostock,hansarostock,92,True
bundesliga,2002,hamburgersv,hamburgo,74,True
bundesliga,2002,hannover96,hannover,89,True
bundesliga,2002,herthaberlim,herthaberlim,100,True
bundesliga,2002,schalke04,schalke,88,True
bundesliga,2002,tsv1860munique,1860munique,88,True
bundesliga,2002,vfbstuttgart,stuttgart,86,True
bundesliga,2002,vflbochum,bochum,80,True
bundesliga,2002,vflwolfsburg,wolfsburg,86,True
bundesliga,2002,werderbremen,werderbremen,100,True
bundesliga,2003,1fccolonia,colonia,82,True
bundesliga,2003,1fckaiserslautern,klautern,64,False
bundesliga,2003,bayer04leverkusen,leverkusen,74,True
bundesliga,2003,borussiadortmund,dortmund,67,False
bundesliga,2003,borussiamonchengladbach,mgladbach,56,False
bundesliga,2003,fcbayernmunique,bayern,57,False
bundesliga,2003,fchansarostock,hansarostock,92,True
bundesliga,2003,hamburgersv,hamburgo,74,True
bundesliga,2003,hannover96,hannover,89,True
bundesliga,2003,herthaberlim,herthaberlim,100,True
bundesliga,2003,scfreiburg,freiburg,89,True
bundesliga,2003,schalke04,schalke,88,True
bundesliga,2003,sgeintrachtfrankfurt,frankfurt,62,False
bundesliga,2003,tsv1860munique,1860munique,88,True
bundesliga,2003,vfbstuttgart,stuttgart,86,True
bundesliga,2003,vflbochum,bochum,80,True
bundesliga,2003,vflwolfsburg,wolfsburg,86,True
bundesliga,2003,werderbremen,werderbremen,100,True
bundesliga,2004,1fckaiserslautern,klautern,64,False
bundesliga,2004,1fcnuremberg,nuremberg,86,True
bundesliga,2004,1fsvmainz05,mainz,62,False
bundesliga,2004,arminiabielefeld,armbielefeld,86,True
bundesliga,2004,bayer04leverkusen,leverkusen,74,True
bundesliga,2004,borussiadortmund,dortmund,67,False
bundesliga,2004,borussiamonchengladbach,mgladbach,56,False
bundesliga,2004,fcbayernmunique,bayern,57,False
bundesliga,2004,fchansarostock,hansarostock,92,True
bundesliga,2004,hamburgersv,hamburgo,74,True
bundesliga,2004,hannover96,hannover,89,True
bundesliga,2004,herthaberlim,herthaberlim,100,True
bundesliga,2004,scfreiburg,freiburg,89,True
bundesliga,2004,schalke04,schalke,88,True
bundesliga,2004,vfbstuttgart,stuttgart,86,True
bundesliga,2004,vflbochum,bochum,80,True
bundesliga,2004,vflwolfsburg,wolfsburg,86,True
bundesliga,2004,werderbremen,werderbremen,100,True
bundesliga,2005,1fccolonia,colonia,82,True
bundesliga,2005,1fckaiserslautern,klautern,64,False
bundesliga,2005,1fcnuremberg,nuremberg,86,True
bundesliga,2005,1fsvmainz05,mainz,62,False
bundesliga,2005,arminiabielefeld,armbielefeld,86,True
bundesliga,2005,bayer04leverkusen,leverkusen,74,True
bundesliga,2005,borussiadortmund,dortmund,67,False
bundesliga,2005,borussiamonchengladbach,mgladbach,56,False
bundesliga,2005,fcbayernmunique,bayern,57,False
bundesliga,2005,hamburgersv,hamburgo,74,True
bundesliga,2005,hannover96,hannover,89,True
bundesliga,2005,herthaberlim,herthaberlim,100,True
bundesliga,2005,msvduisburg,msvduisburg,100,True
bundesliga,2005,schalke04,schalke,88,True
bundesliga,2005,sgeintrachtfrankfurt,frankfurt,62,False
bundesliga,2005,vfbstuttgart,stuttgart,86,True
bundesliga,2005,vflwolfsburg,wolfsburg,86,True
bundesliga,2005,werderbremen,werderbremen,100,True
bundesliga,2006,1fcnuremberg,nuremberg,86,True
bundesliga,2006,1fsvmainz05,mainz,62,False
bundesliga,2006,alemanniaaachen,alemaachen,80,True
bundesliga,2006,arminiabielefeld,armbielefeld,86,True
bundesliga,2006,bayer04leverkusen,leverkusen,74,True
bundesliga,2006,borussiadortmund,dortmund,67,False
bundesliga,2006,borussiamonchengladbach,mgladbach,56,False
bundesliga,2006,fcbayernmunique,bayern,57,False
bundesliga,2006,fcenergiecottbus,energcottbus,86,True
bundesliga,2006,hamburgersv,hamburgo,74,True
bundesliga,2006,hannover96,hannover,89,True
bundesliga,2006,herthaberlim,herthaberlim,100,True
bundesliga,2006,schalke04,schalke,88,True
bundesliga,2006,sgeintrachtfrankfurt,frankfurt,62,False
bundesliga,2006,vfbstuttgart,stuttgart,86,True
bundesliga,2006,vflbochum,bochum,80,True
bundesliga,2006,vflwolfsburg,wolfsburg,86,True
bundesliga,2006,werderbremen,werderbremen,100,True
bundesliga,2007,1fcnuremberg,nuremberg,86,True
bundesliga,2007,arminiabielefeld,armbielefeld,86,True
bundesliga,2007,bayer04leverkusen,leverkusen,74,True
bundesliga,2007,borussiadortmund,dortmund,67,False
bundesliga,2007,fcbayernmunique,bayern,57,False
bundesliga,2007,fcenergiecottbus,energcottbus,86,True
bundesliga,2007,fchansarostock,hansarostock,92,True
bundesliga,2007,hamburgersv,hamburgo,74,True
bundesliga,2007,hannover96,hannover,89,True
bundesliga,2007,herthaberlim,herthaberlim,100,True
bundesliga,2007,karlsruhersc,karlsruher,91,True
bundesliga,2007,msvduisburg,msvduisburg,100,True
bundesliga,2007,schalke04,schalke,88,True
bundesliga,2007,sgeintrachtfrankfurt,frankfurt,62,False
bundesliga,2007,vfbstuttgart,stuttgart,86,True
bundesliga,2007,vflbochum,bochum,80,True
bundesliga,2007,vflwolfsburg,wolfsburg,86,True
bundesliga,2007,werderbremen,werderbremen,100,True
bundesliga,2008,1fccolonia,colonia,82,True
bundesliga,2008,arminiabielefeld,armbielefeld,86,True
bundesliga,2008,bayer04leverkusen,leverkusen,74,True
bundesliga,2008,borussiadortmund,dortmund,67,False
bundesliga,2008,borussiamonchengladbach,mgladbach,56,False
bundesliga,2008,fcbayernmunique,bayern,57,False
bundesliga,2008,fcenergiecottbus,energcottbus,86,True
bundesliga,2008,hamburgersv,hamburgo,74,True
bundesliga,2008,hannover96,hannover,89,True
bundesliga,2008,herthaberlim,herthaberlim,100,True
bundesliga,2008,karlsruhersc,karlsruher,91,True
bundesliga,2008,schalke04,schalke,88,True
bundesliga,2008,sgeintrachtfrankfurt,frankfurt,62,False
bundesliga,2008,tsg1899hoffenheim,hoffenheim,74,True
bundesliga,2008,vfbstuttgart,stuttgart,86,True
bundesliga,2008,vflbochum,bochum,80,True
bundesliga,2008,vflwolfsburg,wolfsburg,86,True
bundesliga,2008,werderbremen,werderbremen,100,True
bundesliga,2009,1fccolonia,colonia,82,True
bundesliga,2009,1fcnuremberg,nuremberg,86,True
bundesliga,2009,1fsvmainz05,mainz,62,False
bundesliga,2009,bayer04leverkusen,leverkusen,74,True
bundesliga,2009,borussiadortmund,dortmund,67,False
bundesliga,2009,borussiamonchengladbach,mgladbach,56,False
bundesliga,2009,fcbayernmunique,bayern,57,False
bundesliga,2009,hamburgersv,hamburgo,74,True
bundesliga,2009,hannover96,hannover,89,True
bundesliga,2009,herthaberlim,herthaberlim,100,True
bundesliga,2009,scfreiburg,freiburg,89,True
bundesliga,2009,schalke04,schalke,88,True
bundesliga,2009,sgeintrachtfrankfurt,frankfurt,62,False
bundesliga,2009,tsg1899hoffenheim,hoffenheim,74,True
bundesliga,2009,vfbstuttgart,stuttgart,86,True
bundesliga,2009,vflbochum,bochum,80,True
bundesliga,2009,vflwolfsburg,wolfsburg,86,True
bundesliga,2009,werderbremen,werderbremen,100,True
bundesliga,2010,1fccolonia,colonia,82,True
bundesliga,2010,1fckaiserslautern,klautern,64,False
bundesliga,2010,1fcnuremberg,nuremberg,86,True
bundesliga,2010,1fsvmainz05,mainz,62,False
bundesliga,2010,bayer04leverkusen,leverkusen,74,True
bundesliga,2010,borussiadortmund,dortmund,67,False
bundesliga,2010,borussiamonchengladbach,mgladbach,56,False
bundesliga,2010,fcbayernmunique,bayern,57,False
bundesliga,2010,fcstpauli,stpauli,88,True
bundesliga,2010,hamburgersv,hamburgo,74,True
bundesliga,2010,hannover96,hannover,89,True
bundesliga,2010,scfreiburg,freiburg,89,True
bundesliga,2010,schalke04,schalke,88,True
bundesliga,2010,sgeintrachtfrankfurt,frankfurt,62,False
bundesliga,2010,tsg1899hoffenheim,hoffenheim,74,True
bundesliga,2010,vfbstuttgart,stuttgart,86,True
bundesliga,2010,vflwolfsburg,wolfsburg,86,True
bundesliga,2010,werderbremen,werderbremen,100,True
bundesliga,2011,1fccolonia,colonia,82,True
bundesliga,2011,1fckaiserslautern,klautern,64,False
bundesliga,2011,1fcnuremberg,nuremberg,86,True
bundesliga,2011,1fsvmainz05,mainz,62,False
bundesliga,2011,bayer04leverkusen,leverkusen,74,True
bundesliga,2011,borussiadortmund,dortmund,67,False
bundesliga,2011,borussiamonchengladbach,mgladbach,56,False
bundesliga,2011,fcaugsburg,augsburg,89,True
bundesliga,2011,fcbayernmunique,bayern,57,False
bundesliga,2011,hamburgersv,hamburgo,74,True
bundesliga,2011,hannover96,hannover,89,True
bundesliga,2011,herthaberlim,herthaberlim,100,True
bundesliga,2011,scfreiburg,freiburg,89,True
bundesliga,2011,schalke04,schalke,88,True
bundesliga,2011,tsg1899hoffenheim,hoffenheim,74,True
bundesliga,2011,vfbstuttgart,stuttgart,86,True
bundesliga,2011,vflwolfsburg,wolfsburg,86,True
bundesliga,2011,werderbremen,werderbremen,100,True
bundesliga,2012,1fcnuremberg,nuremberg,86,True
bundesliga,2012,1fsvmainz05,mainz,62,False
bundesliga,2012,bayer04leverkusen,leverkusen,74,True
bundesliga,2012,borussiadortmund,dortmund,67,False
bundesliga,2012,borussiamonchengladbach,mgladbach,56,False
bundesliga,2012,fcaugsburg,augsburg,89,True
bundesliga,2012,fcbayernmunique,bayern,57,False
bundesliga,2012,fortunadusseldorf95,dusseldorf,69,False
bundesliga,2012,hamburgersv,hamburgo,74,True
bundesliga,2012,hannover96,hannover,89,True
bundesliga,2012,scfreiburg,freiburg,89,True
bundesliga,2012,schalke04,schalke,88,True
bundesliga,2012,sgeintrachtfrankfurt,frankfurt,62,False
bundesliga,2012,spvgggreutherfurth,greutherfurth,84,True
bundesliga,2012,tsg1899hoffenheim,hoffenheim,74,True
bundesliga,2012,vfbstuttgart,stuttgart,86,True
bundesliga,2012,vflwolfsburg,wolfsburg,86,True
bundesliga,2012,werderbremen,werderbremen,100,True
bundesliga,2013,1fcnuremberg,nuremberg,86,True
bundesliga,2013,1fsvmainz05,mainz,62,False
bundesliga,2013,bayer04leverkusen,leverkusen,74,True
bundesliga,2013,borussiadortmund,dortmund,67,False
bundesliga,2013,borussiamonchengladbach,mgladbach,56,False
bundesliga,2013,eintrachtbraunschweigtsv,ebraunschweig,70,True
bundesliga,2013,fcaugsburg,augsburg,89,True
bundesliga,2013,fcbayernmunique,bayern,57,False
bundesliga,2013,hamburgersv,hamburgo,74,True
bundesliga,2013,hannover96,hannover,89,True
bundesliga,2013,herthaberlim,herthaberlim,100,True
bundesliga,2013,scfreiburg,freiburg,89,True
bundesliga,2013,schalke04,schalke,88,True
bundesliga,2013,sgeintrachtfrankfurt,frankfurt,62,False
bundesliga,2013,tsg1899hoffenheim,hoffenheim,74,True
bundesliga,2013,vfbstuttgart,stuttgart,86,True
bundesliga,2013,vflwolfsburg,wolfsburg,86,True
bundesliga,2013,werderbremen,werderbremen,100,True
bundesliga,2014,1fccolonia,colonia,82,True
bundesliga,2014,1fsvmainz05,mainz,62,False
bundesliga,2014,bayer04leverkusen,leverkusen,74,True
bundesliga,2014,borussiadortmund,dortmund,67,False
bundesliga,2014,borussiamonchengladbach,mgladbach,56,False
bundesliga,2014,fcaugsburg,augsburg,89,True
bundesliga,2014,fcbayernmunique,bayern,57,False
bundesliga,2014,hamburgersv,hamburgo,74,True
bundesliga,2014,hannover96,hannover,89,True
bundesliga,2014,herthaberlim,herthaberlim,100,True
bundesliga,2014,scfreiburg,freiburg,89,True
bundesliga,2014,schalke04,schalke,88,True
bundesliga,2014,scpaderborn07,paderborn,82,True
bundesliga,2014,sgeintrachtfrankfurt,frankfurt,62,False
bundesliga,2014,tsg1899hoffenheim,hoffenheim,74,True
bundesliga,2014,vfbstuttgart,stuttgart,86,True
bundesliga,2014,vflwolfsburg,wolfsburg,86,True
bundesliga,2014,werderbremen,werderbremen,100,True
bundesliga,2015,1fccolonia,colonia,82,True
bundesliga,2015,1fsvmainz05,mainz,62,False
bundesliga,2015,bayer04leverkusen,leverkusen,74,True
bundesliga,2015,borussiadortmund,dortmund,67,False
bundesliga,2015,borussiamonchengladbach,mgladbach,56,False
bundesliga,2015,fcaugsburg,augsburg,89,True
bundesliga,2015,fcbayernmunique,bayern,57,False
bundesliga,2015,fcingolstadt04,ingolstadt,83,True
bundesliga,2015,hamburgersv,hamburgo,74,True
bundesliga,2015,hannover96,hannover,89,True
bundesliga,2015,herthaberlim,herthaberlim,100,True
bundesliga,2015,schalke04,schalke,88,True
bundesliga,2015,sgeintrachtfrankfurt,frankfurt,62,False
bundesliga,2015,svdarmstadt98,darmstadt98,92,True
bundesliga,2015,tsg1899hoffenheim,hoffenheim,74,True
bundesliga,2015,vfbstuttgart,stuttgart,86,True
bundesliga,2015,vflwolfsburg,wolfsburg,86,True
bundesliga,2015,werderbremen,werderbremen,100,True
bundesliga,2016,1fccolonia,colonia,82,True
bundesliga,2016,1fsvmainz05,mainz,62,False
bundesliga,2016,bayer04leverkusen,leverkusen,74,True
bundesliga,2016,borussiadortmund,dortmund,67,False
bundesliga,2016,borussiamonchengladbach,mgladbach,56,False
bundesliga,2016,fcaugsburg,augsburg,89,True
bundesliga,2016,fcbayernmunique,bayern,57,False
bundesliga,2016,fcingolstadt04,ingolstadt,83,True
bundesliga,2016,hamburgersv,hamburgo,74,True
bundesliga,2016,herthaberlim,herthaberlim,100,True
bundesliga,2016,rbleipzig,leipzig,88,True
bundesliga,2016,scfreiburg,freiburg,89,True
bundesliga,2016,schalke04,schalke,88,True
bundesliga,2016,sgeintrachtfrankfurt,frankfurt,62,False
bundesliga,2016,svdarmstadt98,darmstadt98,92,True
bundesliga,2016,tsg1899hoffenheim,hoffenheim,74,True
bundesliga,2016,vflwolfsburg,wolfsburg,86,True
bundesliga,2016,werderbremen,werderbremen,100,True
bundesliga,2017,1fccolonia,colonia,82,True
bundesliga,2017,1fsvmainz05,mainz,62,False
bundesliga,2017,bayer04leverkusen,leverkusen,74,True
bundesliga,2017,borussiadortmund,dortmund,67,False
bundesliga,2017,borussiamonchengladbach,mgladbach,56,False
bundesliga,2017,fcaugsburg,augsburg,89,True
bundesliga,2017,fcbayernmunique,bayern,57,False
bundesliga,2017,hamburgersv,hamburgo,74,True
bundesliga,2017,hannover96,hannover,89,True
bundesliga,2017,herthaberlim,herthaberlim,100,True
bundesliga,2017,rbleipzig,leipzig,88,True
bundesliga,2017,scfreiburg,freiburg,89,True
bundesliga,2017,schalke04,schalke,88,True
bundesliga,2017,sgeintrachtfrankfurt,frankfurt,62,False
bundesliga,2017,tsg1899hoffenheim,hoffenheim,74,True
bundesliga,2017,vfbstuttgart,stuttgart,86,True
bundesliga,2017,vflwolfsburg,wolfsburg,86,True
bundesliga,2017,werderbremen,werderbremen,100,True
bundesliga,2018,1fcnuremberg,nuremberg,86,True
bundesliga,2018,1fsvmainz05,mainz,62,False
bundesliga,2018,bayer04leverkusen,leverkusen,74,True
bundesliga,2018,borussiadortmund,dortmund,67,False
bundesliga,2018,borussiamonchengladbach,mgladbach,56,False
bundesliga,2018,fcaugsburg,augsburg,89,True
bundesliga,2018,fcbayernmunique,bayern,57,False
bundesliga,2018,fortunadusseldorf95,dusseldorf,69,False
bundesliga,2018,hannover96,hannover,89,True
bundesliga,2018,herthaberlim,herthaberlim,100,True
bundesliga,2018,rbleipzig,leipzig,88,True
bundesliga,2018,scfreiburg,freiburg,89,True
bundesliga,2018,schalke04,schalke,88,True
bundesliga,2018,sgeintrachtfrankfurt,frankfurt,62,False
bundesliga,2018,tsg1899hoffenheim,hoffenheim,74,True
bundesliga,2018,vfbstuttgart,stuttgart,86,True
bundesliga,2018,vflwolfsburg,wolfsburg,86,True
bundesliga,2018,werderbremen,werderbremen,100,True
bundesliga,2019,1fccolonia,colonia,82,True
bundesliga,2019,1fcunionberlim,unionberlim,88,True
bundesliga,2019,1fsvmainz05,mainz,62,False
bundesliga,2019,bayer04leverkusen,leverkusen,74,True
bundesliga,2019,borussiadortmund,dortmund,67,False
bundesliga,2019,borussiamonchengladbach,mgladbach,56,False
bundesliga,2019,fcaugsburg,augsburg,89,True
bundesliga,2019,fcbayernmunique,bayern,57,False
bundesliga,2019,fortunadusseldorf95,dusseldorf,69,False
bundesliga,2019,herthaberlim,herthaberlim,100,True
bundesliga,2019,rbleipzig,leipzig,88,True
bundesliga,2019,scfreiburg,freiburg,89,True
bundesliga,2019,schalke04,schalke,88,True
bundesliga,2019,scpaderborn07,paderborn,82,True
bundesliga,2019,sgeintrachtfrankfurt,frankfurt,62,False
bundesliga,2019,tsg1899hoffenheim,hoffenheim,74,True
bundesliga,2019,vflwolfsburg,wolfsburg,86,True
bundesliga,2019,werderbremen,werderbremen,100,True
bundesliga,2020,1fccolonia,colonia,82,True
bundesliga,2020,1fcunionberlim,unionberlim,88,True
bundesliga,2020,1fsvmainz05,mainz,62,False
bundesliga,2020,arminiabielefeld,armbielefeld,86,True
bundesliga,2020,bayer04leverkusen,leverkusen,74,True
bundesliga,2020,borussiadortmund,dortmund,67,False
bundesliga,2020,borussiamonchengladbach,mgladbach,56,False
bundesliga,2020,fcaugsburg,augsburg,89,True
bundesliga,2020,fcbayernmunique,bayern,57,False
bundesliga,2020,herthaberlim,herthaberlim,100,True
bundesliga,2020,rbleipzig,leipzig,88,True
bundesliga,2020,scfreiburg,freiburg,89,True
bundesliga,2020,schalke04,schalke,88,True
bundesliga,2020,sgeintrachtfrankfurt,frankfurt,62,False
bundesliga,2020,tsg1899hoffenheim,hoffenheim,74,True
bundesliga,2020,vfbstuttgart,stuttgart,86,True
bundesliga,2020,vflwolfsburg,wolfsburg,86,True
bundesliga,2020,werderbremen,werderbremen,100,True
bundesliga,2021,1fccolonia,colonia,82,True
bundesliga,2021,1fcunionberlim,unionberlim,88,True
bundesliga,2021,1fsvmainz05,mainz,62,False
bundesliga,2021,arminiabielefeld,armbielefeld,86,True
bundesliga,2021,bayer04leverkusen,leverkusen,74,True
bundesliga,2021,borussiadortmund,dortmund,67,False
bundesliga,2021,borussiamonchengladbach,mgladbach,56,False
bundesliga,2021,fcaugsburg,augsburg,89,True
bundesliga,2021,fcbayernmunique,bayern,57,False
bundesliga,2021,herthaberlim,herthaberlim,100,True
bundesliga,2021,rbleipzig,leipzig,88,True
bundesliga,2021,scfreiburg,freiburg,89,True
bundesliga,2021,sgeintrachtfrankfurt,frankfurt,62,False
bundesliga,2021,spvgggreutherfurth,greutherfurth,84,True
bundesliga,2021,tsg1899hoffenheim,hoffenheim,74,True
bundesliga,2021,vfbstuttgart,stuttgart,86,True
bundesliga,2021,vflbochum,bochum,80,True
bundesliga,2021,vflwolfsburg,wolfsburg,86,True
bundesliga,2022,1fccolonia,colonia,82,True
bundesliga,2022,1fcunionberlim,unionberlim,88,True
bundesliga,2022,1fsvmainz05,mainz,62,False
bundesliga,2022,bayer04leverkusen,leverkusen,74,True
bundesliga,2022,borussiadortmund,dortmund,67,False
bundesliga,2022,borussiamonchengladbach,mgladbach,56,False
bundesliga,2022,fcaugsburg,augsburg,89,True
bundesliga,2022,fcbayernmunique,bayern,57,False
bundesliga,2022,herthaberlim,herthaberlim,100,True
bundesliga,2022,rbleipzig,leipzig,88,True
bundesliga,2022,scfreiburg,freiburg,89,True
bundesliga,2022,schalke04,schalke,88,True
bundesliga,2022,sgeintrachtfrankfurt,frankfurt,62,False
bundesliga,2022,tsg1899hoffenheim,hoffenheim,74,True
bundesliga,2022,vfbstuttgart,stuttgart,86,True
bundesliga,2022,vflbochum,bochum,80,True
bundesliga,2022,vflwolfsburg,wolfsburg,86,True
bundesliga,2022,werderbremen,werderbremen,100,True
bundesliga,2023,1fccolonia,colonia,82,True
bundesliga,2023,1fcheidenheim1846,heidenheim,74,True
bundesliga,2023,1fcunionberlim,unionberlim,88,True
bundesliga,2023,1fsvmainz05,mainz,62,False
bundesliga,2023,bayer04leverkusen,leverkusen,74,True
bundesliga,2023,borussiadortmund,dortmund,67,False
bundesliga,2023,borussiamonchengladbach,mgladbach,56,False
bundesliga,2023,fcaugsburg,augsburg,89,True
bundesliga,2023,fcbayernmunique,bayern,57,False
bundesliga,2023,rbleipzig,leipzig,88,True
bundesliga,2023,scfreiburg,freiburg,89,True
bundesliga,2023,sgeintrachtfrankfurt,frankfurt,62,False
bundesliga,2023,svdarmstadt98,darmstadt98,92,True
bundesliga,2023,tsg1899hoffenheim,hoffenheim,74,True
bundesliga,2023,vfbstuttgart,stuttgart,86,True
bundesliga,2023,vflbochum,bochum,80,True
bundesliga,2023,vflwolfsburg,wolfsburg,86,True
bundesliga,2023,werderbremen,werderbremen,100,True
bundesliga,2024,1fcheidenheim1846,heidenheim,74,True
bundesliga,2024,1fcunionberlim,unionberlim,88,True
bundesliga,2024,1fsvmainz05,mainz,62,False
bundesliga,2024,bayer04leverkusen,leverkusen,74,True
bundesliga,2024,borussiadortmund,dortmund,67,False
bundesliga,2024,borussiamonchengladbach,mgladbach,56,False
bundesliga,2024,fcaugsburg,augsburg,89,True
bundesliga,2024,fcbayernmunique,bayern,57,False
bundesliga,2024,fcstpauli,stpauli,88,True
bundesliga,2024,holsteinkiel,holsteinkiel,100,True
bundesliga,2024,rbleipzig,leipzig,88,True
bundesliga,2024,scfreiburg,freiburg,89,True
bundesliga,2024,sgeintrachtfrankfurt,frankfurt,62,False
bundesliga,2024,tsg1899hoffenheim,hoffenheim,74,True
bundesliga,2024,vfbstuttgart,stuttgart,86,True
bundesliga,2024,vflbochum,bochum,80,True
bundesliga,2024,vflwolfsburg,wolfsburg,86,True
bundesliga,2024,werderbremen,werderbremen,100,True
campeonatobrasileiroseriea,2006,aapontepreta,pontepreta,91,True
campeonatobrasileiroseriea,2006,adsaocaetano,saocaetano,91,True
campeonatobrasileiroseriea,2006,botafogofr,botafogo,89,True
campeonatobrasileiroseriea,2006,clubeatleticoparanaense,atleticopr,61,False
campeonatobrasileiroseriea,2006,crflamengo,flamengo,89,True
campeonatobrasileiroseriea,2006,cruzeiroec,cruzeiro,89,True
campeonatobrasileiroseriea,2006,crvascodagama,vascodagama,92,True
campeonatobrasileiroseriea,2006,ecjuventude,juventude,90,True
campeonatobrasileiroseriea,2006,figueirensefc,figueirense,92,True
campeonatobrasileiroseriea,2006,fluminensefc,fluminense,91,True
campeonatobrasileiroseriea,2006,fortalezaec,fortaleza,90,True
campeonatobrasileiroseriea,2006,goiasec,goias,83,True
campeonatobrasileiroseriea,2006,gremiofbpa,gremio,75,True
campeonatobrasileiroseriea,2006,paranaclube,parana,71,True
campeonatobrasileiroseriea,2006,santacruzfc,santacruz,90,True
campeonatobrasileiroseriea,2006,santosfc,santos,86,True
campeonatobrasileiroseriea,2006,saopaulofc,saopaulo,89,True
campeonatobrasileiroseriea,2006,sccorinthians,corinthians,92,True
campeonatobrasileiroseriea,2006,scinternacional,internacional,93,True
campeonatobrasileiroseriea,2006,sepalmeiras,palmeiras,90,True
campeonatobrasileiroseriea,2007,atleticomineiro,atleticomg,101,True
campeonatobrasileiroseriea,2007,americafc,americarn,78,True
campeonatobrasileiroseriea,2007,botafogofr,botafogo,89,True
campeonatobrasileiroseriea,2007,clubeatleticoparanaense,atleticopr,61,False
campeonatobrasileiroseriea,2007,crflamengo,flamengo,89,True
campeonatobrasileiroseriea,2007,cruzeiroec,cruzeiro,89,True
campeonatobrasileiroseriea,2007,crvascodagama,vascodagama,92,True
campeonatobrasileiroseriea,2007,ecjuventude,juventude,90,True
campeonatobrasileiroseriea,2007,figueirensefc,figueirense,92,True
campeonatobrasileiroseriea,2007,fluminensefc,fluminense,91,True
campeonatobrasileiroseriea,2007,goiasec,goias,83,True
campeonatobrasileiroseriea,2007,gremiofbpa,gremio,75,True
campeonatobrasileiroseriea,2007,nautico,nautico,100,True
campeonatobrasileiroseriea,2007,paranaclube,parana,71,True
campeonatobrasileiroseriea,2007,santosfc,santos,86,True
campeonatobrasileiroseriea,2007,saopaulofc,saopaulo,89,True
campeonatobrasileiroseriea,2007,sccorinthians,corinthians,92,True
campeonatobrasileiroseriea,2007,scinternacional,internacional,93,True
campeonatobrasileiroseriea,2007,sepalmeiras,palmeiras,90,True
campeonatobrasileiroseriea,2007,sportrecife,sport,62,False
campeonatobrasileiroseriea,2008,atleticomineiro,atleticomg,101,True
campeonatobrasileiroseriea,2008,botafogofr,botafogo,89,True
campeonatobrasileiroseriea,2008,clubeatleticoparanaense,atleticopr,61,False
campeonatobrasileiroseriea,2008,coritibafc,coritiba,89,True
campeonatobrasileiroseriea,2008,crflamengo,flamengo,89,True
campeonatobrasileiroseriea,2008,cruzeiroec,cruzeiro,89,True
campeonatobrasileiroseriea,2008,crvascodagama,vascodagama,92,True
campeonatobrasileiroseriea,2008,ecvitoria,vitoria,88,True
campeonatobrasileiroseriea,2008,figueirensefc,figueirense,92,True
campeonatobrasileiroseriea,2008,fluminensefc,fluminense,91,True
campeonatobrasileiroseriea,2008,goiasec,goias,83,True
campeonatobrasileiroseriea,2008,gremiofbpa,gremio,75,True
campeonatobrasileiroseriea,2008,ipatingafc,ipatinga,89,True
campeonatobrasileiroseriea,2008,nautico,nautico,100,True
campeonatobrasileiroseriea,2008,portuguesa,portuguesa,100,True
campeonatobrasileiroseriea,2008,santosfc,santos,86,True
campeonatobrasileiroseriea,2008,saopaulofc,saopaulo,89,True
campeonatobrasileiroseriea,2008,scinternacional,internacional,93,True
campeonatobrasileiroseriea,2008,sepalmeiras,palmeiras,90,True
campeonatobrasileiroseriea,2008,sportrecife,sport,62,False
campeonatobrasileiroseriea,2009,atleticomineiro,atleticomg,101,True
campeonatobrasileiroseriea,2009,avaifc,avai,80,True
campeonatobrasileiroseriea,2009,botafogofr,botafogo,89,True
campeonatobrasileiroseriea,2009,clubeatleticoparanaense,atleticopr,61,False
campeonatobrasileiroseriea,2009,coritibafc,coritiba,89,True
campeonatobrasileiroseriea,2009,crflamengo,flamengo,89,True
campeonatobrasileiroseriea,2009,cruzeiroec,cruzeiro,89,True
campeonatobrasileiroseriea,2009,ecsantoandre,santoandre,91,True
campeonatobrasileiroseriea,2009,ecvitoria,vitoria,88,True
campeonatobrasileiroseriea,2009,fluminensefc,fluminense,91,True
campeonatobrasileiroseriea,2009,goiasec,goias,83,True
campeonatobrasileiroseriea,2009,gremiobaruerifutebolltda,barueri,45,False
campeonatobrasileiroseriea,2009,gremiofbpa,gremio,75,True
campeonatobrasileiroseriea,2009,nautico,nautico,100,True
campeonatobrasileiroseriea,2009,santosfc,santos,86,True
campeonatobrasileiroseriea,2009,saopaulofc,saopaulo,89,True
campeonatobrasileiroseriea,2009,sccorinthians,corinthians,92,True
campeonatobrasileiroseriea,2009,scinternacional,internacional,93,True
campeonatobrasileiroseriea,2009,sepalmeiras,palmeiras,90,True
campeonatobrasileiroseriea,2009,sportrecife,sport,62,False
campeonatobrasileiroseriea,2010,atleticogoianiense,atleticogo,101,True
campeonatobrasileiroseriea,2010,atleticomineiro,atleticomg,101,True
campeonatobrasileiroseriea,2010,avaifc,avai,80,True
campeonatobrasileiroseriea,2010,botafogofr,botafogo,89,True
campeonatobrasileiroseriea,2010,cearasc,ceara,83,True
campeonatobrasileiroseriea,2010,clubeatleticoparanaense,atleticopr,61,False
campeonatobrasileiroseriea,2010,crflamengo,flamengo,89,True
campeonatobrasileiroseriea,2010,cruzeiroec,cruzeiro,89,True
campeonatobrasileiroseriea,2010,crvascodagama,vascodagama,92,True
campeonatobrasileiroseriea,2010,ecvitoria,vitoria,88,True
campeonatobrasileiroseriea,2010,fluminensefc,fluminense,91,True
campeonatobrasileiroseriea,2010,goiasec,goias,83,True
campeonatobrasileiroseriea,2010,gremiobaruerifutebolltda,barueri,45,False
campeonatobrasileiroseriea,2010,gremiofbpa,gremio,75,True
campeonatobrasileiroseriea,2010,guaranifc,guarani,88,True
campeonatobrasileiroseriea,2010,santosfc,santos,86,True
campeonatobrasileiroseriea,2010,saopaulofc,saopaulo,89,True
campeonatobrasileiroseriea,2010,sccorinthians,corinthians,92,True
campeonatobrasileiroseriea,2010,scinternacional,internacional,93,True
campeonatobrasileiroseriea,2010,sepalmeiras,palmeiras,90,True
campeonatobrasileiroseriea,2011,atleticomineiro,atleticomg,101,True
campeonatobrasileiroseriea,2011,atleticogoianiense,atleticogo,101,True
campeonatobrasileiroseriea,2011,americamineiro,americamg,70,True
campeonatobrasileiroseriea,2011,avaifc,avai,80,True
campeonatobrasileiroseriea,2011,botafogofr,botafogo,89,True
campeonatobrasileiroseriea,2011,cearasc,ceara,83,True
campeonatobrasileiroseriea,2011,clubeatleticoparanaense,atleticopr,61,False
campeonatobrasileiroseriea,2011,coritibafc,coritiba,89,True
campeonatobrasileiroseriea,2011,crflamengo,flamengo,89,True
campeonatobrasileiroseriea,2011,cruzeiroec,cruzeiro,89,True
campeonatobrasileiroseriea,2011,crvascodagama,vascodagama,92,True
campeonatobrasileiroseriea,2011,ecbahia,bahia,83,True
campeonatobrasileiroseriea,2011,figueirensefc,figueirense,92,True
campeonatobrasileiroseriea,2011,fluminensefc,fluminense,91,True
campeonatobrasileiroseriea,2011,gremiofbpa,gremio,75,True
campeonatobrasileiroseriea,2011,santosfc,santos,86,True
campeonatobrasileiroseriea,2011,saopaulofc,saopaulo,89,True
campeonatobrasileiroseriea,2011,sccorinthians,corinthians,92,True
campeonatobrasileiroseriea,2011,scinternacional,internacional,93,True
campeonatobrasileiroseriea,2011,sepalmeiras,palmeiras,90,True
campeonatobrasileiroseriea,2012,atleticomineiro,atleticomg,101,True
campeonatobrasileiroseriea,2012,atleticogoianiense,atleticogo,101,True
campeonatobrasileiroseriea,2012,aapontepreta,pontepreta,91,True
campeonatobrasileiroseriea,2012,botafogofr,botafogo,89,True
campeonatobrasileiroseriea,2012,coritibafc,coritiba,89,True
campeonatobrasileiroseriea,2012,crflamengo,flamengo,89,True
campeonatobrasileiroseriea,2012,cruzeiroec,cruzeiro,89,True
campeonatobrasileiroseriea,2012,crvascodagama,vascodagama,92,True
campeonatobrasileiroseriea,2012,ecbahia,bahia,83,True
campeonatobrasileiroseriea,2012,figueirensefc,figueirense,92,True
campeonatobrasileiroseriea,2012,fluminensefc,fluminense,91,True
campeonatobrasileiroseriea,2012,gremiofbpa,gremio,75,True
campeonatobrasileiroseriea,2012,nautico,nautico,100,True
campeonatobrasileiroseriea,2012,portuguesa,portuguesa,100,True
campeonatobrasileiroseriea,2012,santosfc,santos,86,True
campeonatobrasileiroseriea,2012,saopaulofc,saopaulo,89,True
campeonatobrasileiroseriea,2012,sccorinthians,corinthians,92,True
campeonatobrasileiroseriea,2012,scinternacional,internacional,93,True
campeonatobrasileiroseriea,2012,sepalmeiras,palmeiras,90,True
campeonatobrasileiroseriea,2012,sportrecife,sport,62,False
campeonatobrasileiroseriea,2013,atleticomineiro,atleticomg,101,True
campeonatobrasileiroseriea,2013,aapontepreta,pontepreta,91,True
campeonatobrasileiroseriea,2013,botafogofr,botafogo,89,True
campeonatobrasileiroseriea,2013,clubeatleticoparanaense,atleticopr,61,False
campeonatobrasileiroseriea,2013,coritibafc,coritiba,89,True
campeonatobrasileiroseriea,2013,crflamengo,flamengo,89,True
campeonatobrasileiroseriea,2013,criciumaec,criciuma,89,True
campeonatobrasileiroseriea,2013,cruzeiroec,cruzeiro,89,True
campeonatobrasileiroseriea,2013,crvascodagama,vascodagama,92,True
campeonatobrasileiroseriea,2013,ecbahia,bahia,83,True
campeonatobrasileiroseriea,2013,ecvitoria,vitoria,88,True
campeonatobrasileiroseriea,2013,fluminensefc,fluminense,91,True
campeonatobrasileiroseriea,2013,goiasec,goias,83,True
campeonatobrasileiroseriea,2013,gremiofbpa,gremio,75,True
campeonatobrasileiroseriea,2013,nautico,nautico,100,True
campeonatobrasileiroseriea,2013,portuguesa,portuguesa,100,True
campeonatobrasileiroseriea,2013,santosfc,santos,86,True
campeonatobrasileiroseriea,2013,saopaulofc,saopaulo,89,True
campeonatobrasileiroseriea,2013,sccorinthians,corinthians,92,True
campeonatobrasileiroseriea,2013,scinternacional,internacional,93,True
campeonatobrasileiroseriea,2014,atleticomineiro,atleticomg,101,True
campeonatobrasileiroseriea,2014,botafogofr,botafogo,89,True
campeonatobrasileiroseriea,2014,chapecoense,chapecoense,100,True
campeonatobrasileiroseriea,2014,clubeatleticoparanaense,atleticopr,61,False
campeonatobrasileiroseriea,2014,coritibafc,coritiba,89,True
campeonatobrasileiroseriea,2014,crflamengo,flamengo,89,True
campeonatobrasileiroseriea,2014,criciumaec,criciuma,89,True
campeonatobrasileiroseriea,2014,cruzeiroec,cruzeiro,89,True
campeonatobrasileiroseriea,2014,ecbahia,bahia,83,True
campeonatobrasileiroseriea,2014,ecvitoria,vitoria,88,True
campeonatobrasileiroseriea,2014,figueirensefc,figueirense,92,True
campeonatobrasileiroseriea,2014,fluminensefc,fluminense,91,True
campeonatobrasileiroseriea,2014,goiasec,goias,83,True
campeonatobrasileiroseriea,2014,gremiofbpa,gremio,75,True
campeonatobrasileiroseriea,2014,santosfc,santos,86,True
campeonatobrasileiroseriea,2014,saopaulofc,saopaulo,89,True
campeonatobrasileiroseriea,2014,sccorinthians,corinthians,92,True
campeonatobrasileiroseriea,2014,scinternacional,internacional,93,True
campeonatobrasileiroseriea,2014,sepalmeiras,palmeiras,90,True
campeonatobrasileiroseriea,2014,sportrecife,sport,62,False
campeonatobrasileiroseriea,2015,atleticomineiro,atleticomg,101,True
campeonatobrasileiroseriea,2015,aapontepreta,pontepreta,91,True
campeonatobrasileiroseriea,2015,avaifc,avai,80,True
campeonatobrasileiroseriea,2015,chapecoense,chapecoense,100,True
campeonatobrasileiroseriea,2015,clubeatleticoparanaense,atleticopr,61,False
campeonatobrasileiroseriea,2015,coritibafc,coritiba,89,True
campeonatobrasileiroseriea,2015,crflamengo,flamengo,89,True
campeonatobrasileiroseriea,2015,cruzeiroec,cruzeiro,89,True
campeonatobrasileiroseriea,2015,crvascodagama,vascodagama,92,True
campeonatobrasileiroseriea,2015,figueirensefc,figueirense,92,True
campeonatobrasileiroseriea,2015,fluminensefc,fluminense,91,True
campeonatobrasileiroseriea,2015,goiasec,goias,83,True
campeonatobrasileiroseriea,2015,gremiofbpa,gremio,75,True
campeonatobrasileiroseriea,2015,joinvilleec,joinville,90,True
campeonatobrasileiroseriea,2015,santosfc,santos,86,True
campeonatobrasileiroseriea,2015,saopaulofc,saopaulo,89,True
campeonatobrasileiroseriea,2015,sccorinthians,corinthians,92,True
campeonatobrasileiroseriea,2015,scinternacional,internacional,93,True
campeonatobrasileiroseriea,2015,sepalmeiras,palmeiras,90,True
campeonatobrasileiroseriea,2015,sportrecife,sport,62,False
campeonatobrasileiroseriea,2016,atleticomineiro,atleticomg,101,True
campeonatobrasileiroseriea,2016,aapontepreta,pontepreta,91,True
campeonatobrasileiroseriea,2016,americamineiro,americamg,70,True
campeonatobrasileiroseriea,2016,botafogofr,botafogo,89,True
campeonatobrasileiroseriea,2016,chapecoense,chapecoense,100,True
campeonatobrasileiroseriea,2016,clubeatleticoparanaense,atleticopr,61,False
campeonatobrasileiroseriea,2016,coritibafc,coritiba,89,True
campeonatobrasileiroseriea,2016,crflamengo,flamengo,89,True
campeonatobrasileiroseriea,2016,cruzeiroec,cruzeiro,89,True
campeonatobrasileiroseriea,2016,ecvitoria,vitoria,88,True
campeonatobrasileiroseriea,2016,figueirensefc,figueirense,92,True
campeonatobrasileiroseriea,2016,fluminensefc,fluminense,91,True
campeonatobrasileiroseriea,2016,gremiofbpa,gremio,75,True
campeonatobrasileiroseriea,2016,santacruzfc,santacruz,90,True
campeonatobrasileiroseriea,2016,santosfc,santos,86,True
campeonatobrasileiroseriea,2016,saopaulofc,saopaulo,89,True
campeonatobrasileiroseriea,2016,sccorinthians,corinthians,92,True
campeonatobrasileiroseriea,2016,scinternacional,internacional,93,True
campeonatobrasileiroseriea,2016,sepalmeiras,palmeiras,90,True
campeonatobrasileiroseriea,2016,sportrecife,sport,62,False
campeonatobrasileiroseriea,2017,atleticomineiro,atleticomg,101,True
campeonatobrasileiroseriea,2017,atleticogoianiense,atleticogo,101,True
campeonatobrasileiroseriea,2017,aapontepreta,pontepreta,91,True
campeonatobrasileiroseriea,2017,avaifc,avai,80,True
campeonatobrasileiroseriea,2017,botafogofr,botafogo,89,True
campeonatobrasileiroseriea,2017,chapecoense,chapecoense,100,True
campeonatobrasileiroseriea,2017,clubeatleticoparanaense,atleticopr,61,False
campeonatobrasileiroseriea,2017,coritibafc,coritiba,89,True
campeonatobrasileiroseriea,2017,crflamengo,flamengo,89,True
campeonatobrasileiroseriea,2017,cruzeiroec,cruzeiro,89,True
campeonatobrasileiroseriea,2017,crvascodagama,vascodagama,92,True
campeonatobrasileiroseriea,2017,ecbahia,bahia,83,True
campeonatobrasileiroseriea,2017,ecvitoria,vitoria,88,True
campeonatobrasileiroseriea,2017,fluminensefc,fluminense,91,True
campeonatobrasileiroseriea,2017,gremiofbpa,gremio,75,True
campeonatobrasileiroseriea,2017,santosfc,santos,86,True
campeonatobrasileiroseriea,2017,saopaulofc,saopaulo,89,True
campeonatobrasileiroseriea,2017,sccorinthians,corinthians,92,True
campeonatobrasileiroseriea,2017,sepalmeiras,palmeiras,90,True
campeonatobrasileiroseriea,2017,sportrecife,sport,62,False
campeonatobrasileiroseriea,2018,atleticomineiro,atleticomg,101,True
campeonatobrasileiroseriea,2018,americamineiro,americamg,70,True
campeonatobrasileiroseriea,2018,botafogofr,botafogo,89,True
campeonatobrasileiroseriea,2018,cearasc,ceara,83,True
campeonatobrasileiroseriea,2018,chapecoense,chapecoense,100,True
campeonatobrasileiroseriea,2018,clubeatleticoparanaense,atleticopr,61,False
campeonatobrasileiroseriea,2018,crflamengo,flamengo,89,True
campeonatobrasileiroseriea,2018,cruzeiroec,cruzeiro,89,True
campeonatobrasileiroseriea,2018,crvascodagama,vascodagama,92,True
campeonatobrasileiroseriea,2018,ecbahia,bahia,83,True
campeonatobrasileiroseriea,2018,ecvitoria,vitoria,88,True
campeonatobrasileiroseriea,2018,fluminensefc,fluminense,91,True
campeonatobrasileiroseriea,2018,gremiofbpa,gremio,75,True
campeonatobrasileiroseriea,2018,paranaclube,parana,71,True
campeonatobrasileiroseriea,2018,santosfc,santos,86,True
campeonatobrasileiroseriea,2018,saopaulofc,saopaulo,89,True
campeonatobrasileiroseriea,2018,sccorinthians,corinthians,92,True
campeonatobrasileiroseriea,2018,scinternacional,internacional,93,True
campeonatobrasileiroseriea,2018,sepalmeiras,palmeiras,90,True
campeonatobrasileiroseriea,2018,sportrecife,sport,62,False
campeonatobrasileiroseriea,2019,atleticomineiro,atleticomg,101,True
campeonatobrasileiroseriea,2019,athleticoparanaense,athleticopr,73,True
campeonatobrasileiroseriea,2019,avaifc,avai,80,True
campeonatobrasileiroseriea,2019,botafogofr,botafogo,89,True
campeonatobrasileiroseriea,2019,cearasc,ceara,83,True
campeonatobrasileiroseriea,2019,chapecoense,chapecoense,100,True
campeonatobrasileiroseriea,2019,crflamengo,flamengo,89,True
campeonatobrasileiroseriea,2019,cruzeiroec,cruzeiro,89,True
campeonatobrasileiroseriea,2019,crvascodagama,vascodagama,92,True
campeonatobrasileiroseriea,2019,csa,csa,100,True
campeonatobrasileiroseriea,2019,ecbahia,bahia,83,True
campeonatobrasileiroseriea,2019,fluminensefc,fluminense,91,True
campeonatobrasileiroseriea,2019,fortalezaec,fortaleza,90,True
campeonatobrasileiroseriea,2019,goiasec,goias,83,True
campeonatobrasileiroseriea,2019,gremiofbpa,gremio,75,True
campeonatobrasileiroseriea,2019,santosfc,santos,86,True
campeonatobrasileiroseriea,2019,saopaulofc,saopaulo,89,True
campeonatobrasileiroseriea,2019,sccorinthians,corinthians,92,True
campeonatobrasileiroseriea,2019,scinternacional,internacional,93,True
campeonatobrasileiroseriea,2019,sepalmeiras,palmeiras,90,True
campeonatobrasileiroseriea,2020,atleticogoianiense,atleticogo,101,True
campeonatobrasileiroseriea,2020,atleticomineiro,atleticomg,101,True
campeonatobrasileiroseriea,2020,athleticoparanaense,athleticopr,73,True
campeonatobrasileiroseriea,2020,botafogofr,botafogo,89,True
campeonatobrasileiroseriea,2020,cearasc,ceara,83,True
campeonatobrasileiroseriea,2020,coritibafc,coritiba,89,True
campeonatobrasileiroseriea,2020,crflamengo,flamengo,89,True
campeonatobrasileiroseriea,2020,crvascodagama,vascodagama,92,True
campeonatobrasileiroseriea,2020,ecbahia,bahia,83,True
campeonatobrasileiroseriea,2020,fluminensefc,fluminense,91,True
campeonatobrasileiroseriea,2020,fortalezaec,fortaleza,90,True
campeonatobrasileiroseriea,2020,goiasec,goias,83,True
campeonatobrasileiroseriea,2020,gremiofbpa,gremio,75,True
campeonatobrasileiroseriea,2020,rbbragantino,bragantino,91,True
campeonatobrasileiroseriea,2020,santosfc,santos,86,True
campeonatobrasileiroseriea,2020,saopaulofc,saopaulo,89,True
campeonatobrasileiroseriea,2020,sccorinthians,corinthians,92,True
campeonatobrasileiroseriea,2020,scinternacional,internacional,93,True
campeonatobrasileiroseriea,2020,sepalmeiras,palmeiras,90,True
campeonatobrasileiroseriea,2020,sportrecife,sport,62,False
campeonatobrasileiroseriea,2021,atleticomineiro,atleticomg,101,True
campeonatobrasileiroseriea,2021,atleticogoianiense,atleticogo,101,True
campeonatobrasileiroseriea,2021,americamineiro,americamg,70,True
campeonatobrasileiroseriea,2021,athleticoparanaense,athleticopr,73,True
campeonatobrasileiroseriea,2021,cearasc,ceara,83,True
campeonatobrasileiroseriea,2021,chapecoense,chapecoense,100,True
campeonatobrasileiroseriea,2021,crflamengo,flamengo,89,True
campeonatobrasileiroseriea,2021,cuiabaec,cuiaba,86,True
campeonatobrasileiroseriea,2021,ecbahia,bahia,83,True
campeonatobrasileiroseriea,2021,ecjuventude,juventude,90,True
campeonatobrasileiroseriea,2021,fluminensefc,fluminense,91,True
campeonatobrasileiroseriea,2021,fortalezaec,fortaleza,90,True
campeonatobrasileiroseriea,2021,gremiofbpa,gremio,75,True
campeonatobrasileiroseriea,2021,rbbragantino,bragantino,91,True
campeonatobrasileiroseriea,2021,santosfc,santos,86,True
campeonatobrasileiroseriea,2021,saopaulofc,saopaulo,89,True
campeonatobrasileiroseriea,2021,sccorinthians,corinthians,92,True
campeonatobrasileiroseriea,2021,scinternacional,internacional,93,True
campeonatobrasileiroseriea,2021,sepalmeiras,palmeiras,90,True
campeonatobrasileiroseriea,2021,sportrecife,sport,62,False
campeonatobrasileiroseriea,2022,atleticogoianiense,atleticogo,101,True
campeonatobrasileiroseriea,2022,atleticomineiro,atleticomg,101,True
campeonatobrasileiroseriea,2022,americamineiro,americamg,70,True
campeonatobrasileiroseriea,2022,athleticoparanaense,athleticopr,73,True
campeonatobrasileiroseriea,2022,avaifc,avai,80,True
campeonatobrasileiroseriea,2022,botafogofr,botafogo,89,True
campeonatobrasileiroseriea,2022,cearasc,ceara,83,True
campeonatobrasileiroseriea,2022,coritibafc,coritiba,89,True
campeonatobrasileiroseriea,2022,crflamengo,flamengo,89,True
campeonatobrasileiroseriea,2022,cuiabaec,cuiaba,86,True
campeonatobrasileiroseriea,2022,ecjuventude,juventude,90,True
campeonatobrasileiroseriea,2022,fluminensefc,fluminense,91,True
campeonatobrasileiroseriea,2022,fortalezaec,fortaleza,90,True
campeonatobrasileiroseriea,2022,goiasec,goias,83,True
campeonatobrasileiroseriea,2022,rbbragantino,bragantino,91,True
campeonatobrasileiroseriea,2022,santosfc,santos,86,True
campeonatobrasileiroseriea,2022,saopaulofc,saopaulo,89,True
campeonatobrasileiroseriea,2022,sccorinthians,corinthians,92,True
campeonatobrasileiroseriea,2022,scinternacional,internacional,93,True
campeonatobrasileiroseriea,2022,sepalmeiras,palmeiras,90,True
campeonatobrasileiroseriea,2023,atleticomineiro,atleticomg,101,True
campeonatobrasileiroseriea,2023,americamineiro,americamg,70,True
campeonatobrasileiroseriea,2023,athleticoparanaense,athleticopr,73,True
campeonatobrasileiroseriea,2023,botafogofr,botafogo,89,True
campeonatobrasileiroseriea,2023,coritibafc,coritiba,89,True
campeonatobrasileiroseriea,2023,crflamengo,flamengo,89,True
campeonatobrasileiroseriea,2023,cruzeiroec,cruzeiro,89,True
campeonatobrasileiroseriea,2023,crvascodagama,vascodagama,92,True
campeonatobrasileiroseriea,2023,cuiabaec,cuiaba,86,True
campeonatobrasileiroseriea,2023,ecbahia,bahia,83,True
campeonatobrasileiroseriea,2023,fluminensefc,fluminense,91,True
campeonatobrasileiroseriea,2023,fortalezaec,fortaleza,90,True
campeonatobrasileiroseriea,2023,goiasec,goias,83,True
campeonatobrasileiroseriea,2023,gremiofbpa,gremio,75,True
campeonatobrasileiroseriea,2023,rbbragantino,bragantino,91,True
campeonatobrasileiroseriea,2023,santosfc,santos,86,True
campeonatobrasileiroseriea,2023,saopaulofc,saopaulo,89,True
campeonatobrasileiroseriea,2023,sccorinthians,corinthians,92,True
campeonatobrasileiroseriea,2023,scinternacional,internacional,93,True
campeonatobrasileiroseriea,2023,sepalmeiras,palmeiras,90,True
campeonatobrasileiroseriea,2024,atleticogoianiense,atleticogo,101,True
campeonatobrasileiroseriea,2024,atleticomineiro,atleticomg,101,True
campeonatobrasileiroseriea,2024,athleticoparanaense,athleticopr,73,True
campeonatobrasileiroseriea,2024,botafogofr,botafogo,89,True
campeonatobrasileiroseriea,2024,crflamengo,flamengo,89,True
campeonatobrasileiroseriea,2024,criciumaec,criciuma,89,True
campeonatobrasileiroseriea,2024,cruzeiroec,cruzeiro,89,True
campeonatobrasileiroseriea,2024,crvascodagama,vascodagama,92,True
campeonatobrasileiroseriea,2024,cuiabaec,cuiaba,86,True
campeonatobrasileiroseriea,2024,ecbahia,bahia,83,True
campeonatobrasileiroseriea,2024,ecjuventude,juventude,90,True
campeonatobrasileiroseriea,2024,ecvitoria,vitoria,88,True
campeonatobrasileiroseriea,2024,fluminensefc,fluminense,91,True
campeonatobrasileiroseriea,2024,fortalezaec,fortaleza,90,True
campeonatobrasileiroseriea,2024,gremiofbpa,gremio,75,True
campeonatobrasileiroseriea,2024,rbbragantino,bragantino,91,True
campeonatobrasileiroseriea,2024,saopaulofc,saopaulo,89,True
campeonatobrasileiroseriea,2024,sccorinthians,corinthians,92,True
campeonatobrasileiroseriea,2024,scinternacional,internacional,93,True
campeonatobrasileiroseriea,2024,sepalmeiras,palmeiras,90,True
campeonatobrasileiroserieb,2009,atleticogoianiense,atleticogo,101,True
campeonatobrasileiroserieb,2009,aapontepreta,pontepreta,91,True
campeonatobrasileiroserieb,2009,abcfc,abc,75,True
campeonatobrasileiroserieb,2009,adsaocaetano,saocaetano,91,True
campeonatobrasileiroserieb,2009,americafc,americarn,78,True
campeonatobrasileiroserieb,2009,brasiliensefc,brasiliense,92,True
campeonatobrasileiroserieb,2009,cabragantino,bragantino,91,True
campeonatobrasileiroserieb,2009,campinense,campinense,100,True
campeonatobrasileiroserieb,2009,cearasc,ceara,83,True
campeonatobrasileiroserieb,2009,crvascodagama,vascodagama,92,True
campeonatobrasileiroserieb,2009,duquedecaxiasfc,duquedecaxias,93,True
campeonatobrasileiroserieb,2009,ecbahia,bahia,83,True
campeonatobrasileiroserieb,2009,ecjuventude,juventude,90,True
campeonatobrasileiroserieb,2009,figueirensefc,figueirense,92,True
campeonatobrasileiroserieb,2009,fortalezaec,fortaleza,90,True
campeonatobrasileiroserieb,2009,guaranifc,guarani,88,True
campeonatobrasileiroserieb,2009,ipatingafc,ipatinga,89,True
campeonatobrasileiroserieb,2009,paranaclube,parana,71,True
campeonatobrasileiroserieb,2009,portuguesa,portuguesa,100,True
campeonatobrasileiroserieb,2009,vilanovafc,vilanova,89,True
campeonatobrasileiroserieb,2010,aapontepreta,pontepreta,91,True
campeonatobrasileiroserieb,2010,adrcicasa,icasa,71,True
campeonatobrasileiroserieb,2010,adsaocaetano,saocaetano,91,True
campeonatobrasileiroserieb,2010,americafc,americamg,78,True
campeonatobrasileiroserieb,2010,americamineiro,americarn,70,True
campeonatobrasileiroserieb,2010,asadearapiraca,asa,35,False
campeonatobrasileiroserieb,2010,brasiliensefc,brasiliense,92,True
campeonatobrasileiroserieb,2010,cabragantino,bragantino,91,True
campeonatobrasileiroserieb,2010,coritibafc,coritiba,89,True
campeonatobrasileiroserieb,2010,duquedecaxiasfc,duquedecaxias,93,True
campeonatobrasileiroserieb,2010,ecbahia,bahia,83,True
campeonatobrasileiroserieb,2010,ecsantoandre,santoandre,91,True
campeonatobrasileiroserieb,2010,figueirensefc,figueirense,92,True
campeonatobrasileiroserieb,2010,guaratingueta,guaratingueta,100,True
campeonatobrasileiroserieb,2010,ipatingafc,ipatinga,89,True
campeonatobrasileiroserieb,2010,nautico,nautico,100,True
campeonatobrasileiroserieb,2010,paranaclube,parana,71,True
campeonatobrasileiroserieb,2010,portuguesa,portuguesa,100,True
campeonatobrasileiroserieb,2010,sportrecife,sport,62,False
campeonatobrasileiroserieb,2010,vilanovafc,vilanova,89,True
campeonatobrasileiroserieb,2011,aapontepreta,pontepreta,91,True
campeonatobrasileiroserieb,2011,abcfc,abc,75,True
campeonatobrasileiroserieb,2011,adrcicasa,icasa,71,True
campeonatobrasileiroserieb,2011,adsaocaetano,saocaetano,91,True
campeonatobrasileiroserieb,2011,americana,americana,100,True
campeonatobrasileiroserieb,2011,asadearapiraca,asa,35,False
campeonatobrasileiroserieb,2011,boaec,boaesporte,53,False
campeonatobrasileiroserieb,2011,cabragantino,bragantino,91,True
campeonatobrasileiroserieb,2011,criciumaec,criciuma,89,True
campeonatobrasileiroserieb,2011,duquedecaxiasfc,duquedecaxias,93,True
campeonatobrasileiroserieb,2011,ecvitoria,vitoria,88,True
campeonatobrasileiroserieb,2011,goiasec,goias,83,True
campeonatobrasileiroserieb,2011,gremiobaruerifutebolltda,barueri,45,False
campeonatobrasileiroserieb,2011,guaranifc,guarani,88,True
campeonatobrasileiroserieb,2011,nautico,nautico,100,True
campeonatobrasileiroserieb,2011,paranaclube,parana,71,True
campeonatobrasileiroserieb,2011,portuguesa,portuguesa,100,True
campeonatobrasileiroserieb,2011,salgueiroac,salgueiro,90,True
campeonatobrasileiroserieb,2011,sportrecife,sport,62,False
campeonatobrasileiroserieb,2011,vilanovafc,vilanova,89,True
campeonatobrasileiroserieb,2012,abcfc,abc,75,True
campeonatobrasileiroserieb,2012,adsaocaetano,saocaetano,91,True
campeonatobrasileiroserieb,2012,americafc,americamg,78,True
campeonatobrasileiroserieb,2012,americamineiro,americarn,70,True
campeonatobrasileiroserieb,2012,asadearapiraca,asa,35,False
campeonatobrasileiroserieb,2012,avaifc,avai,80,True
campeonatobrasileiroserieb,2012,boaec,boaesporte,53,False
campeonatobrasileiroserieb,2012,cabragantino,bragantino,91,True
campeonatobrasileiroserieb,2012,cearasc,ceara,83,True
campeonatobrasileiroserieb,2012,clubeatleticoparanaense,atleticopr,61,False
campeonatobrasileiroserieb,2012,crb,crb,100,True
campeonatobrasileiroserieb,2012,criciumaec,criciuma,89,True
campeonatobrasileiroserieb,2012,ecvitoria,vitoria,88,True
campeonatobrasileiroserieb,2012,goiasec,goias,83,True
campeonatobrasileiroserieb,2012,gremiobaruerifutebolltda,barueri,45,False
campeonatobrasileiroserieb,2012,guaranifc,guarani,88,True
campeonatobrasileiroserieb,2012,guaratingueta,guaratingueta,100,True
campeonatobrasileiroserieb,2012,ipatingafc,ipatinga,89,True
campeonatobrasileiroserieb,2012,joinvilleec,joinville,90,True
campeonatobrasileiroserieb,2012,paranaclube,parana,71,True
campeonatobrasileiroserieb,2013,atleticogoianiense,atleticogo,101,True
campeonatobrasileiroserieb,2013,abcfc,abc,75,True
campeonatobrasileiroserieb,2013,adrcicasa,icasa,71,True
campeonatobrasileiroserieb,2013,adsaocaetano,saocaetano,91,True
campeonatobrasileiroserieb,2013,americafc,americamg,78,True
campeonatobrasileiroserieb,2013,americamineiro,americarn,70,True
campeonatobrasileiroserieb,2013,asadearapiraca,asa,35,False
campeonatobrasileiroserieb,2013,avaifc,avai,80,True
campeonatobrasileiroserieb,2013,boaec,boaesporte,53,False
campeonatobrasileiroserieb,2013,cabragantino,bragantino,91,True
campeonatobrasileiroserieb,2013,cearasc,ceara,83,True
campeonatobrasileiroserieb,2013,chapecoense,chapecoense,100,True
campeonatobrasileiroserieb,2013,figueirensefc,figueirense,92,True
campeonatobrasileiroserieb,2013,guaratingueta,guaratingueta,100,True
campeonatobrasileiroserieb,2013,joinvilleec,joinville,90,True
campeonatobrasileiroserieb,2013,oestefc,oeste,83,True
campeonatobrasileiroserieb,2013,paranaclube,parana,71,True
campeonatobrasileiroserieb,2013,paysandusc,paysandu,89,True
campeonatobrasileiroserieb,2013,sepalmeiras,palmeiras,90,True
campeonatobrasileiroserieb,2013,sportrecife,sport,62,False
campeonatobrasileiroserieb,2014,atleticogoianiense,atleticogo,101,True
campeonatobrasileiroserieb,2014,aapontepreta,pontepreta,91,True
campeonatobrasileiroserieb,2014,abcfc,abc,75,True
campeonatobrasileiroserieb,2014,adrcicasa,icasa,71,True
campeonatobrasileiroserieb,2014,americafc,americamg,78,True
campeonatobrasileiroserieb,2014,americamineiro,americarn,70,True
campeonatobrasileiroserieb,2014,avaifc,avai,80,True
campeonatobrasileiroserieb,2014,boaec,boaesporte,53,False
campeonatobrasileiroserieb,2014,cabragantino,bragantino,91,True
campeonatobrasileiroserieb,2014,cearasc,ceara,83,True
campeonatobrasileiroserieb,2014,crvascodagama,vascodagama,92,True
campeonatobrasileiroserieb,2014,joinvilleec,joinville,90,True
campeonatobrasileiroserieb,2014,luverdenseec,luverdense,91,True
campeonatobrasileiroserieb,2014,nautico,nautico,100,True
campeonatobrasileiroserieb,2014,oestefc,oeste,83,True
campeonatobrasileiroserieb,2014,paranaclube,parana,71,True
campeonatobrasileiroserieb,2014,portuguesa,portuguesa,100,True
campeonatobrasileiroserieb,2014,sampaiocorreafc,sampaiocorrea,93,True
campeonatobrasileiroserieb,2014,santacruzfc,santacruz,90,True
campeonatobrasileiroserieb,2014,vilanovafc,vilanova,89,True
campeonatobrasileiroserieb,2015,atleticogoianiense,atleticogo,101,True
campeonatobrasileiroserieb,2015,abcfc,abc,75,True
campeonatobrasileiroserieb,2015,americamineiro,americamg,70,True
campeonatobrasileiroserieb,2015,boaec,macae,40,False
campeonatobrasileiroserieb,2015,botafogofr,botafogo,89,True
campeonatobrasileiroserieb,2015,cabragantino,bragantino,91,True
campeonatobrasileiroserieb,2015,cearasc,ceara,83,True
campeonatobrasileiroserieb,2015,crb,crb,100,True
campeonatobrasileiroserieb,2015,criciumaec,criciuma,89,True
campeonatobrasileiroserieb,2015,ecbahia,bahia,83,True
campeonatobrasileiroserieb,2015,ecvitoria,vitoria,88,True
campeonatobrasileiroserieb,2015,luverdenseec,luverdense,91,True
campeonatobrasileiroserieb,2015,macaeesportefc,boaesporte,67,False
campeonatobrasileiroserieb,2015,mogimirimec,mogimirim,90,True
campeonatobrasileiroserieb,2015,nautico,nautico,100,True
campeonatobrasileiroserieb,2015,oestefc,oeste,83,True
campeonatobrasileiroserieb,2015,paranaclube,parana,71,True
campeonatobrasileiroserieb,2015,paysandusc,paysandu,89,True
campeonatobrasileiroserieb,2015,sampaiocorreafc,sampaiocorrea,93,True
campeonatobrasileiroserieb,2015,santacruzfc,santacruz,90,True
campeonatobrasileiroserieb,2016,atleticogoianiense,atleticogo,101,True
campeonatobrasileiroserieb,2016,avaifc,avai,80,True
campeonatobrasileiroserieb,2016,cabragantino,bragantino,91,True
campeonatobrasileiroserieb,2016,cearasc,ceara,83,True
campeonatobrasileiroserieb,2016,crb,crb,100,True
campeonatobrasileiroserieb,2016,criciumaec,criciuma,89,True
campeonatobrasileiroserieb,2016,crvascodagama,vascodagama,92,True
campeonatobrasileiroserieb,2016,ecbahia,bahia,83,True
campeonatobrasileiroserieb,2016,gebrasil,brasilpelotas,57,False
campeonatobrasileiroserieb,2016,goiasec,goias,83,True
campeonatobrasileiroserieb,2016,joinvilleec,joinville,90,True
campeonatobrasileiroserieb,2016,londrinaec,londrina,89,True
campeonatobrasileiroserieb,2016,luverdenseec,luverdense,91,True
campeonatobrasileiroserieb,2016,nautico,nautico,100,True
campeonatobrasileiroserieb,2016,oestefc,oeste,83,True
campeonatobrasileiroserieb,2016,paranaclube,parana,71,True
campeonatobrasileiroserieb,2016,paysandusc,paysandu,89,True
campeonatobrasileiroserieb,2016,sampaiocorreafc,sampaiocorrea,93,True
campeonatobrasileiroserieb,2016,tupifc,tupi,80,True
campeonatobrasileiroserieb,2016,vilanovafc,vilanova,89,True
campeonatobrasileiroserieb,2017,abcfc,abc,75,True
campeonatobrasileiroserieb,2017,americamineiro,americamg,70,True
campeonatobrasileiroserieb,2017,boaec,boaesporte,53,False
campeonatobrasileiroserieb,2017,cearasc,ceara,83,True
campeonatobrasileiroserieb,2017,crb,crb,100,True
campeonatobrasileiroserieb,2017,criciumaec,criciuma,89,True
campeonatobrasileiroserieb,2017,ecjuventude,juventude,90,True
campeonatobrasileiroserieb,2017,figueirensefc,figueirense,92,True
campeonatobrasileiroserieb,2017,gebrasil,brasilpelotas,57,False
campeonatobrasileiroserieb,2017,goiasec,goias,83,True
campeonatobrasileiroserieb,2017,guaranifc,guarani,88,True
campeonatobrasileiroserieb,2017,londrinaec,londrina,89,True
campeonatobrasileiroserieb,2017,luverdenseec,luverdense,91,True
campeonatobrasileiroserieb,2017,nautico,nautico,100,True
campeonatobrasileiroserieb,2017,oestefc,oeste,83,True
campeonatobrasileiroserieb,2017,paranaclube,parana,71,True
campeonatobrasileiroserieb,2017,paysandusc,paysandu,89,True
campeonatobrasileiroserieb,2017,santacruzfc,santacruz,90,True
campeonatobrasileiroserieb,2017,scinternacional,internacional,93,True
campeonatobrasileiroserieb,2017,vilanovafc,vilanova,89,True
campeonatobrasileiroserieb,2018,atleticogoianiense,atleticogo,101,True
campeonatobrasileiroserieb,2018,aapontepreta,pontepreta,91,True
campeonatobrasileiroserieb,2018,avaifc,avai,80,True
campeonatobrasileiroserieb,2018,boaec,boaesporte,53,False
campeonatobrasileiroserieb,2018,coritibafc,coritiba,89,True
campeonatobrasileiroserieb,2018,crb,crb,100,True
campeonatobrasileiroserieb,2018,criciumaec,criciuma,89,True
campeonatobrasileiroserieb,2018,csa,csa,100,True
campeonatobrasileiroserieb,2018,ecjuventude,juventude,90,True
campeonatobrasileiroserieb,2018,ecsaobento,saobento,89,True
campeonatobrasileiroserieb,2018,figueirensefc,figueirense,92,True
campeonatobrasileiroserieb,2018,fortalezaec,fortaleza,90,True
campeonatobrasileiroserieb,2018,gebrasil,brasilpelotas,57,False
campeonatobrasileiroserieb,2018,goiasec,goias,83,True
campeonatobrasileiroserieb,2018,guaranifc,guarani,88,True
campeonatobrasileiroserieb,2018,londrinaec,londrina,89,True
campeonatobrasileiroserieb,2018,oestefc,oeste,83,True
campeonatobrasileiroserieb,2018,paysandusc,paysandu,89,True
campeonatobrasileiroserieb,2018,sampaiocorreafc,sampaiocorrea,93,True
campeonatobrasileiroserieb,2018,vilanovafc,vilanova,89,True
campeonatobrasileiroserieb,2019,atleticogoianiense,atleticogo,101,True
campeonatobrasileiroserieb,2019,aapontepreta,pontepreta,91,True
campeonatobrasileiroserieb,2019,americamineiro,americamg,70,True
campeonatobrasileiroserieb,2019,botafogofc,botafogosp,80,True
campeonatobrasileiroserieb,2019,cabragantino,bragantino,91,True
campeonatobrasileiroserieb,2019,coritibafc,coritiba,89,True
campeonatobrasileiroserieb,2019,crb,crb,100,True
campeonatobrasileiroserieb,2019,criciumaec,criciuma,89,True
campeonatobrasileiroserieb,2019,cuiabaec,cuiaba,86,True
campeonatobrasileiroserieb,2019,ecsaobento,saobento,89,True
campeonatobrasileiroserieb,2019,ecvitoria,vitoria,88,True
campeonatobrasileiroserieb,2019,figueirensefc,figueirense,92,True
campeonatobrasileiroserieb,2019,gebrasil,brasilpelotas,57,False
campeonatobrasileiroserieb,2019,guaranifc,guarani,88,True
campeonatobrasileiroserieb,2019,londrinaec,londrina,89,True
campeonatobrasileiroserieb,2019,oestefc,oeste,83,True
campeonatobrasileiroserieb,2019,operariofec,operariopr,76,True
campeonatobrasileiroserieb,2019,paranaclube,parana,71,True
campeonatobrasileiroserieb,2019,sportrecife,sport,62,False
campeonatobrasileiroserieb,2019,vilanovafc,vilanova,89,True
campeonatobrasileiroserieb,2020,aapontepreta,pontepreta,91,True
campeonatobrasileiroserieb,2020,adconfianca,confianca,90,True
campeonatobrasileiroserieb,2020,americamineiro,americamg,70,True
campeonatobrasileiroserieb,2020,avaifc,avai,80,True
campeonatobrasileiroserieb,2020,botafogofc,botafogosp,80,True
campeonatobrasileiroserieb,2020,chapecoense,chapecoense,100,True
campeonatobrasileiroserieb,2020,crb,crb,100,True
campeonatobrasileiroserieb,2020,cruzeiroec,cruzeiro,89,True
campeonatobrasileiroserieb,2020,csa,csa,100,True
campeonatobrasileiroserieb,2020,cuiabaec,cuiaba,86,True
campeonatobrasileiroserieb,2020,ecjuventude,juventude,90,True
campeonatobrasileiroserieb,2020,ecvitoria,vitoria,88,True
campeonatobrasileiroserieb,2020,figueirensefc,figueirense,92,True
campeonatobrasileiroserieb,2020,gebrasil,brasilpelotas,57,False
campeonatobrasileiroserieb,2020,guaranifc,guarani,88,True
campeonatobrasileiroserieb,2020,nautico,nautico,100,True
campeonatobrasileiroserieb,2020,oestefc,oeste,83,True
campeonatobrasileiroserieb,2020,operariofec,operariopr,76,True
campeonatobrasileiroserieb,2020,paranaclube,parana,71,True
campeonatobrasileiroserieb,2020,sampaiocorreafc,sampaiocorrea,93,True
campeonatobrasileiroserieb,2021,aapontepreta,pontepreta,91,True
campeonatobrasileiroserieb,2021,adconfianca,confianca,90,True
campeonatobrasileiroserieb,2021,avaifc,avai,80,True
campeonatobrasileiroserieb,2021,botafogofr,botafogo,89,True
campeonatobrasileiroserieb,2021,brusquefc,brusque,88,True
campeonatobrasileiroserieb,2021,clubedoremo,remo,53,False
campeonatobrasileiroserieb,2021,coritibafc,coritiba,89,True
campeonatobrasileiroserieb,2021,crb,crb,100,True
campeonatobrasileiroserieb,2021,cruzeiroec,cruzeiro,89,True
campeonatobrasileiroserieb,2021,crvascodagama,vascodagama,92,True
campeonatobrasileiroserieb,2021,csa,csa,100,True
campeonatobrasileiroserieb,2021,ecvitoria,vitoria,88,True
campeonatobrasileiroserieb,2021,gebrasil,brasilpelotas,57,False
campeonatobrasileiroserieb,2021,goiasec,goias,83,True
campeonatobrasileiroserieb,2021,guaranifc,guarani,88,True
campeonatobrasileiroserieb,2021,londrinaec,londrina,89,True
campeonatobrasileiroserieb,2021,nautico,nautico,100,True
campeonatobrasileiroserieb,2021,operariofec,operariopr,76,True
campeonatobrasileiroserieb,2021,sampaiocorreafc,sampaiocorrea,93,True
campeonatobrasileiroserieb,2021,vilanovafc,vilanova,89,True
campeonatobrasileiroserieb,2022,aapontepreta,pontepreta,91,True
campeonatobrasileiroserieb,2022,brusquefc,brusque,88,True
campeonatobrasileiroserieb,2022,chapecoense,chapecoense,100,True
campeonatobrasileiroserieb,2022,crb,crb,100,True
campeonatobrasileiroserieb,2022,criciumaec,criciuma,89,True
campeonatobrasileiroserieb,2022,cruzeiroec,cruzeiro,89,True
campeonatobrasileiroserieb,2022,crvascodagama,vascodagama,92,True
campeonatobrasileiroserieb,2022,csa,csa,100,True
campeonatobrasileiroserieb,2022,ecbahia,bahia,83,True
campeonatobrasileiroserieb,2022,gremiofbpa,gremio,75,True
campeonatobrasileiroserieb,2022,gremionovorizontino,novorizontino,81,True
campeonatobrasileiroserieb,2022,guaranifc,guarani,88,True
campeonatobrasileiroserieb,2022,ituanofc,ituano,86,True
campeonatobrasileiroserieb,2022,londrinaec,londrina,89,True
campeonatobrasileiroserieb,2022,nautico,nautico,100,True
campeonatobrasileiroserieb,2022,operariofec,operariopr,76,True
campeonatobrasileiroserieb,2022,sampaiocorreafc,sampaiocorrea,93,True
campeonatobrasileiroserieb,2022,sportrecife,sport,62,False
campeonatobrasileiroserieb,2022,tombensefc,tombense,89,True
campeonatobrasileiroserieb,2022,vilanovafc,vilanova,89,True
campeonatobrasileiroserieb,2023,atleticogoianiense,atleticogo,101,True
campeonatobrasileiroserieb,2023,aapontepreta,pontepreta,91,True
campeonatobrasileiroserieb,2023,abcfc,abc,75,True
campeonatobrasileiroserieb,2023,avaifc,avai,80,True
campeonatobrasileiroserieb,2023,botafogofc,botafogosp,80,True
campeonatobrasileiroserieb,2023,cearasc,ceara,83,True
campeonatobrasileiroserieb,2023,chapecoense,chapecoense,100,True
campeonatobrasileiroserieb,2023,crb,crb,100,True
campeonatobrasileiroserieb,2023,criciumaec,criciuma,89,True
campeonatobrasileiroserieb,2023,ecjuventude,juventude,90,True
campeonatobrasileiroserieb,2023,ecvitoria,vitoria,88,True
campeonatobrasileiroserieb,2023,gremionovorizontino,novorizontino,81,True
campeonatobrasileiroserieb,2023,guaranifc,guarani,88,True
campeonatobrasileiroserieb,2023,ituanofc,ituano,86,True
campeonatobrasileiroserieb,2023,londrinaec,londrina,89,True
campeonatobrasileiroserieb,2023,mirassolfc,mirassol,89,True
campeonatobrasileiroserieb,2023,sampaiocorreafc,sampaiocorrea,93,True
campeonatobrasileiroserieb,2023,sportrecife,sport,62,False
campeonatobrasileiroserieb,2023,tombensefc,tombense,89,True
campeonatobrasileiroserieb,2023,vilanovafc,vilanova,89,True
campeonatobrasileiroserieb,2024,aapontepreta,pontepreta,91,True
campeonatobrasileiroserieb,2024,amazonasfc,amazonas,89,True
campeonatobrasileiroserieb,2024,americamineiro,americamg,70,True
campeonatobrasileiroserieb,2024,avaifc,avai,80,True
campeonatobrasileiroserieb,2024,botafogofc,botafogosp,80,True
campeonatobrasileiroserieb,2024,brusquefc,brusque,88,True
campeonatobrasileiroserieb,2024,cearasc,ceara,83,True
campeonatobrasileiroserieb,2024,chapecoense,chapecoense,100,True
campeonatobrasileiroserieb,2024,coritibafc,coritiba,89,True
campeonatobrasileiroserieb,2024,crb,crb,100,True
campeonatobrasileiroserieb,2024,goiasec,goias,83,True
campeonatobrasileiroserieb,2024,gremionovorizontino,novorizontino,81,True
campeonatobrasileiroserieb,2024,guaranifc,guarani,88,True
campeonatobrasileiroserieb,2024,ituanofc,ituano,86,True
campeonatobrasileiroserieb,2024,mirassolfc,mirassol,89,True
campeonatobrasileiroserieb,2024,operariofec,operariopr,76,True
campeonatobrasileiroserieb,2024,paysandusc,paysandu,89,True
campeonatobrasileiroserieb,2024,santosfc,santos,86,True
campeonatobrasileiroserieb,2024,sportrecife,sport,62,False
campeonatobrasileiroserieb,2024,vilanovafc,vilanova,89,True
challengerproleague,2006,afctubize,afctubize,100,True
challengerproleague,2006,fcvdendereh,fcvdendereh,100,True
challengerproleague,2006,kaseupen,kaseupen,100,True
challengerproleague,2006,kfcdesselsport,desselsport,88,True
challengerproleague,2006,kfcvwhamme,vwhamme,82,True
challengerproleague,2006,kmskdeinze2024,kmskdeinze,83,True
challengerproleague,2006,koverpeltlommelunited,overpeltlommel,80,True
challengerproleague,2006,krcwaregem,krcwaregem,100,True
challengerproleague,2006,kskronse2022,kskronse,80,True
challengerproleague,2006,kvkortrijk,kvkortrijk,100,True
challengerproleague,2006,kvktienen,kvktienen,100,True
challengerproleague,2006,kvmechelen,kvmechelen,100,True
challengerproleague,2006,kvoostende2024,kvoostende,83,True
challengerproleague,2006,kvredstarwaasland,rswaasland,74,True
challengerproleague,2006,oudheverleeleuven,ohleuven,64,False
challengerproleague,2006,royalantuerpiafc,antuerpia,72,True
challengerproleague,2006,royalexcelsiorvirton,revirton,57,False
challengerproleague,2006,unionsaintgilloise,unionsg,56,False
challengerproleague,2007,afctubize,afctubize,100,True
challengerproleague,2007,kaseupen,kaseupen,100,True
challengerproleague,2007,kfcverbroederinggeel2008,kfcvgeel,50,False
challengerproleague,2007,kfcvwhamme,vwhamme,82,True
challengerproleague,2007,kmskdeinze2024,kmskdeinze,83,True
challengerproleague,2007,koverpeltlommelunited,overpeltlommel,80,True
challengerproleague,2007,kskbeveren2010,kskbeveren,83,True
challengerproleague,2007,kvkortrijk,kvkortrijk,100,True
challengerproleague,2007,kvktienen,kvktienen,100,True
challengerproleague,2007,kvoostende2024,kvoostende,83,True
challengerproleague,2007,kvredstarwaasland,rswaasland,74,True
challengerproleague,2007,liersesk2018,liersesk,80,True
challengerproleague,2007,oudheverleeleuven,ohleuven,64,False
challengerproleague,2007,rfctournai,rfctournai,100,True
challengerproleague,2007,roccharleroimarchienne,roccharleroim,74,True
challengerproleague,2007,royalantuerpiafc,antuerpia,72,True
challengerproleague,2007,royalexcelsiorvirton,revirton,57,False
challengerproleague,2007,unionsaintgilloise,unionsg,56,False
challengerproleague,2007,urnamur,urnamur,100,True
challengerproleague,2008,fcbrussel,fcbrussel,100,True
challengerproleague,2008,kaseupen,kaseupen,100,True
challengerproleague,2008,kfcvwhamme,vwhamme,82,True
challengerproleague,2008,kmskdeinze2024,kmskdeinze,83,True
challengerproleague,2008,koverpeltlommelunited,overpeltlommel,80,True
challengerproleague,2008,kskbeveren2010,kskbeveren,83,True
challengerproleague,2008,kskronse2022,kskronse,80,True
challengerproleague,2008,kvktienen,kvktienen,100,True
challengerproleague,2008,kvoostende2024,kvoostende,83,True
challengerproleague,2008,kvredstarwaasland,rswaasland,74,True
challengerproleague,2008,liersesk2018,liersesk,80,True
challengerproleague,2008,oudheverleeleuven,ohleuven,64,False
challengerproleague,2008,rfcluttich,rfcluttich,100,True
challengerproleague,2008,rfctournai,rfctournai,100,True
challengerproleague,2008,roccharleroimarchienne,roccharleroim,74,True
challengerproleague,2008,royalantuerpiafc,antuerpia,72,True
challengerproleague,2008,royalexcelsiorvirton,revirton,57,False
challengerproleague,2008,urnamur,urnamur,100,True
challengerproleague,2008,vvsttruiden,sttruiden,90,True
challengerproleague,2009,afctubize,afctubize,100,True
challengerproleague,2009,fcbrussel,fcbrussel,100,True
challengerproleague,2009,fcvdendereh,fcvdendereh,100,True
challengerproleague,2009,kaseupen,kaseupen,100,True
challengerproleague,2009,koverpeltlommelunited,overpeltlommel,80,True
challengerproleague,2009,kskbeveren2010,kskbeveren,83,True
challengerproleague,2009,kskronse2022,kskronse,80,True
challengerproleague,2009,kvktienen,kvktienen,100,True
challengerproleague,2009,kvoostende2024,kvoostende,83,True
challengerproleague,2009,kvredstarwaasland,rswaasland,74,True
challengerproleague,2009,kvturnhout,kvturnhout,100,True
challengerproleague,2009,liersesk2018,liersesk,80,True
challengerproleague,2009,oudheverleeleuven,ohleuven,64,False
challengerproleague,2009,raecmons2015,raecmons,80,True
challengerproleague,2009,rfcluttich,rfcluttich,100,True
challengerproleague,2009,rfctournai,rfctournai,100,True
challengerproleague,2009,royalantuerpiafc,antuerpia,72,True
challengerproleague,2009,royalboussudourborinage,boussudour,61,False
challengerproleague,2009,standaardwetteren2015,wetteren,55,False
challengerproleague,2010,afctubize,afctubize,100,True
challengerproleague,2010,csvise2015,csvise,75,True
challengerproleague,2010,fcbrussel,fcbrussel,100,True
challengerproleague,2010,fcrupelboom,rupelboom,90,True
challengerproleague,2010,fcvdendereh,fcvdendereh,100,True
challengerproleague,2010,kskheist,kskheist,100,True
challengerproleague,2010,ksvroeselare2020,ksvroeselare,86,True
challengerproleague,2010,kvktienen,kvktienen,100,True
challengerproleague,2010,kvoostende2024,kvoostende,83,True
challengerproleague,2010,kvrswaaslandskbeveren,waaslandbeveren,83,True
challengerproleague,2010,kvturnhout,kvturnhout,100,True
challengerproleague,2010,lommelunited,lommelunited,100,True
challengerproleague,2010,oudheverleeleuven,ohleuven,64,False
challengerproleague,2010,raecmons2015,raecmons,80,True
challengerproleague,2010,rfctournai,rfctournai,100,True
challengerproleague,2010,royalantuerpiafc,antuerpia,72,True
challengerproleague,2010,royalboussudourborinage,boussudour,61,False
challengerproleague,2010,standaardwetteren2015,wetteren,55,False
challengerproleague,2011,afctubize,afctubize,100,True
challengerproleague,2011,csvise2015,csvise,75,True
challengerproleague,2011,fcbrussel,fcbrussel,100,True
challengerproleague,2011,fcvdendereh,fcvdendereh,100,True
challengerproleague,2011,kaseupen,kaseupen,100,True
challengerproleague,2011,kskheist,kskheist,100,True
challengerproleague,2011,ksvroeselare2020,ksvroeselare,86,True
challengerproleague,2011,kvktienen,kvktienen,100,True
challengerproleague,2011,kvoostende2024,kvoostende,83,True
challengerproleague,2011,kvrswaaslandskbeveren,waaslandbeveren,83,True
challengerproleague,2011,lommelunited,lommelunited,100,True
challengerproleague,2011,rcharleroisc,rcharleroisc,100,True
challengerproleague,2011,royalantuerpiafc,antuerpia,72,True
challengerproleague,2011,royalboussudourborinage,boussudour,61,False
challengerproleague,2011,sksintniklaas,sksintniklaas,100,True
challengerproleague,2011,standaardwetteren2015,wetteren,55,False
challengerproleague,2011,vceendrachtaalst20022024,eendrachtaalst,74,True
challengerproleague,2011,whitestarwoluwefc,whitestarwoluwe,94,True
challengerproleague,2012,afctubize,afctubize,100,True
challengerproleague,2012,csvise2015,csvise,75,True
challengerproleague,2012,fcbrussel,fcbrussel,100,True
challengerproleague,2012,kaseupen,kaseupen,100,True
challengerproleague,2012,kfcdesselsport,desselsport,88,True
challengerproleague,2012,kskheist,kskheist,100,True
challengerproleague,2012,ksvoudenaarde,ksvoudenaarde,100,True
challengerproleague,2012,ksvroeselare2020,ksvroeselare,86,True
challengerproleague,2012,kvcwesterlo,kvcwesterlo,100,True
challengerproleague,2012,kvoostende2024,kvoostende,83,True
challengerproleague,2012,lommelunited,lommelunited,100,True
challengerproleague,2012,royalantuerpiafc,antuerpia,72,True
challengerproleague,2012,royalboussudourborinage,boussudour,61,False
challengerproleague,2012,royalmouscronperuwelz,royalmouscron,76,True
challengerproleague,2012,sksintniklaas,sksintniklaas,100,True
challengerproleague,2012,vceendrachtaalst20022024,eendrachtaalst,74,True
challengerproleague,2012,vvsttruiden,sttruiden,90,True
challengerproleague,2012,whitestarwoluwefc,whitestarwoluwe,94,True
challengerproleague,2013,afctubize,afctubize,100,True
challengerproleague,2013,csvise2015,csvise,75,True
challengerproleague,2013,hoogstratenvv,hoogstratenvv,100,True
challengerproleague,2013,kaseupen,kaseupen,100,True
challengerproleague,2013,kfcdesselsport,desselsport,88,True
challengerproleague,2013,kskheist,kskheist,100,True
challengerproleague,2013,ksvroeselare2020,ksvroeselare,86,True
challengerproleague,2013,kvcwesterlo,kvcwesterlo,100,True
challengerproleague,2013,lommelunited,lommelunited,100,True
challengerproleague,2013,royalantuerpiafc,antuerpia,72,True
challengerproleague,2013,royalboussudourborinage,boussudour,61,False
challengerproleague,2013,royalexcelsiorvirton,revirton,57,False
challengerproleague,2013,royalmouscronperuwelz,royalmouscron,76,True
challengerproleague,2013,rwdmbrusselfc2014,rwdmbrussel,79,True
challengerproleague,2013,vceendrachtaalst20022024,eendrachtaalst,74,True
challengerproleague,2013,verbroederingmeerhout,asvgeel,29,False
challengerproleague,2013,vvsttruiden,sttruiden,90,True
challengerproleague,2013,whitestarbrussel2017,whitestar,62,False
challengerproleague,2014,afctubize,afctubize,100,True
challengerproleague,2014,kaseupen,kaseupen,100,True
challengerproleague,2014,kfcdesselsport,desselsport,88,True
challengerproleague,2014,krcmechelen,krcmechelen,100,True
challengerproleague,2014,kskheist,kskheist,100,True
challengerproleague,2014,ksvroeselare2020,ksvroeselare,86,True
challengerproleague,2014,kvwoluwezaventem,kvwzaventem,81,True
challengerproleague,2014,lommelunited,lommelunited,100,True
challengerproleague,2014,oudheverleeleuven,ohleuven,64,False
challengerproleague,2014,patroeisdenmaasmechelen,patroeisden,65,False
challengerproleague,2014,raecmons2015,raecmons,80,True
challengerproleague,2014,royalantuerpiafc,antuerpia,72,True
challengerproleague,2014,royalexcelsiorvirton,revirton,57,False
challengerproleague,2014,seraingunited,seraingunited,100,True
challengerproleague,2014,vceendrachtaalst20022024,eendrachtaalst,74,True
challengerproleague,2014,verbroederingmeerhout,asvgeel,29,False
challengerproleague,2014,vvsttruiden,sttruiden,90,True
challengerproleague,2014,whitestarbrussel2017,whitestar,62,False
challengerproleague,2015,afctubize,afctubize,100,True
challengerproleague,2015,cerclebrugge,cerclebrugge,100,True
challengerproleague,2015,kaseupen,kaseupen,100,True
challengerproleague,2015,kfcdesselsport,desselsport,88,True
challengerproleague,2015,kmskdeinze2024,kmskdeinze,83,True
challengerproleague,2015,kskheist,kskheist,100,True
challengerproleague,2015,ksvroeselare2020,ksvroeselare,86,True
challengerproleague,2015,kvvcoxyde2017,kvvcoxyde,82,True
challengerproleague,2015,liersesk2018,liersesk,80,True
challengerproleague,2015,lommelunited,lommelunited,100,True
challengerproleague,2015,patroeisdenmaasmechelen,patroeisden,65,False
challengerproleague,2015,rfcseraing,rfcseraing,100,True
challengerproleague,2015,royalantuerpiafc,antuerpia,72,True
challengerproleague,2015,royalexcelsiorvirton,revirton,57,False
challengerproleague,2015,unionsaintgilloise,unionsg,56,False
challengerproleague,2015,verbroederingmeerhout,asvgeel,29,False
challengerproleague,2015,whitestarbrussel2017,whitestar,62,False
challengerproleague,2016,afctubize,afctubize,100,True
challengerproleague,2016,cerclebrugge,cerclebrugge,100,True
challengerproleague,2016,ksvroeselare2020,ksvroeselare,86,True
challengerproleague,2016,liersesk2018,liersesk,80,True
challengerproleague,2016,lommelunited,lommelunited,100,True
challengerproleague,2016,oudheverleeleuven,ohleuven,64,False
challengerproleague,2016,royalantuerpiafc,antuerpia,72,True
challengerproleague,2016,unionsaintgilloise,unionsg,56,False
challengerproleague,2017,afctubize,afctubize,100,True
challengerproleague,2017,cerclebrugge,cerclebrugge,100,True
challengerproleague,2017,kfcobeerschotwilrijk,kfcobeerschot,79,True
challengerproleague,2017,ksvroeselare2020,ksvroeselare,86,True
challengerproleague,2017,kvcwesterlo,kvcwesterlo,100,True
challengerproleague,2017,liersesk2018,liersesk,80,True
challengerproleague,2017,oudheverleeleuven,ohleuven,64,False
challengerproleague,2017,unionsaintgilloise,unionsg,56,False
challengerproleague,2018,afctubize,afctubize,100,True
challengerproleague,2018,kfcobeerschotwilrijk,kfcobeerschot,79,True
challengerproleague,2018,ksvroeselare2020,ksvroeselare,86,True
challengerproleague,2018,kvcwesterlo,kvcwesterlo,100,True
challengerproleague,2018,kvmechelen,kvmechelen,100,True
challengerproleague,2018,lommelsk,lommelsk,100,True
challengerproleague,2018,oudheverleeleuven,ohleuven,64,False
challengerproleague,2018,unionsaintgilloise,unionsg,56,False
challengerproleague,2019,beerschotva,beerschotva,100,True
challengerproleague,2019,ksclokeren2020,ksclokeren,83,True
challengerproleague,2019,ksvroeselare2020,ksvroeselare,86,True
challengerproleague,2019,kvcwesterlo,kvcwesterlo,100,True
challengerproleague,2019,lommelsk,lommelsk,100,True
challengerproleague,2019,oudheverleeleuven,ohleuven,64,False
challengerproleague,2019,royalexcelsiorvirton,revirton,57,False
challengerproleague,2019,unionsaintgilloise,unionsg,56,False
challengerproleague,2020,clubnxt,clubnxt,100,True
challengerproleague,2020,kmskdeinze2024,kmskdeinze,83,True
challengerproleague,2020,kskliersekempenzonen,kskliersekem,75,True
challengerproleague,2020,kvcwesterlo,kvcwesterlo,100,True
challengerproleague,2020,lommelsk,lommelsk,100,True
challengerproleague,2020,rfcseraing,rfcseraing,100,True
challengerproleague,2020,rwdmolenbeek,rwdm,50,False
challengerproleague,2020,unionsaintgilloise,unionsg,56,False
challengerproleague,2021,kmskdeinze2024,kmskdeinze,83,True
challengerproleague,2021,kskliersekempenzonen,kskliersekem,75,True
challengerproleague,2021,kvcwesterlo,kvcwesterlo,100,True
challengerproleague,2021,kvrswaaslandskbeveren,waaslandbeveren,83,True
challengerproleague,2021,lommelsk,lommelsk,100,True
challengerproleague,2021,royalexcelmouscron2022,mouscron,53,False
challengerproleague,2021,royalexcelsiorvirton,revirton,57,False
challengerproleague,2021,rwdmolenbeek,rwdm,50,False
challengerproleague,2022,beerschotva,beerschotva,100,True
challengerproleague,2022,clubnxt,clubnxt,100,True
challengerproleague,2022,fcvdendereh,fcvdendereh,100,True
challengerproleague,2022,jonggenk,jonggenk,100,True
challengerproleague,2022,kmskdeinze2024,kmskdeinze,83,True
challengerproleague,2022,kskliersekempenzonen,kskliersekem,75,True
challengerproleague,2022,lommelsk,lommelsk,100,True
challengerproleague,2022,royalexcelsiorvirton,revirton,57,False
challengerproleague,2022,rscafutures,rscafutures,100,True
challengerproleague,2022,rwdmolenbeek,rwdm,50,False
challengerproleague,2022,skbeveren,skbeveren,100,True
challengerproleague,2022,standardlieja16fc,sl16fc,52,False
challengerproleague,2023,beerschotva,beerschotva,100,True
challengerproleague,2023,clubnxt,clubnxt,100,True
challengerproleague,2023,fcvdendereh,fcvdendereh,100,True
challengerproleague,2023,francsborains,francsborains,100,True
challengerproleague,2023,jonggenk,jonggenk,100,True
challengerproleague,2023,kmskdeinze2024,kmskdeinze,83,True
challengerproleague,2023,kskliersekempenzonen,kskliersekem,75,True
challengerproleague,2023,kvoostende2024,kvoostende,83,True
challengerproleague,2023,lommelsk,lommelsk,100,True
challengerproleague,2023,patroeisdenmaasmechelen,patroeisden,65,False
challengerproleague,2023,rfcluttich,rfcluttich,100,True
challengerproleague,2023,rfcseraing,rfcseraing,100,True
challengerproleague,2023,rscafutures,rscafutures,100,True
challengerproleague,2023,skbeveren,skbeveren,100,True
challengerproleague,2023,standardlieja16fc,sl16fc,52,False
challengerproleague,2023,zultewaregem,zultewaregem,100,True
challengerproleague,2024,clubnxt,clubnxt,100,True
challengerproleague,2024,francsborains,francsborains,100,True
challengerproleague,2024,jonggenk,jonggenk,100,True
challengerproleague,2024,kaseupen,kaseupen,100,True
challengerproleague,2024,kliersesk,liersesk,94,True
challengerproleague,2024,kmskdeinze2024,kmskdeinze,83,True
challengerproleague,2024,ksclokerentemse,lokerentemse,89,True
challengerproleague,2024,lommelsk,lommelsk,100,True
challengerproleague,2024,patroeisdenmaasmechelen,patroeisden,65,False
challengerproleague,2024,raallalouviere,lalouviere,83,True
challengerproleague,2024,rfcluttich,rfcluttich,100,True
challengerproleague,2024,rfcseraing,rfcseraing,100,True
challengerproleague,2024,rscafutures,rscafutures,100,True
challengerproleague,2024,rwdmolenbeek,rwdm,50,False
challengerproleague,2024,skbeveren,skbeveren,100,True
challengerproleague,2024,zultewaregem,zultewaregem,100,True
championship,2004,afcsunderland,afcsunderland,100,True
championship,2004,brightonhovealbion,brighton,62,False
championship,2004,cardiffcity,cardiff,78,True
championship,2004,coventrycity,coventrycity,100,True
championship,2004,crewealexandra,crewealexandra,100,True
championship,2004,derbycounty,derby,62,False
championship,2004,fcburnley,fcburnley,100,True
championship,2004,fcreading,reading,88,True
championship,2004,fcwatford,watford,88,True
championship,2004,gillinghamfc,gillingham,91,True
championship,2004,ipswichtownfc,ipswich,70,True
championship,2004,leedsunitedfc,leeds,56,False
championship,2004,leicestercityfc,leicester,75,True
championship,2004,millwallfc,millwall,89,True
championship,2004,nottinghamforest,nottmforest,81,True
championship,2004,plymouthargyle,plymouthargyle,100,True
championship,2004,prestonnorthend,prestonne,75,True
championship,2004,queensparkrangers,qpr,30,False
championship,2004,rotherhamunited,rotherham,75,True
championship,2004,sheffieldunited,sheffutd,70,True
championship,2004,stokecity,stoke,71,True
championship,2004,westhamunited,westham,70,True
championship,2004,wiganathletic,wigan,56,False
championship,2004,wolverhamptonwanderers,wolves,43,False
championship,2005,brightonhovealbion,brighton,62,False
championship,2005,cardiffcity,cardiff,78,True
championship,2005,coventrycity,coventrycity,100,True
championship,2005,crewealexandra,crewealexandra,100,True
championship,2005,crystalpalacefc,crystalpalace,93,True
championship,2005,derbycounty,derby,62,False
championship,2005,fcburnley,fcburnley,100,True
championship,2005,fcreading,reading,88,True
championship,2005,fcsouthampton,southampton,92,True
championship,2005,fcwatford,watford,88,True
championship,2005,hullcity,hullcity,100,True
championship,2005,ipswichtownfc,ipswich,70,True
championship,2005,leedsunitedfc,leeds,56,False
championship,2005,leicestercityfc,leicester,75,True
championship,2005,lutontown,luton,71,True
championship,2005,millwallfc,millwall,89,True
championship,2005,norwichcity,norwich,78,True
championship,2005,plymouthargyle,plymouthargyle,100,True
championship,2005,prestonnorthend,prestonne,75,True
championship,2005,queensparkrangers,qpr,30,False
championship,2005,sheffieldunited,sheffutd,70,True
championship,2005,sheffieldwednesday,sheffwed,62,False
championship,2005,stokecity,stoke,71,True
championship,2005,wolverhamptonwanderers,wolves,43,False
championship,2006,afcsunderland,afcsunderland,100,True
championship,2006,barnsleyfc,barnsleyfc,100,True
championship,2006,birminghamcity,birmingham,83,True
championship,2006,cardiffcity,cardiff,78,True
championship,2006,colchesterunited,colchesterutd,90,True
championship,2006,coventrycity,coventrycity,100,True
championship,2006,crystalpalacefc,crystalpalace,93,True
championship,2006,derbycounty,derby,62,False
championship,2006,fcburnley,fcburnley,100,True
championship,2006,fcsouthampton,southampton,92,True
championship,2006,hullcity,hullcity,100,True
championship,2006,ipswichtownfc,ipswich,70,True
championship,2006,leedsunitedfc,leeds,56,False
championship,2006,leicestercityfc,leicester,75,True
championship,2006,lutontown,luton,71,True
championship,2006,norwichcity,norwich,78,True
championship,2006,plymouthargyle,plymouthargyle,100,True
championship,2006,prestonnorthend,prestonne,75,True
championship,2006,queensparkrangers,qpr,30,False
championship,2006,sheffieldwednesday,sheffwed,62,False
championship,2006,southendunitedfc,southendunited,93,True
championship,2006,stokecity,stoke,71,True
championship,2006,westbromwichalbion,westbrom,62,False
championship,2006,wolverhamptonwanderers,wolves,43,False
championship,2007,barnsleyfc,barnsleyfc,100,True
championship,2007,blackpoolfc,blackpool,90,True
championship,2007,bristolcity,bristolcity,100,True
championship,2007,cardiffcity,cardiff,78,True
championship,2007,charltonathletic,charlton,67,False
championship,2007,colchesterunited,colchesterutd,90,True
championship,2007,coventrycity,coventrycity,100,True
championship,2007,crystalpalacefc,crystalpalace,93,True
championship,2007,fcburnley,fcburnley,100,True
championship,2007,fcsouthampton,southampton,92,True
championship,2007,fcwatford,watford,88,True
championship,2007,hullcity,hullcity,100,True
championship,2007,ipswichtownfc,ipswich,70,True
championship,2007,leicestercityfc,leicester,75,True
championship,2007,norwichcity,norwich,78,True
championship,2007,plymouthargyle,plymouthargyle,100,True
championship,2007,prestonnorthend,prestonne,75,True
championship,2007,queensparkrangers,qpr,30,False
championship,2007,scunthorpeunited,scunthorpeutd,90,True
championship,2007,sheffieldunited,sheffutd,70,True
championship,2007,sheffieldwednesday,sheffwed,62,False
championship,2007,stokecity,stoke,71,True
championship,2007,westbromwichalbion,westbrom,62,False
championship,2007,wolverhamptonwanderers,wolves,43,False
championship,2008,barnsleyfc,barnsleyfc,100,True
championship,2008,birminghamcity,birmingham,83,True
championship,2008,blackpoolfc,blackpool,90,True
championship,2008,bristolcity,bristolcity,100,True
championship,2008,cardiffcity,cardiff,78,True
championship,2008,charltonathletic,charlton,67,False
championship,2008,coventrycity,coventrycity,100,True
championship,2008,crystalpalacefc,crystalpalace,93,True
championship,2008,derbycounty,derby,62,False
championship,2008,doncasterrovers,doncasterrov,89,True
championship,2008,fcburnley,fcburnley,100,True
championship,2008,fcreading,reading,88,True
championship,2008,fcsouthampton,southampton,92,True
championship,2008,fcwatford,watford,88,True
championship,2008,ipswichtownfc,ipswich,70,True
championship,2008,norwichcity,norwich,78,True
championship,2008,nottinghamforest,nottmforest,81,True
championship,2008,plymouthargyle,plymouthargyle,100,True
championship,2008,prestonnorthend,prestonne,75,True
championship,2008,queensparkrangers,qpr,30,False
championship,2008,sheffieldunited,sheffutd,70,True
championship,2008,sheffieldwednesday,sheffwed,62,False
championship,2008,swanseacityafc,swansea,67,False
championship,2008,wolverhamptonwanderers,wolves,43,False
championship,2009,barnsleyfc,barnsleyfc,100,True
championship,2009,blackpoolfc,blackpool,90,True
championship,2009,bristolcity,bristolcity,100,True
championship,2009,cardiffcity,cardiff,78,True
championship,2009,coventrycity,coventrycity,100,True
championship,2009,crystalpalacefc,crystalpalace,93,True
championship,2009,derbycounty,derby,62,False
championship,2009,doncasterrovers,doncasterrov,89,True
championship,2009,fcmiddlesbrough,middlesbrough,93,True
championship,2009,fcreading,reading,88,True
championship,2009,fcwatford,watford,88,True
championship,2009,ipswichtownfc,ipswich,70,True
championship,2009,leicestercityfc,leicester,75,True
championship,2009,newcastleunited,newcastle,75,True
championship,2009,nottinghamforest,nottmforest,81,True
championship,2009,peterboroughunited,peterborough,80,True
championship,2009,plymouthargyle,plymouthargyle,100,True
championship,2009,prestonnorthend,prestonne,75,True
championship,2009,queensparkrangers,qpr,30,False
championship,2009,scunthorpeunited,scunthorpeutd,90,True
championship,2009,sheffieldunited,sheffutd,70,True
championship,2009,sheffieldwednesday,sheffwed,62,False
championship,2009,swanseacityafc,swansea,67,False
championship,2009,westbromwichalbion,westbrom,62,False
championship,2010,barnsleyfc,barnsleyfc,100,True
championship,2010,bristolcity,bristolcity,100,True
championship,2010,cardiffcity,cardiff,78,True
championship,2010,coventrycity,coventrycity,100,True
championship,2010,crystalpalacefc,crystalpalace,93,True
championship,2010,derbycounty,derby,62,False
championship,2010,doncasterrovers,doncasterrov,89,True
championship,2010,fcburnley,fcburnley,100,True
championship,2010,fcmiddlesbrough,middlesbrough,93,True
championship,2010,fcportsmouth,fcportsmouth,100,True
championship,2010,fcreading,reading,88,True
championship,2010,fcwatford,watford,88,True
championship,2010,hullcity,hullcity,100,True
championship,2010,ipswichtownfc,ipswich,70,True
championship,2010,leedsunitedfc,leeds,56,False
championship,2010,leicestercityfc,leicester,75,True
championship,2010,millwallfc,millwall,89,True
championship,2010,norwichcity,norwich,78,True
championship,2010,nottinghamforest,nottmforest,81,True
championship,2010,prestonnorthend,prestonne,75,True
championship,2010,queensparkrangers,qpr,30,False
championship,2010,scunthorpeunited,scunthorpeutd,90,True
championship,2010,sheffieldunited,sheffutd,70,True
championship,2010,swanseacityafc,swansea,67,False
championship,2011,barnsleyfc,barnsleyfc,100,True
championship,2011,birminghamcity,birmingham,83,True
championship,2011,blackpoolfc,blackpool,90,True
championship,2011,brightonhovealbion,brighton,62,False
championship,2011,bristolcity,bristolcity,100,True
championship,2011,cardiffcity,cardiff,78,True
championship,2011,coventrycity,coventrycity,100,True
championship,2011,crystalpalacefc,crystalpalace,93,True
championship,2011,derbycounty,derby,62,False
championship,2011,doncasterrovers,doncasterrov,89,True
championship,2011,fcburnley,fcburnley,100,True
championship,2011,fcmiddlesbrough,middlesbrough,93,True
championship,2011,fcportsmouth,fcportsmouth,100,True
championship,2011,fcreading,reading,88,True
championship,2011,fcsouthampton,southampton,92,True
championship,2011,fcwatford,watford,88,True
championship,2011,hullcity,hullcity,100,True
championship,2011,ipswichtownfc,ipswich,70,True
championship,2011,leedsunitedfc,leeds,56,False
championship,2011,leicestercityfc,leicester,75,True
championship,2011,millwallfc,millwall,89,True
championship,2011,nottinghamforest,nottmforest,81,True
championship,2011,peterboroughunited,peterborough,80,True
championship,2011,westhamunited,westham,70,True
championship,2012,barnsleyfc,barnsleyfc,100,True
championship,2012,birminghamcity,birmingham,83,True
championship,2012,blackburnrovers,blackburn,75,True
championship,2012,blackpoolfc,blackpool,90,True
championship,2012,boltonwanderers,bolton,57,False
championship,2012,brightonhovealbion,brighton,62,False
championship,2012,bristolcity,bristolcity,100,True
championship,2012,cardiffcity,cardiff,78,True
championship,2012,charltonathletic,charlton,67,False
championship,2012,crystalpalacefc,crystalpalace,93,True
championship,2012,derbycounty,derby,62,False
championship,2012,fcburnley,fcburnley,100,True
championship,2012,fcmiddlesbrough,middlesbrough,93,True
championship,2012,fcwatford,watford,88,True
championship,2012,huddersfieldtown,huddersfield,86,True
championship,2012,hullcity,hullcity,100,True
championship,2012,ipswichtownfc,ipswich,70,True
championship,2012,leedsunitedfc,leeds,56,False
championship,2012,leicestercityfc,leicester,75,True
championship,2012,millwallfc,millwall,89,True
championship,2012,nottinghamforest,nottmforest,81,True
championship,2012,peterboroughunited,peterborough,80,True
championship,2012,sheffieldwednesday,sheffwed,62,False
championship,2012,wolverhamptonwanderers,wolves,43,False
championship,2013,afcbournemouth,bournemouth,88,True
championship,2013,barnsleyfc,barnsleyfc,100,True
championship,2013,birminghamcity,birmingham,83,True
championship,2013,blackburnrovers,blackburn,75,True
championship,2013,blackpoolfc,blackpool,90,True
championship,2013,boltonwanderers,bolton,57,False
championship,2013,brightonhovealbion,brighton,62,False
championship,2013,charltonathletic,charlton,67,False
championship,2013,derbycounty,derby,62,False
championship,2013,doncasterrovers,doncasterrov,89,True
championship,2013,fcburnley,fcburnley,100,True
championship,2013,fcmiddlesbrough,middlesbrough,93,True
championship,2013,fcreading,reading,88,True
championship,2013,fcwatford,watford,88,True
championship,2013,huddersfieldtown,huddersfield,86,True
championship,2013,ipswichtownfc,ipswich,70,True
championship,2013,leedsunitedfc,leeds,56,False
championship,2013,leicestercityfc,leicester,75,True
championship,2013,millwallfc,millwall,89,True
championship,2013,nottinghamforest,nottmforest,81,True
championship,2013,queensparkrangers,qpr,30,False
championship,2013,sheffieldwednesday,sheffwed,62,False
championship,2013,wiganathletic,wigan,56,False
championship,2013,yeoviltown,yeoviltown,100,True
championship,2014,afcbournemouth,bournemouth,88,True
championship,2014,birminghamcity,birmingham,83,True
championship,2014,blackburnrovers,blackburn,75,True
championship,2014,blackpoolfc,blackpool,90,True
championship,2014,boltonwanderers,bolton,57,False
championship,2014,brentfordfc,brentford,90,True
championship,2014,brightonhovealbion,brighton,62,False
championship,2014,cardiffcity,cardiff,78,True
championship,2014,charltonathletic,charlton,67,False
championship,2014,derbycounty,derby,62,False
championship,2014,fcfulham,fulham,86,True
championship,2014,fcmiddlesbrough,middlesbrough,93,True
championship,2014,fcreading,reading,88,True
championship,2014,fcwatford,watford,88,True
championship,2014,huddersfieldtown,huddersfield,86,True
championship,2014,ipswichtownfc,ipswich,70,True
championship,2014,leedsunitedfc,leeds,56,False
championship,2014,millwallfc,millwall,89,True
championship,2014,norwichcity,norwich,78,True
championship,2014,nottinghamforest,nottmforest,81,True
championship,2014,rotherhamunited,rotherham,75,True
championship,2014,sheffieldwednesday,sheffwed,62,False
championship,2014,wiganathletic,wigan,56,False
championship,2014,wolverhamptonwanderers,wolves,43,False
championship,2015,birminghamcity,birmingham,83,True
championship,2015,blackburnrovers,blackburn,75,True
championship,2015,boltonwanderers,bolton,57,False
championship,2015,brentfordfc,brentford,90,True
championship,2015,brightonhovealbion,brighton,62,False
championship,2015,bristolcity,bristolcity,100,True
championship,2015,cardiffcity,cardiff,78,True
championship,2015,charltonathletic,charlton,67,False
championship,2015,derbycounty,derby,62,False
championship,2015,fcburnley,fcburnley,100,True
championship,2015,fcfulham,fulham,86,True
championship,2015,fcmiddlesbrough,middlesbrough,93,True
championship,2015,fcreading,reading,88,True
championship,2015,huddersfieldtown,huddersfield,86,True
championship,2015,hullcity,hullcity,100,True
championship,2015,ipswichtownfc,ipswich,70,True
championship,2015,leedsunitedfc,leeds,56,False
championship,2015,miltonkeynesdonsfc,mkdons,50,False
championship,2015,nottinghamforest,nottmforest,81,True
championship,2015,prestonnorthend,prestonne,75,True
championship,2015,queensparkrangers,qpr,30,False
championship,2015,rotherhamunited,rotherham,75,True
championship,2015,sheffieldwednesday,sheffwed,62,False
championship,2015,wolverhamptonwanderers,wolves,43,False
championship,2016,astonvillafc,astonvilla,91,True
championship,2016,barnsleyfc,barnsleyfc,100,True
championship,2016,birminghamcity,birmingham,83,True
championship,2016,blackburnrovers,blackburn,75,True
championship,2016,brentfordfc,brentford,90,True
championship,2016,brightonhovealbion,brighton,62,False
championship,2016,bristolcity,bristolcity,100,True
championship,2016,burtonalbion,burtonalbion,100,True
championship,2016,cardiffcity,cardiff,78,True
championship,2016,derbycounty,derby,62,False
championship,2016,fcfulham,fulham,86,True
championship,2016,fcreading,reading,88,True
championship,2016,huddersfieldtown,huddersfield,86,True
championship,2016,ipswichtownfc,ipswich,70,True
championship,2016,leedsunitedfc,leeds,56,False
championship,2016,newcastleunited,newcastle,75,True
championship,2016,norwichcity,norwich,78,True
championship,2016,nottinghamforest,nottmforest,81,True
championship,2016,prestonnorthend,prestonne,75,True
championship,2016,queensparkrangers,qpr,30,False
championship,2016,rotherhamunited,rotherham,75,True
championship,2016,sheffieldwednesday,sheffwed,62,False
championship,2016,wiganathletic,wigan,56,False
championship,2016,wolverhamptonwanderers,wolves,43,False
championship,2017,afcsunderland,afcsunderland,100,True
championship,2017,astonvillafc,astonvilla,91,True
championship,2017,barnsleyfc,barnsleyfc,100,True
championship,2017,birminghamcity,birmingham,83,True
championship,2017,boltonwanderers,bolton,57,False
championship,2017,brentfordfc,brentford,90,True
championship,2017,bristolcity,bristolcity,100,True
championship,2017,burtonalbion,burtonalbion,100,True
championship,2017,cardiffcity,cardiff,78,True
championship,2017,derbycounty,derby,62,False
championship,2017,fcfulham,fulham,86,True
championship,2017,fcmiddlesbrough,middlesbrough,93,True
championship,2017,fcreading,reading,88,True
championship,2017,hullcity,hullcity,100,True
championship,2017,ipswichtownfc,ipswich,70,True
championship,2017,leedsunitedfc,leeds,56,False
championship,2017,millwallfc,millwall,89,True
championship,2017,norwichcity,norwich,78,True
championship,2017,nottinghamforest,nottmforest,81,True
championship,2017,prestonnorthend,prestonne,75,True
championship,2017,queensparkrangers,qpr,30,False
championship,2017,sheffieldunited,sheffutd,70,True
championship,2017,sheffieldwednesday,sheffwed,62,False
championship,2017,wolverhamptonwanderers,wolves,43,False
championship,2018,astonvillafc,astonvilla,91,True
championship,2018,birminghamcity,birmingham,83,True
championship,2018,blackburnrovers,blackburn,75,True
championship,2018,boltonwanderers,bolton,57,False
championship,2018,brentfordfc,brentford,90,True
championship,2018,bristolcity,bristolcity,100,True
championship,2018,derbycounty,derby,62,False
championship,2018,fcmiddlesbrough,middlesbrough,93,True
championship,2018,fcreading,reading,88,True
championship,2018,hullcity,hullcity,100,True
championship,2018,ipswichtownfc,ipswich,70,True
championship,2018,leedsunitedfc,leeds,56,False
championship,2018,millwallfc,millwall,89,True
championship,2018,norwichcity,norwich,78,True
championship,2018,nottinghamforest,nottmforest,81,True
championship,2018,prestonnorthend,prestonne,75,True
championship,2018,queensparkrangers,qpr,30,False
championship,2018,rotherhamunited,rotherham,75,True
championship,2018,sheffieldunited,sheffutd,70,True
championship,2018,sheffieldwednesday,sheffwed,62,False
championship,2018,stokecity,stoke,71,True
championship,2018,swanseacityafc,swansea,67,False
championship,2018,westbromwichalbion,westbrom,62,False
championship,2018,wiganathletic,wigan,56,False
championship,2019,barnsleyfc,barnsleyfc,100,True
championship,2019,birminghamcity,birmingham,83,True
championship,2019,blackburnrovers,blackburn,75,True
championship,2019,brentfordfc,brentford,90,True
championship,2019,bristolcity,bristolcity,100,True
championship,2019,cardiffcity,cardiff,78,True
championship,2019,charltonathletic,charlton,67,False
championship,2019,derbycounty,derby,62,False
championship,2019,fcfulham,fulham,86,True
championship,2019,fcmiddlesbrough,middlesbrough,93,True
championship,2019,fcreading,reading,88,True
championship,2019,huddersfieldtown,huddersfield,86,True
championship,2019,hullcity,hullcity,100,True
championship,2019,leedsunitedfc,leeds,56,False
championship,2019,lutontown,luton,71,True
championship,2019,millwallfc,millwall,89,True
championship,2019,nottinghamforest,nottmforest,81,True
championship,2019,prestonnorthend,prestonne,75,True
championship,2019,queensparkrangers,qpr,30,False
championship,2019,sheffieldwednesday,sheffwed,62,False
championship,2019,stokecity,stoke,71,True
championship,2019,swanseacityafc,swansea,67,False
championship,2019,westbromwichalbion,westbrom,62,False
championship,2019,wiganathletic,wigan,56,False
championship,2020,afcbournemouth,bournemouth,88,True
championship,2020,barnsleyfc,barnsleyfc,100,True
championship,2020,birminghamcity,birmingham,83,True
championship,2020,blackburnrovers,blackburn,75,True
championship,2020,brentfordfc,brentford,90,True
championship,2020,bristolcity,bristolcity,100,True
championship,2020,cardiffcity,cardiff,78,True
championship,2020,coventrycity,coventrycity,100,True
championship,2020,derbycounty,derby,62,False
championship,2020,fcmiddlesbrough,middlesbrough,93,True
championship,2020,fcreading,reading,88,True
championship,2020,fcwatford,watford,88,True
championship,2020,huddersfieldtown,huddersfield,86,True
championship,2020,lutontown,luton,71,True
championship,2020,millwallfc,millwall,89,True
championship,2020,norwichcity,norwich,78,True
championship,2020,nottinghamforest,nottmforest,81,True
championship,2020,prestonnorthend,prestonne,75,True
championship,2020,queensparkrangers,qpr,30,False
championship,2020,rotherhamunited,rotherham,75,True
championship,2020,sheffieldwednesday,sheffwed,62,False
championship,2020,stokecity,stoke,71,True
championship,2020,swanseacityafc,swansea,67,False
championship,2020,wycombewanderers,wycombewand,81,True
championship,2021,afcbournemouth,bournemouth,88,True
championship,2021,barnsleyfc,barnsleyfc,100,True
championship,2021,birminghamcity,birmingham,83,True
championship,2021,blackburnrovers,blackburn,75,True
championship,2021,blackpoolfc,blackpool,90,True
championship,2021,bristolcity,bristolcity,100,True
championship,2021,cardiffcity,cardiff,78,True
championship,2021,coventrycity,coventrycity,100,True
championship,2021,derbycounty,derby,62,False
championship,2021,fcfulham,fulham,86,True
championship,2021,fcmiddlesbrough,middlesbrough,93,True
championship,2021,fcreading,reading,88,True
championship,2021,huddersfieldtown,huddersfield,86,True
championship,2021,hullcity,hullcity,100,True
championship,2021,lutontown,luton,71,True
championship,2021,millwallfc,millwall,89,True
championship,2021,nottinghamforest,nottmforest,81,True
championship,2021,peterboroughunited,peterborough,80,True
championship,2021,prestonnorthend,prestonne,75,True
championship,2021,queensparkrangers,qpr,30,False
championship,2021,sheffieldunited,sheffutd,70,True
championship,2021,stokecity,stoke,71,True
championship,2021,swanseacityafc,swansea,67,False
championship,2021,westbromwichalbion,westbrom,62,False
championship,2022,afcsunderland,afcsunderland,100,True
championship,2022,birminghamcity,birmingham,83,True
championship,2022,blackburnrovers,blackburn,75,True
championship,2022,blackpoolfc,blackpool,90,True
championship,2022,bristolcity,bristolcity,100,True
championship,2022,cardiffcity,cardiff,78,True
championship,2022,coventrycity,coventrycity,100,True
championship,2022,fcburnley,fcburnley,100,True
championship,2022,fcmiddlesbrough,middlesbrough,93,True
championship,2022,fcreading,reading,88,True
championship,2022,fcwatford,watford,88,True
championship,2022,huddersfieldtown,huddersfield,86,True
championship,2022,hullcity,hullcity,100,True
championship,2022,lutontown,luton,71,True
championship,2022,millwallfc,millwall,89,True
championship,2022,norwichcity,norwich,78,True
championship,2022,prestonnorthend,prestonne,75,True
championship,2022,queensparkrangers,qpr,30,False
championship,2022,rotherhamunited,rotherham,75,True
championship,2022,sheffieldunited,sheffutd,70,True
championship,2022,stokecity,stoke,71,True
championship,2022,swanseacityafc,swansea,67,False
championship,2022,westbromwichalbion,westbrom,62,False
championship,2022,wiganathletic,wigan,56,False
championship,2023,afcsunderland,afcsunderland,100,True
championship,2023,birminghamcity,birmingham,83,True
championship,2023,blackburnrovers,blackburn,75,True
championship,2023,bristolcity,bristolcity,100,True
championship,2023,cardiffcity,cardiff,78,True
championship,2023,coventrycity,coventrycity,100,True
championship,2023,fcmiddlesbrough,middlesbrough,93,True
championship,2023,fcsouthampton,southampton,92,True
championship,2023,fcwatford,watford,88,True
championship,2023,huddersfieldtown,huddersfield,86,True
championship,2023,hullcity,hullcity,100,True
championship,2023,ipswichtownfc,ipswich,70,True
championship,2023,leedsunitedfc,leeds,56,False
championship,2023,leicestercityfc,leicester,75,True
championship,2023,millwallfc,millwall,89,True
championship,2023,norwichcity,norwich,78,True
championship,2023,plymouthargyle,plymouthargyle,100,True
championship,2023,prestonnorthend,prestonne,75,True
championship,2023,queensparkrangers,qpr,30,False
championship,2023,rotherhamunited,rotherham,75,True
championship,2023,sheffieldwednesday,sheffwed,62,False
championship,2023,stokecity,stoke,71,True
championship,2023,swanseacityafc,swansea,67,False
championship,2023,westbromwichalbion,westbrom,62,False
championship,2024,afcsunderland,afcsunderland,100,True
championship,2024,blackburnrovers,blackburn,75,True
championship,2024,bristolcity,bristolcity,100,True
championship,2024,cardiffcity,cardiff,78,True
championship,2024,coventrycity,coventrycity,100,True
championship,2024,derbycounty,derby,62,False
championship,2024,fcburnley,fcburnley,100,True
championship,2024,fcmiddlesbrough,middlesbrough,93,True
championship,2024,fcportsmouth,fcportsmouth,100,True
championship,2024,fcwatford,watford,88,True
championship,2024,hullcity,hullcity,100,True
championship,2024,leedsunitedfc,leeds,56,False
championship,2024,lutontown,luton,71,True
championship,2024,millwallfc,millwall,89,True
championship,2024,norwichcity,norwich,78,True
championship,2024,oxfordunited,oxfordunited,100,True
championship,2024,plymouthargyle,plymouthargyle,100,True
championship,2024,prestonnorthend,prestonne,75,True
championship,2024,queensparkrangers,qpr,30,False
championship,2024,sheffieldunited,sheffutd,70,True
championship,2024,sheffieldwednesday,sheffwed,62,False
championship,2024,stokecity,stoke,71,True
championship,2024,swanseacityafc,swansea,67,False
championship,2024,westbromwichalbion,westbrom,62,False
j1league,2005,albirexniigata,albirexniigata,100,True
j1league,2005,cerezoosaka,cerezoosaka,100,True
j1league,2005,fctokyo,fctokyo,100,True
j1league,2005,gambaosaka,gambaosaka,100,True
j1league,2005,jefunitedchiba,jefutdchiba,88,True
j1league,2005,jubiloiwata,jubiloiwata,100,True
j1league,2005,kashimaantlers,kashimaantlers,100,True
j1league,2005,kashiwareysol,kashiwareysol,100,True
j1league,2005,kawasakifrontale,kawasakifront,90,True
j1league,2005,nagoyagrampus,nagoyagrampus,100,True
j1league,2005,oitatrinita,oitatrinita,100,True
j1league,2005,omiyaardija,omiyaardija,100,True
j1league,2005,sanfreccehiroshima,sanfhiroshima,84,True
j1league,2005,shimizuspulse,shimizuspulse,100,True
j1league,2005,tokyoverdy1969,tokyoverdy,83,True
j1league,2005,urawareddiamonds,urawareds,72,True
j1league,2005,visselkobe,visselkobe,100,True
j1league,2005,yokohamafmarinos,yokohamafm,77,True
j1league,2006,albirexniigata,albirexniigata,100,True
j1league,2006,avispafukuoka,avispafukuoka,100,True
j1league,2006,cerezoosaka,cerezoosaka,100,True
j1league,2006,fctokyo,fctokyo,100,True
j1league,2006,gambaosaka,gambaosaka,100,True
j1league,2006,jefunitedchiba,jefutdchiba,88,True
j1league,2006,jubiloiwata,jubiloiwata,100,True
j1league,2006,kashimaantlers,kashimaantlers,100,True
j1league,2006,kawasakifrontale,kawasakifront,90,True
j1league,2006,kyotopurplesanga,kyotopsanga,81,True
j1league,2006,nagoyagrampus,nagoyagrampus,100,True
j1league,2006,oitatrinita,oitatrinita,100,True
j1league,2006,omiyaardija,omiyaardija,100,True
j1league,2006,sanfreccehiroshima,sanfhiroshima,84,True
j1league,2006,shimizuspulse,shimizuspulse,100,True
j1league,2006,urawareddiamonds,urawareds,72,True
j1league,2006,ventforetkofu,ventforetkofu,100,True
j1league,2006,yokohamafmarinos,yokohamafm,77,True
j1league,2007,albirexniigata,albirexniigata,100,True
j1league,2007,fctokyo,fctokyo,100,True
j1league,2007,gambaosaka,gambaosaka,100,True
j1league,2007,jefunitedchiba,jefutdchiba,88,True
j1league,2007,jubiloiwata,jubiloiwata,100,True
j1league,2007,kashimaantlers,kashimaantlers,100,True
j1league,2007,kashiwareysol,kashiwareysol,100,True
j1league,2007,kawasakifrontale,kawasakifront,90,True
j1league,2007,nagoyagrampus,nagoyagrampus,100,True
j1league,2007,oitatrinita,oitatrinita,100,True
j1league,2007,omiyaardija,omiyaardija,100,True
j1league,2007,sanfreccehiroshima,sanfhiroshima,84,True
j1league,2007,shimizuspulse,shimizuspulse,100,True
j1league,2007,urawareddiamonds,urawareds,72,True
j1league,2007,ventforetkofu,ventforetkofu,100,True
j1league,2007,visselkobe,visselkobe,100,True
j1league,2007,yokohamafc,yokohamafc,100,True
j1league,2007,yokohamafmarinos,yokohamafm,77,True
j1league,2008,albirexniigata,albirexniigata,100,True
j1league,2008,consadolesapporo,cdolesapporo,86,True
j1league,2008,fctokyo,fctokyo,100,True
j1league,2008,gambaosaka,gambaosaka,100,True
j1league,2008,jefunitedchiba,jefutdchiba,88,True
j1league,2008,jubiloiwata,jubiloiwata,100,True
j1league,2008,kashimaantlers,kashimaantlers,100,True
j1league,2008,kashiwareysol,kashiwareysol,100,True
j1league,2008,kawasakifrontale,kawasakifront,90,True
j1league,2008,kyotosanga,kyotosanga,100,True
j1league,2008,nagoyagrampus,nagoyagrampus,100,True
j1league,2008,oitatrinita,oitatrinita,100,True
j1league,2008,omiyaardija,omiyaardija,100,True
j1league,2008,shimizuspulse,shimizuspulse,100,True
j1league,2008,tokyoverdy,tokyoverdy,100,True
j1league,2008,urawareddiamonds,urawareds,72,True
j1league,2008,visselkobe,visselkobe,100,True
j1league,2008,yokohamafmarinos,yokohamafm,77,True
j1league,2009,albirexniigata,albirexniigata,100,True
j1league,2009,fctokyo,fctokyo,100,True
j1league,2009,gambaosaka,gambaosaka,100,True
j1league,2009,jefunitedchiba,jefutdchiba,88,True
j1league,2009,jubiloiwata,jubiloiwata,100,True
j1league,2009,kashimaantlers,kashimaantlers,100,True
j1league,2009,kashiwareysol,kashiwareysol,100,True
j1league,2009,kawasakifrontale,kawasakifront,90,True
j1league,2009,kyotosanga,kyotosanga,100,True
j1league,2009,montedioyamagata,monteyamagata,90,True
j1league,2009,nagoyagrampus,nagoyagrampus,100,True
j1league,2009,oitatrinita,oitatrinita,100,True
j1league,2009,omiyaardija,omiyaardija,100,True
j1league,2009,sanfreccehiroshima,sanfhiroshima,84,True
j1league,2009,shimizuspulse,shimizuspulse,100,True
j1league,2009,urawareddiamonds,urawareds,72,True
j1league,2009,visselkobe,visselkobe,100,True
j1league,2009,yokohamafmarinos,yokohamafm,77,True
j1league,2010,albirexniigata,albirexniigata,100,True
j1league,2010,cerezoosaka,cerezoosaka,100,True
j1league,2010,fctokyo,fctokyo,100,True
j1league,2010,gambaosaka,gambaosaka,100,True
j1league,2010,jubiloiwata,jubiloiwata,100,True
j1league,2010,kashimaantlers,kashimaantlers,100,True
j1league,2010,kawasakifrontale,kawasakifront,90,True
j1league,2010,kyotosanga,kyotosanga,100,True
j1league,2010,montedioyamagata,monteyamagata,90,True
j1league,2010,nagoyagrampus,nagoyagrampus,100,True
j1league,2010,omiyaardija,omiyaardija,100,True
j1league,2010,sanfreccehiroshima,sanfhiroshima,84,True
j1league,2010,shimizuspulse,shimizuspulse,100,True
j1league,2010,shonanbellmare,shonanbellmare,100,True
j1league,2010,urawareddiamonds,urawareds,72,True
j1league,2010,vegaltasendai,vegaltasendai,100,True
j1league,2010,visselkobe,visselkobe,100,True
j1league,2010,yokohamafmarinos,yokohamafm,77,True
j1league,2011,albirexniigata,albirexniigata,100,True
j1league,2011,avispafukuoka,avispafukuoka,100,True
j1league,2011,cerezoosaka,cerezoosaka,100,True
j1league,2011,gambaosaka,gambaosaka,100,True
j1league,2011,jubiloiwata,jubiloiwata,100,True
j1league,2011,kashimaantlers,kashimaantlers,100,True
j1league,2011,kashiwareysol,kashiwareysol,100,True
j1league,2011,kawasakifrontale,kawasakifront,90,True
j1league,2011,montedioyamagata,monteyamagata,90,True
j1league,2011,nagoyagrampus,nagoyagrampus,100,True
j1league,2011,omiyaardija,omiyaardija,100,True
j1league,2011,sanfreccehiroshima,sanfhiroshima,84,True
j1league,2011,shimizuspulse,shimizuspulse,100,True
j1league,2011,urawareddiamonds,urawareds,72,True
j1league,2011,vegaltasendai,vegaltasendai,100,True
j1league,2011,ventforetkofu,ventforetkofu,100,True
j1league,2011,visselkobe,visselkobe,100,True
j1league,2011,yokohamafmarinos,yokohamafm,77,True
j1league,2012,albirexniigata,albirexniigata,100,True
j1league,2012,cerezoosaka,cerezoosaka,100,True
j1league,2012,consadolesapporo,cdolesapporo,86,True
j1league,2012,fctokyo,fctokyo,100,True
j1league,2012,gambaosaka,gambaosaka,100,True
j1league,2012,jubiloiwata,jubiloiwata,100,True
j1league,2012,kashimaantlers,kashimaantlers,100,True
j1league,2012,kashiwareysol,kashiwareysol,100,True
j1league,2012,kawasakifrontale,kawasakifront,90,True
j1league,2012,nagoyagrampus,nagoyagrampus,100,True
j1league,2012,omiyaardija,omiyaardija,100,True
j1league,2012,sagantosu,sagantosu,100,True
j1league,2012,sanfreccehiroshima,sanfhiroshima,84,True
j1league,2012,shimizuspulse,shimizuspulse,100,True
j1league,2012,urawareddiamonds,urawareds,72,True
j1league,2012,vegaltasendai,vegaltasendai,100,True
j1league,2012,visselkobe,visselkobe,100,True
j1league,2012,yokohamafmarinos,yokohamafm,77,True
j1league,2013,albirexniigata,albirexniigata,100,True
j1league,2013,cerezoosaka,cerezoosaka,100,True
j1league,2013,fctokyo,fctokyo,100,True
j1league,2013,jubiloiwata,jubiloiwata,100,True
j1league,2013,kashimaantlers,kashimaantlers,100,True
j1league,2013,kashiwareysol,kashiwareysol,100,True
j1league,2013,kawasakifrontale,kawasakifront,90,True
j1league,2013,nagoyagrampus,nagoyagrampus,100,True
j1league,2013,oitatrinita,oitatrinita,100,True
j1league,2013,omiyaardija,omiyaardija,100,True
j1league,2013,sagantosu,sagantosu,100,True
j1league,2013,sanfreccehiroshima,sanfhiroshima,84,True
j1league,2013,shimizuspulse,shimizuspulse,100,True
j1league,2013,shonanbellmare,shonanbellmare,100,True
j1league,2013,urawareddiamonds,urawareds,72,True
j1league,2013,vegaltasendai,vegaltasendai,100,True
j1league,2013,ventforetkofu,ventforetkofu,100,True
j1league,2013,yokohamafmarinos,yokohamafm,77,True
j1league,2014,albirexniigata,albirexniigata,100,True
j1league,2014,cerezoosaka,cerezoosaka,100,True
j1league,2014,fctokyo,fctokyo,100,True
j1league,2014,gambaosaka,gambaosaka,100,True
j1league,2014,kashimaantlers,kashimaantlers,100,True
j1league,2014,kashiwareysol,kashiwareysol,100,True
j1league,2014,kawasakifrontale,kawasakifront,90,True
j1league,2014,nagoyagrampus,nagoyagrampus,100,True
j1league,2014,omiyaardija,omiyaardija,100,True
j1league,2014,sagantosu,sagantosu,100,True
j1league,2014,sanfreccehiroshima,sanfhiroshima,84,True
j1league,2014,shimizuspulse,shimizuspulse,100,True
j1league,2014,tokushimavortis,tokushimavort,93,True
j1league,2014,urawareddiamonds,urawareds,72,True
j1league,2014,vegaltasendai,vegaltasendai,100,True
j1league,2014,ventforetkofu,ventforetkofu,100,True
j1league,2014,visselkobe,visselkobe,100,True
j1league,2014,yokohamafmarinos,yokohamafm,77,True
j1league,2015,albirexniigata,albirexniigata,100,True
j1league,2015,avispafukuoka,avispafukuoka,100,True
j1league,2015,cerezoosaka,cerezoosaka,100,True
j1league,2015,fagianookayama,fagianookayama,100,True
j1league,2015,fctokyo,fctokyo,100,True
j1league,2015,gambaosaka,gambaosaka,100,True
j1league,2015,kashimaantlers,kashimaantlers,100,True
j1league,2015,kashiwareysol,kashiwareysol,100,True
j1league,2015,kawasakifrontale,kawasakifront,90,True
j1league,2015,kyotosanga,kyotosanga,100,True
j1league,2015,machidazelvia,machidazelvia,100,True
j1league,2015,nagoyagrampus,nagoyagrampus,100,True
j1league,2015,sanfreccehiroshima,sanfhiroshima,84,True
j1league,2015,shimizuspulse,shimizuspulse,100,True
j1league,2015,shonanbellmare,shonanbellmare,100,True
j1league,2015,tokyoverdy,tokyoverdy,100,True
j1league,2015,urawareddiamonds,urawareds,72,True
j1league,2015,visselkobe,visselkobe,100,True
j1league,2015,yokohamafc,yokohamafc,100,True
j1league,2015,yokohamafmarinos,yokohamafm,77,True
j1league,2016,albirexniigata,albirexniigata,100,True
j1league,2016,avispafukuoka,avispafukuoka,100,True
j1league,2016,cerezoosaka,cerezoosaka,100,True
j1league,2016,fagianookayama,fagianookayama,100,True
j1league,2016,fctokyo,fctokyo,100,True
j1league,2016,gambaosaka,gambaosaka,100,True
j1league,2016,kashimaantlers,kashimaantlers,100,True
j1league,2016,kashiwareysol,kashiwareysol,100,True
j1league,2016,kawasakifrontale,kawasakifront,90,True
j1league,2016,kyotosanga,kyotosanga,100,True
j1league,2016,machidazelvia,machidazelvia,100,True
j1league,2016,nagoyagrampus,nagoyagrampus,100,True
j1league,2016,sanfreccehiroshima,sanfhiroshima,84,True
j1league,2016,shimizuspulse,shimizuspulse,100,True
j1league,2016,shonanbellmare,shonanbellmare,100,True
j1league,2016,tokyoverdy,tokyoverdy,100,True
j1league,2016,urawareddiamonds,urawareds,72,True
j1league,2016,visselkobe,visselkobe,100,True
j1league,2016,yokohamafc,yokohamafc,100,True
j1league,2016,yokohamafmarinos,yokohamafm,77,True
j1league,2017,albirexniigata,albirexniigata,100,True
j1league,2017,cerezoosaka,cerezoosaka,100,True
j1league,2017,fctokyo,fctokyo,100,True
j1league,2017,gambaosaka,gambaosaka,100,True
j1league,2017,hokkaidoconsadolesapporo,hcsapporo,55,False
j1league,2017,jubiloiwata,jubiloiwata,100,True
j1league,2017,kashimaantlers,kashimaantlers,100,True
j1league,2017,kashiwareysol,kashiwareysol,100,True
j1league,2017,kawasakifrontale,kawasakifront,90,True
j1league,2017,omiyaardija,omiyaardija,100,True
j1league,2017,sagantosu,sagantosu,100,True
j1league,2017,sanfreccehiroshima,sanfhiroshima,84,True
j1league,2017,shimizuspulse,shimizuspulse,100,True
j1league,2017,urawareddiamonds,urawareds,72,True
j1league,2017,vegaltasendai,vegaltasendai,100,True
j1league,2017,ventforetkofu,ventforetkofu,100,True
j1league,2017,visselkobe,visselkobe,100,True
j1league,2017,yokohamafmarinos,yokohamafm,77,True
j1league,2018,cerezoosaka,cerezoosaka,100,True
j1league,2018,fctokyo,fctokyo,100,True
j1league,2018,gambaosaka,gambaosaka,100,True
j1league,2018,hokkaidoconsadolesapporo,hcsapporo,55,False
j1league,2018,jubiloiwata,jubiloiwata,100,True
j1league,2018,kashimaantlers,kashimaantlers,100,True
j1league,2018,kashiwareysol,kashiwareysol,100,True
j1league,2018,kawasakifrontale,kawasakifront,90,True
j1league,2018,nagoyagrampus,nagoyagrampus,100,True
j1league,2018,sagantosu,sagantosu,100,True
j1league,2018,sanfreccehiroshima,sanfhiroshima,84,True
j1league,2018,shimizuspulse,shimizuspulse,100,True
j1league,2018,shonanbellmare,shonanbellmare,100,True
j1league,2018,urawareddiamonds,urawareds,72,True
j1league,2018,vegaltasendai,vegaltasendai,100,True
j1league,2018,visselkobe,visselkobe,100,True
j1league,2018,vvarennagasaki,vvnagasaki,83,True
j1league,2018,yokohamafmarinos,yokohamafm,77,True
j1league,2019,cerezoosaka,cerezoosaka,100,True
j1league,2019,fctokyo,fctokyo,100,True
j1league,2019,gambaosaka,gambaosaka,100,True
j1league,2019,hokkaidoconsadolesapporo,hcsapporo,55,False
j1league,2019,jubiloiwata,jubiloiwata,100,True
j1league,2019,kashimaantlers,kashimaantlers,100,True
j1league,2019,kawasakifrontale,kawasakifront,90,True
j1league,2019,matsumotoyamaga,matsumotoyama,93,True
j1league,2019,nagoyagrampus,nagoyagrampus,100,True
j1league,2019,oitatrinita,oitatrinita,100,True
j1league,2019,sagantosu,sagantosu,100,True
j1league,2019,sanfreccehiroshima,sanfhiroshima,84,True
j1league,2019,shimizuspulse,shimizuspulse,100,True
j1league,2019,shonanbellmare,shonanbellmare,100,True
j1league,2019,urawareddiamonds,urawareds,72,True
j1league,2019,vegaltasendai,vegaltasendai,100,True
j1league,2019,visselkobe,visselkobe,100,True
j1league,2019,yokohamafmarinos,yokohamafm,77,True
j1league,2020,cerezoosaka,cerezoosaka,100,True
j1league,2020,fctokyo,fctokyo,100,True
j1league,2020,gambaosaka,gambaosaka,100,True
j1league,2020,hokkaidoconsadolesapporo,hcsapporo,55,False
j1league,2020,kashimaantlers,kashimaantlers,100,True
j1league,2020,kashiwareysol,kashiwareysol,100,True
j1league,2020,kawasakifrontale,kawasakifront,90,True
j1league,2020,nagoyagrampus,nagoyagrampus,100,True
j1league,2020,oitatrinita,oitatrinita,100,True
j1league,2020,sagantosu,sagantosu,100,True
j1league,2020,sanfreccehiroshima,sanfhiroshima,84,True
j1league,2020,shimizuspulse,shimizuspulse,100,True
j1league,2020,shonanbellmare,shonanbellmare,100,True
j1league,2020,urawareddiamonds,urawareds,72,True
j1league,2020,vegaltasendai,vegaltasendai,100,True
j1league,2020,visselkobe,visselkobe,100,True
j1league,2020,yokohamafc,yokohamafc,100,True
j1league,2020,yokohamafmarinos,yokohamafm,77,True
j1league,2021,avispafukuoka,avispafukuoka,100,True
j1league,2021,cerezoosaka,cerezoosaka,100,True
j1league,2021,fctokyo,fctokyo,100,True
j1league,2021,gambaosaka,gambaosaka,100,True
j1league,2021,hokkaidoconsadolesapporo,hcsapporo,55,False
j1league,2021,kashimaantlers,kashimaantlers,100,True
j1league,2021,kashiwareysol,kashiwareysol,100,True
j1league,2021,kawasakifrontale,kawasakifront,90,True
j1league,2021,nagoyagrampus,nagoyagrampus,100,True
j1league,2021,oitatrinita,oitatrinita,100,True
j1league,2021,sagantosu,sagantosu,100,True
j1league,2021,sanfreccehiroshima,sanfhiroshima,84,True
j1league,2021,shimizuspulse,shimizuspulse,100,True
j1league,2021,shonanbellmare,shonanbellmare,100,True
j1league,2021,tokushimavortis,tokushimavort,93,True
j1league,2021,urawareddiamonds,urawareds,72,True
j1league,2021,vegaltasendai,vegaltasendai,100,True
j1league,2021,visselkobe,visselkobe,100,True
j1league,2021,yokohamafc,yokohamafc,100,True
j1league,2021,yokohamafmarinos,yokohamafm,77,True
j1league,2022,avispafukuoka,avispafukuoka,100,True
j1league,2022,cerezoosaka,cerezoosaka,100,True
j1league,2022,fctokyo,fctokyo,100,True
j1league,2022,gambaosaka,gambaosaka,100,True
j1league,2022,hokkaidoconsadolesapporo,hcsapporo,55,False
j1league,2022,jubiloiwata,jubiloiwata,100,True
j1league,2022,kashimaantlers,kashimaantlers,100,True
j1league,2022,kashiwareysol,kashiwareysol,100,True
j1league,2022,kawasakifrontale,kawasakifront,90,True
j1league,2022,kyotosanga,kyotosanga,100,True
j1league,2022,nagoyagrampus,nagoyagrampus,100,True
j1league,2022,sagantosu,sagantosu,100,True
j1league,2022,sanfreccehiroshima,sanfhiroshima,84,True
j1league,2022,shimizuspulse,shimizuspulse,100,True
j1league,2022,shonanbellmare,shonanbellmare,100,True
j1league,2022,urawareddiamonds,urawareds,72,True
j1league,2022,visselkobe,visselkobe,100,True
j1league,2022,yokohamafmarinos,yokohamafm,77,True
j1league,2023,albirexniigata,albirexniigata,100,True
j1league,2023,avispafukuoka,avispafukuoka,100,True
j1league,2023,cerezoosaka,cerezoosaka,100,True
j1league,2023,fctokyo,fctokyo,100,True
j1league,2023,gambaosaka,gambaosaka,100,True
j1league,2023,hokkaidoconsadolesapporo,hcsapporo,55,False
j1league,2023,kashimaantlers,kashimaantlers,100,True
j1league,2023,kashiwareysol,kashiwareysol,100,True
j1league,2023,kawasakifrontale,kawasakifront,90,True
j1league,2023,kyotosanga,kyotosanga,100,True
j1league,2023,nagoyagrampus,nagoyagrampus,100,True
j1league,2023,sagantosu,sagantosu,100,True
j1league,2023,sanfreccehiroshima,sanfhiroshima,84,True
j1league,2023,shonanbellmare,shonanbellmare,100,True
j1league,2023,urawareddiamonds,urawareds,72,True
j1league,2023,visselkobe,visselkobe,100,True
j1league,2023,yokohamafc,yokohamafc,100,True
j1league,2023,yokohamafmarinos,yokohamafm,77,True
j1league,2024,albirexniigata,albirexniigata,100,True
j1league,2024,avispafukuoka,avispafukuoka,100,True
j1league,2024,cerezoosaka,cerezoosaka,100,True
j1league,2024,fctokyo,fctokyo,100,True
j1league,2024,gambaosaka,gambaosaka,100,True
j1league,2024,hokkaidoconsadolesapporo,hcsapporo,55,False
j1league,2024,jubiloiwata,jubiloiwata,100,True
j1league,2024,kashimaantlers,kashimaantlers,100,True
j1league,2024,kashiwareysol,kashiwareysol,100,True
j1league,2024,kawasakifrontale,kawasakifront,90,True
j1league,2024,kyotosanga,kyotosanga,100,True
j1league,2024,machidazelvia,machidazelvia,100,True
j1league,2024,nagoyagrampus,nagoyagrampus,100,True
j1league,2024,sagantosu,sagantosu,100,True
j1league,2024,sanfreccehiroshima,sanfhiroshima,84,True
j1league,2024,shonanbellmare,shonanbellmare,100,True
j1league,2024,tokyoverdy,tokyoverdy,100,True
j1league,2024,urawareddiamonds,urawareds,72,True
j1league,2024,visselkobe,visselkobe,100,True
j1league,2024,yokohamafmarinos,yokohamafm,77,True
j2league,2010,avispafukuoka,avispafukuoka,100,True
j2league,2010,consadolesapporo,cdolesapporo,86,True
j2league,2010,ehimefc,ehimefc,100,True
j2league,2010,fagianookayama,fagianookayama,100,True
j2league,2010,fcgifu,fcgifu,100,True
j2league,2010,giravanzkitakyushu,girkitakyushu,84,True
j2league,2010,jefunitedchiba,jefutdchiba,88,True
j2league,2010,kashiwareysol,kashiwareysol,100,True
j2league,2010,katallertoyama,katallertoyama,100,True
j2league,2010,mitohollyhock,mitohollyhock,100,True
j2league,2010,oitatrinita,oitatrinita,100,True
j2league,2010,roassokumamoto,roassokumamoto,100,True
j2league,2010,sagantosu,sagantosu,100,True
j2league,2010,thespakusatsu,thespakusatsu,100,True
j2league,2010,tochigisc,tochigisc,100,True
j2league,2010,tokushimavortis,tokushimavort,93,True
j2league,2010,tokyoverdy,tokyoverdy,100,True
j2league,2010,ventforetkofu,ventforetkofu,100,True
j2league,2010,yokohamafc,yokohamafc,100,True
j2league,2011,consadolesapporo,cdolesapporo,86,True
j2league,2011,ehimefc,ehimefc,100,True
j2league,2011,fagianookayama,fagianookayama,100,True
j2league,2011,fcgifu,fcgifu,100,True
j2league,2011,fctokyo,fctokyo,100,True
j2league,2011,gainaretottori,gainaretottori,100,True
j2league,2011,giravanzkitakyushu,girkitakyushu,84,True
j2league,2011,jefunitedchiba,jefutdchiba,88,True
j2league,2011,katallertoyama,katallertoyama,100,True
j2league,2011,kyotosanga,kyotosanga,100,True
j2league,2011,mitohollyhock,mitohollyhock,100,True
j2league,2011,oitatrinita,oitatrinita,100,True
j2league,2011,roassokumamoto,roassokumamoto,100,True
j2league,2011,sagantosu,sagantosu,100,True
j2league,2011,shonanbellmare,shonanbellmare,100,True
j2league,2011,thespakusatsu,thespakusatsu,100,True
j2league,2011,tochigisc,tochigisc,100,True
j2league,2011,tokushimavortis,tokushimavort,93,True
j2league,2011,tokyoverdy,tokyoverdy,100,True
j2league,2011,yokohamafc,yokohamafc,100,True
j2league,2012,avispafukuoka,avispafukuoka,100,True
j2league,2012,ehimefc,ehimefc,100,True
j2league,2012,fagianookayama,fagianookayama,100,True
j2league,2012,fcgifu,fcgifu,100,True
j2league,2012,gainaretottori,gainaretottori,100,True
j2league,2012,giravanzkitakyushu,girkitakyushu,84,True
j2league,2012,jefunitedchiba,jefutdchiba,88,True
j2league,2012,katallertoyama,katallertoyama,100,True
j2league,2012,kyotosanga,kyotosanga,100,True
j2league,2012,machidazelvia,machidazelvia,100,True
j2league,2012,matsumotoyamaga,matsumotoyama,93,True
j2league,2012,mitohollyhock,mitohollyhock,100,True
j2league,2012,montedioyamagata,monteyamagata,90,True
j2league,2012,oitatrinita,oitatrinita,100,True
j2league,2012,roassokumamoto,roassokumamoto,100,True
j2league,2012,shonanbellmare,shonanbellmare,100,True
j2league,2012,thespakusatsu,thespakusatsu,100,True
j2league,2012,tochigisc,tochigisc,100,True
j2league,2012,tokushimavortis,tokushimavort,93,True
j2league,2012,tokyoverdy,tokyoverdy,100,True
j2league,2012,ventforetkofu,ventforetkofu,100,True
j2league,2012,yokohamafc,yokohamafc,100,True
j2league,2013,avispafukuoka,avispafukuoka,100,True
j2league,2013,consadolesapporo,cdolesapporo,86,True
j2league,2013,ehimefc,ehimefc,100,True
j2league,2013,fagianookayama,fagianookayama,100,True
j2league,2013,fcgifu,fcgifu,100,True
j2league,2013,gainaretottori,gainaretottori,100,True
j2league,2013,gambaosaka,gambaosaka,100,True
j2league,2013,giravanzkitakyushu,girkitakyushu,84,True
j2league,2013,jefunitedchiba,jefutdchiba,88,True
j2league,2013,katallertoyama,katallertoyama,100,True
j2league,2013,kyotosanga,kyotosanga,100,True
j2league,2013,matsumotoyamaga,matsumotoyama,93,True
j2league,2013,mitohollyhock,mitohollyhock,100,True
j2league,2013,montedioyamagata,monteyamagata,90,True
j2league,2013,roassokumamoto,roassokumamoto,100,True
j2league,2013,thespakusatsugunma,thespakugunma,84,True
j2league,2013,tochigisc,tochigisc,100,True
j2league,2013,tokushimavortis,tokushimavort,93,True
j2league,2013,tokyoverdy,tokyoverdy,100,True
j2league,2013,visselkobe,visselkobe,100,True
j2league,2013,vvarennagasaki,vvnagasaki,83,True
j2league,2013,yokohamafc,yokohamafc,100,True
j2league,2014,avispafukuoka,avispafukuoka,100,True
j2league,2014,consadolesapporo,cdolesapporo,86,True
j2league,2014,ehimefc,ehimefc,100,True
j2league,2014,fagianookayama,fagianookayama,100,True
j2league,2014,fcgifu,fcgifu,100,True
j2league,2014,giravanzkitakyushu,girkitakyushu,84,True
j2league,2014,jefunitedchiba,jefutdchiba,88,True
j2league,2014,jubiloiwata,jubiloiwata,100,True
j2league,2014,kamatamaresanuki,kamatamsanuki,90,True
j2league,2014,katallertoyama,katallertoyama,100,True
j2league,2014,kyotosanga,kyotosanga,100,True
j2league,2014,matsumotoyamaga,matsumotoyama,93,True
j2league,2014,mitohollyhock,mitohollyhock,100,True
j2league,2014,montedioyamagata,monteyamagata,90,True
j2league,2014,oitatrinita,oitatrinita,100,True
j2league,2014,roassokumamoto,roassokumamoto,100,True
j2league,2014,shonanbellmare,shonanbellmare,100,True
j2league,2014,thespakusatsugunma,thespakugunma,84,True
j2league,2014,tochigisc,tochigisc,100,True
j2league,2014,tokyoverdy,tokyoverdy,100,True
j2league,2014,vvarennagasaki,vvnagasaki,83,True
j2league,2014,yokohamafc,yokohamafc,100,True
j2league,2015,avispafukuoka,avispafukuoka,100,True
j2league,2015,cerezoosaka,cerezoosaka,100,True
j2league,2015,consadolesapporo,cdolesapporo,86,True
j2league,2015,ehimefc,ehimefc,100,True
j2league,2015,fagianookayama,fagianookayama,100,True
j2league,2015,fcgifu,fcgifu,100,True
j2league,2015,giravanzkitakyushu,girkitakyushu,84,True
j2league,2015,jefunitedchiba,jefutdchiba,88,True
j2league,2015,jubiloiwata,jubiloiwata,100,True
j2league,2015,kamatamaresanuki,kamatamsanuki,90,True
j2league,2015,kyotosanga,kyotosanga,100,True
j2league,2015,mitohollyhock,mitohollyhock,100,True
j2league,2015,oitatrinita,oitatrinita,100,True
j2league,2015,omiyaardija,omiyaardija,100,True
j2league,2015,roassokumamoto,roassokumamoto,100,True
j2league,2015,thespakusatsugunma,thespakugunma,84,True
j2league,2015,tochigisc,tochigisc,100,True
j2league,2015,tokushimavortis,tokushimavort,93,True
j2league,2015,tokyoverdy,tokyoverdy,100,True
j2league,2015,vvarennagasaki,vvnagasaki,83,True
j2league,2015,yokohamafc,yokohamafc,100,True
j2league,2015,zweigenkanazawa,zweigkanazawa,93,True
j2league,2016,cerezoosaka,cerezoosaka,100,True
j2league,2016,ehimefc,ehimefc,100,True
j2league,2016,fagianookayama,fagianookayama,100,True
j2league,2016,fcgifu,fcgifu,100,True
j2league,2016,giravanzkitakyushu,girkitakyushu,84,True
j2league,2016,hokkaidoconsadolesapporo,hcsapporo,55,False
j2league,2016,jefunitedchiba,jefutdchiba,88,True
j2league,2016,kamatamaresanuki,kamatamsanuki,90,True
j2league,2016,kyotosanga,kyotosanga,100,True
j2league,2016,machidazelvia,machidazelvia,100,True
j2league,2016,matsumotoyamaga,matsumotoyama,93,True
j2league,2016,mitohollyhock,mitohollyhock,100,True
j2league,2016,montedioyamagata,monteyamagata,90,True
j2league,2016,renofayamaguchi,renoyamaguchi,93,True
j2league,2016,roassokumamoto,roassokumamoto,100,True
j2league,2016,shimizuspulse,shimizuspulse,100,True
j2league,2016,thespakusatsugunma,thespakugunma,84,True
j2league,2016,tokushimavortis,tokushimavort,93,True
j2league,2016,tokyoverdy,tokyoverdy,100,True
j2league,2016,vvarennagasaki,vvnagasaki,83,True
j2league,2016,yokohamafc,yokohamafc,100,True
j2league,2016,zweigenkanazawa,zweigkanazawa,93,True
j2league,2017,avispafukuoka,avispafukuoka,100,True
j2league,2017,ehimefc,ehimefc,100,True
j2league,2017,fagianookayama,fagianookayama,100,True
j2league,2017,fcgifu,fcgifu,100,True
j2league,2017,jefunitedchiba,jefutdchiba,88,True
j2league,2017,kamatamaresanuki,kamatamsanuki,90,True
j2league,2017,kyotosanga,kyotosanga,100,True
j2league,2017,machidazelvia,machidazelvia,100,True
j2league,2017,matsumotoyamaga,matsumotoyama,93,True
j2league,2017,mitohollyhock,mitohollyhock,100,True
j2league,2017,montedioyamagata,monteyamagata,90,True
j2league,2017,nagoyagrampus,nagoyagrampus,100,True
j2league,2017,oitatrinita,oitatrinita,100,True
j2league,2017,renofayamaguchi,renoyamaguchi,93,True
j2league,2017,roassokumamoto,roassokumamoto,100,True
j2league,2017,shonanbellmare,shonanbellmare,100,True
j2league,2017,thespakusatsugunma,thespakugunma,84,True
j2league,2017,tokushimavortis,tokushimavort,93,True
j2league,2017,tokyoverdy,tokyoverdy,100,True
j2league,2017,vvarennagasaki,vvnagasaki,83,True
j2league,2017,yokohamafc,yokohamafc,100,True
j2league,2017,zweigenkanazawa,zweigkanazawa,93,True
j2league,2018,albirexniigata,albirexniigata,100,True
j2league,2018,avispafukuoka,avispafukuoka,100,True
j2league,2018,ehimefc,ehimefc,100,True
j2league,2018,fagianookayama,fagianookayama,100,True
j2league,2018,fcgifu,fcgifu,100,True
j2league,2018,jefunitedchiba,jefutdchiba,88,True
j2league,2018,kamatamaresanuki,kamatamsanuki,90,True
j2league,2018,kyotosanga,kyotosanga,100,True
j2league,2018,machidazelvia,machidazelvia,100,True
j2league,2018,matsumotoyamaga,matsumotoyama,93,True
j2league,2018,mitohollyhock,mitohollyhock,100,True
j2league,2018,montedioyamagata,monteyamagata,90,True
j2league,2018,oitatrinita,oitatrinita,100,True
j2league,2018,omiyaardija,omiyaardija,100,True
j2league,2018,renofayamaguchi,renoyamaguchi,93,True
j2league,2018,roassokumamoto,roassokumamoto,100,True
j2league,2018,tochigisc,tochigisc,100,True
j2league,2018,tokushimavortis,tokushimavort,93,True
j2league,2018,tokyoverdy,tokyoverdy,100,True
j2league,2018,ventforetkofu,ventforetkofu,100,True
j2league,2018,yokohamafc,yokohamafc,100,True
j2league,2018,zweigenkanazawa,zweigkanazawa,93,True
j2league,2019,albirexniigata,albirexniigata,100,True
j2league,2019,avispafukuoka,avispafukuoka,100,True
j2league,2019,ehimefc,ehimefc,100,True
j2league,2019,fagianookayama,fagianookayama,100,True
j2league,2019,fcgifu,fcgifu,100,True
j2league,2019,fcryukyu,fcryukyu,100,True
j2league,2019,jefunitedchiba,jefutdchiba,88,True
j2league,2019,kagoshimaunited,kagoshimautd,89,True
j2league,2019,kashiwareysol,kashiwareysol,100,True
j2league,2019,kyotosanga,kyotosanga,100,True
j2league,2019,machidazelvia,machidazelvia,100,True
j2league,2019,mitohollyhock,mitohollyhock,100,True
j2league,2019,montedioyamagata,monteyamagata,90,True
j2league,2019,omiyaardija,omiyaardija,100,True
j2league,2019,renofayamaguchi,renoyamaguchi,93,True
j2league,2019,tochigisc,tochigisc,100,True
j2league,2019,tokushimavortis,tokushimavort,93,True
j2league,2019,tokyoverdy,tokyoverdy,100,True
j2league,2019,ventforetkofu,ventforetkofu,100,True
j2league,2019,vvarennagasaki,vvnagasaki,83,True
j2league,2019,yokohamafc,yokohamafc,100,True
j2league,2019,zweigenkanazawa,zweigkanazawa,93,True
j2league,2020,albirexniigata,albirexniigata,100,True
j2league,2020,avispafukuoka,avispafukuoka,100,True
j2league,2020,ehimefc,ehimefc,100,True
j2league,2020,fagianookayama,fagianookayama,100,True
j2league,2020,fcryukyu,fcryukyu,100,True
j2league,2020,giravanzkitakyushu,girkitakyushu,84,True
j2league,2020,jefunitedchiba,jefutdchiba,88,True
j2league,2020,jubiloiwata,jubiloiwata,100,True
j2league,2020,kyotosanga,kyotosanga,100,True
j2league,2020,machidazelvia,machidazelvia,100,True
j2league,2020,matsumotoyamaga,matsumotoyama,93,True
j2league,2020,mitohollyhock,mitohollyhock,100,True
j2league,2020,montedioyamagata,monteyamagata,90,True
j2league,2020,omiyaardija,omiyaardija,100,True
j2league,2020,renofayamaguchi,renoyamaguchi,93,True
j2league,2020,thespakusatsugunma,thespakugunma,84,True
j2league,2020,tochigisc,tochigisc,100,True
j2league,2020,tokushimavortis,tokushimavort,93,True
j2league,2020,tokyoverdy,tokyoverdy,100,True
j2league,2020,ventforetkofu,ventforetkofu,100,True
j2league,2020,vvarennagasaki,vvnagasaki,83,True
j2league,2020,zweigenkanazawa,zweigkanazawa,93,True
j2league,2021,albirexniigata,albirexniigata,100,True
j2league,2021,blaublitzakita,blaublitzakita,100,True
j2league,2021,ehimefc,ehimefc,100,True
j2league,2021,fagianookayama,fagianookayama,100,True
j2league,2021,fcryukyu,fcryukyu,100,True
j2league,2021,giravanzkitakyushu,girkitakyushu,84,True
j2league,2021,jefunitedchiba,jefutdchiba,88,True
j2league,2021,jubiloiwata,jubiloiwata,100,True
j2league,2021,kyotosanga,kyotosanga,100,True
j2league,2021,machidazelvia,machidazelvia,100,True
j2league,2021,matsumotoyamaga,matsumotoyama,93,True
j2league,2021,mitohollyhock,mitohollyhock,100,True
j2league,2021,montedioyamagata,monteyamagata,90,True
j2league,2021,omiyaardija,omiyaardija,100,True
j2league,2021,renofayamaguchi,renoyamaguchi,93,True
j2league,2021,scsagamihara,scsagamihara,100,True
j2league,2021,thespakusatsugunma,thespakugunma,84,True
j2league,2021,tochigisc,tochigisc,100,True
j2league,2021,tokyoverdy,tokyoverdy,100,True
j2league,2021,ventforetkofu,ventforetkofu,100,True
j2league,2021,vvarennagasaki,vvnagasaki,83,True
j2league,2021,zweigenkanazawa,zweigkanazawa,93,True
j2league,2022,albirexniigata,albirexniigata,100,True
j2league,2022,blaublitzakita,blaublitzakita,100,True
j2league,2022,fagianookayama,fagianookayama,100,True
j2league,2022,fcryukyu,fcryukyu,100,True
j2league,2022,iwategrullamorioka,iwategrullam,80,True
j2league,2022,jefunitedchiba,jefutdchiba,88,True
j2league,2022,machidazelvia,machidazelvia,100,True
j2league,2022,mitohollyhock,mitohollyhock,100,True
j2league,2022,montedioyamagata,monteyamagata,90,True
j2league,2022,oitatrinita,oitatrinita,100,True
j2league,2022,omiyaardija,omiyaardija,100,True
j2league,2022,renofayamaguchi,renoyamaguchi,93,True
j2league,2022,roassokumamoto,roassokumamoto,100,True
j2league,2022,thespakusatsugunma,thespakugunma,84,True
j2league,2022,tochigisc,tochigisc,100,True
j2league,2022,tokushimavortis,tokushimavort,93,True
j2league,2022,tokyoverdy,tokyoverdy,100,True
j2league,2022,vegaltasendai,vegaltasendai,100,True
j2league,2022,ventforetkofu,ventforetkofu,100,True
j2league,2022,vvarennagasaki,vvnagasaki,83,True
j2league,2022,yokohamafc,yokohamafc,100,True
j2league,2022,zweigenkanazawa,zweigkanazawa,93,True
j2league,2023,blaublitzakita,blaublitzakita,100,True
j2league,2023,fagianookayama,fagianookayama,100,True
j2league,2023,fujiedamyfc,fujiedamyfc,100,True
j2league,2023,iwakifc,iwakifc,100,True
j2league,2023,jefunitedchiba,jefutdchiba,88,True
j2league,2023,jubiloiwata,jubiloiwata,100,True
j2league,2023,machidazelvia,machidazelvia,100,True
j2league,2023,mitohollyhock,mitohollyhock,100,True
j2league,2023,montedioyamagata,monteyamagata,90,True
j2league,2023,oitatrinita,oitatrinita,100,True
j2league,2023,omiyaardija,omiyaardija,100,True
j2league,2023,renofayamaguchi,renoyamaguchi,93,True
j2league,2023,roassokumamoto,roassokumamoto,100,True
j2league,2023,shimizuspulse,shimizuspulse,100,True
j2league,2023,thespakusatsugunma,thespakugunma,84,True
j2league,2023,tochigisc,tochigisc,100,True
j2league,2023,tokushimavortis,tokushimavort,93,True
j2league,2023,tokyoverdy,tokyoverdy,100,True
j2league,2023,vegaltasendai,vegaltasendai,100,True
j2league,2023,ventforetkofu,ventforetkofu,100,True
j2league,2023,vvarennagasaki,vvnagasaki,83,True
j2league,2023,zweigenkanazawa,zweigkanazawa,93,True
j2league,2024,blaublitzakita,blaublitzakita,100,True
j2league,2024,ehimefc,ehimefc,100,True
j2league,2024,fagianookayama,fagianookayama,100,True
j2league,2024,fujiedamyfc,fujiedamyfc,100,True
j2league,2024,iwakifc,iwakifc,100,True
j2league,2024,jefunitedchiba,jefutdchiba,88,True
j2league,2024,kagoshimaunited,kagoshimautd,89,True
j2league,2024,mitohollyhock,mitohollyhock,100,True
j2league,2024,montedioyamagata,monteyamagata,90,True
j2league,2024,oitatrinita,oitatrinita,100,True
j2league,2024,renofayamaguchi,renoyamaguchi,93,True
j2league,2024,roassokumamoto,roassokumamoto,100,True
j2league,2024,shimizuspulse,shimizuspulse,100,True
j2league,2024,thespagunma,thespagunma,100,True
j2league,2024,tochigisc,tochigisc,100,True
j2league,2024,tokushimavortis,tokushimavort,93,True
j2league,2024,vegaltasendai,vegaltasendai,100,True
j2league,2024,ventforetkofu,ventforetkofu,100,True
j2league,2024,vvarennagasaki,vvnagasaki,83,True
j2league,2024,yokohamafc,yokohamafc,100,True
jupilerproleague,2008,afctubize,afctubize,100,True
jupilerproleague,2008,cerclebrugge,cerclebrugge,100,True
jupilerproleague,2008,clubbrugge,clubbrugge,100,True
jupilerproleague,2008,excelsiormouscron2009,excmouscron,69,False
jupilerproleague,2008,fcvdendereh,fcvdendereh,100,True
jupilerproleague,2008,germinalbeerschotantwerpen,germbeerschot,67,False
jupilerproleague,2008,kaagent,kaagent,100,True
jupilerproleague,2008,krcgenk,krcgenk,100,True
jupilerproleague,2008,ksclokeren2020,ksclokeren,83,True
jupilerproleague,2008,ksvroeselare2020,ksvroeselare,86,True
jupilerproleague,2008,kvcwesterlo,kvcwesterlo,100,True
jupilerproleague,2008,kvkortrijk,kvkortrijk,100,True
jupilerproleague,2008,kvmechelen,kvmechelen,100,True
jupilerproleague,2008,raecmons2015,raecmons,80,True
jupilerproleague,2008,rcharleroisc,rcharleroisc,100,True
jupilerproleague,2008,rscanderlecht,anderlecht,87,True
jupilerproleague,2008,standarddeliege,standardliege,93,True
jupilerproleague,2008,zultewaregem,zultewaregem,100,True
jupilerproleague,2009,cerclebrugge,cerclebrugge,100,True
jupilerproleague,2009,clubbrugge,clubbrugge,100,True
jupilerproleague,2009,excelsiormouscron2009,excmouscron,69,False
jupilerproleague,2009,germinalbeerschotantwerpen,germbeerschot,67,False
jupilerproleague,2009,kaagent,kaagent,100,True
jupilerproleague,2009,krcgenk,krcgenk,100,True
jupilerproleague,2009,ksclokeren2020,ksclokeren,83,True
jupilerproleague,2009,ksvroeselare2020,ksvroeselare,86,True
jupilerproleague,2009,kvcwesterlo,kvcwesterlo,100,True
jupilerproleague,2009,kvkortrijk,kvkortrijk,100,True
jupilerproleague,2009,kvmechelen,kvmechelen,100,True
jupilerproleague,2009,rcharleroisc,rcharleroisc,100,True
jupilerproleague,2009,rscanderlecht,anderlecht,87,True
jupilerproleague,2009,standarddeliege,standardliege,93,True
jupilerproleague,2009,vvsttruiden,sttruiden,90,True
jupilerproleague,2009,zultewaregem,zultewaregem,100,True
jupilerproleague,2010,cerclebrugge,cerclebrugge,100,True
jupilerproleague,2010,clubbrugge,clubbrugge,100,True
jupilerproleague,2010,germinalbeerschotantwerpen,germbeerschot,67,False
jupilerproleague,2010,kaagent,kaagent,100,True
jupilerproleague,2010,kaseupen,kaseupen,100,True
jupilerproleague,2010,krcgenk,krcgenk,100,True
jupilerproleague,2010,ksclokeren2020,ksclokeren,83,True
jupilerproleague,2010,kvcwesterlo,kvcwesterlo,100,True
jupilerproleague,2010,kvkortrijk,kvkortrijk,100,True
jupilerproleague,2010,kvmechelen,kvmechelen,100,True
jupilerproleague,2010,liersesk2018,liersesk,80,True
jupilerproleague,2010,rcharleroisc,rcharleroisc,100,True
jupilerproleague,2010,rscanderlecht,anderlecht,87,True
jupilerproleague,2010,standarddeliege,standardliege,93,True
jupilerproleague,2010,vvsttruiden,sttruiden,90,True
jupilerproleague,2010,zultewaregem,zultewaregem,100,True
jupilerproleague,2011,beerschotac2013,beerschotac,85,True
jupilerproleague,2011,cerclebrugge,cerclebrugge,100,True
jupilerproleague,2011,clubbrugge,clubbrugge,100,True
jupilerproleague,2011,kaagent,kaagent,100,True
jupilerproleague,2011,krcgenk,krcgenk,100,True
jupilerproleague,2011,ksclokeren2020,ksclokeren,83,True
jupilerproleague,2011,kvcwesterlo,kvcwesterlo,100,True
jupilerproleague,2011,kvkortrijk,kvkortrijk,100,True
jupilerproleague,2011,kvmechelen,kvmechelen,100,True
jupilerproleague,2011,liersesk2018,liersesk,80,True
jupilerproleague,2011,oudheverleeleuven,ohleuven,64,False
jupilerproleague,2011,raecmons2015,raecmons,80,True
jupilerproleague,2011,rscanderlecht,anderlecht,87,True
jupilerproleague,2011,standarddeliege,standardliege,93,True
jupilerproleague,2011,vvsttruiden,sttruiden,90,True
jupilerproleague,2011,zultewaregem,zultewaregem,100,True
jupilerproleague,2012,beerschotac2013,beerschotac,85,True
jupilerproleague,2012,cerclebrugge,cerclebrugge,100,True
jupilerproleague,2012,clubbrugge,clubbrugge,100,True
jupilerproleague,2012,kaagent,kaagent,100,True
jupilerproleague,2012,krcgenk,krcgenk,100,True
jupilerproleague,2012,ksclokeren2020,ksclokeren,83,True
jupilerproleague,2012,kvkortrijk,kvkortrijk,100,True
jupilerproleague,2012,kvmechelen,kvmechelen,100,True
jupilerproleague,2012,kvrswaaslandskbeveren,waaslandbeveren,83,True
jupilerproleague,2012,liersesk2018,liersesk,80,True
jupilerproleague,2012,oudheverleeleuven,ohleuven,64,False
jupilerproleague,2012,raecmons2015,raecmons,80,True
jupilerproleague,2012,rcharleroisc,rcharleroisc,100,True
jupilerproleague,2012,rscanderlecht,anderlecht,87,True
jupilerproleague,2012,standarddeliege,standardliege,93,True
jupilerproleague,2012,zultewaregem,zultewaregem,100,True
jupilerproleague,2013,cerclebrugge,cerclebrugge,100,True
jupilerproleague,2013,clubbrugge,clubbrugge,100,True
jupilerproleague,2013,kaagent,kaagent,100,True
jupilerproleague,2013,krcgenk,krcgenk,100,True
jupilerproleague,2013,ksclokeren2020,ksclokeren,83,True
jupilerproleague,2013,kvkortrijk,kvkortrijk,100,True
jupilerproleague,2013,kvmechelen,kvmechelen,100,True
jupilerproleague,2013,kvoostende2024,kvoostende,83,True
jupilerproleague,2013,kvrswaaslandskbeveren,waaslandbeveren,83,True
jupilerproleague,2013,liersesk2018,liersesk,80,True
jupilerproleague,2013,oudheverleeleuven,ohleuven,64,False
jupilerproleague,2013,raecmons2015,raecmons,80,True
jupilerproleague,2013,rcharleroisc,rcharleroisc,100,True
jupilerproleague,2013,rscanderlecht,anderlecht,87,True
jupilerproleague,2013,standarddeliege,standardliege,93,True
jupilerproleague,2013,zultewaregem,zultewaregem,100,True
jupilerproleague,2014,cerclebrugge,cerclebrugge,100,True
jupilerproleague,2014,clubbrugge,clubbrugge,100,True
jupilerproleague,2014,kaagent,kaagent,100,True
jupilerproleague,2014,krcgenk,krcgenk,100,True
jupilerproleague,2014,ksclokeren2020,ksclokeren,83,True
jupilerproleague,2014,kvcwesterlo,kvcwesterlo,100,True
jupilerproleague,2014,kvkortrijk,kvkortrijk,100,True
jupilerproleague,2014,kvmechelen,kvmechelen,100,True
jupilerproleague,2014,kvoostende2024,kvoostende,83,True
jupilerproleague,2014,kvrswaaslandskbeveren,waaslandbeveren,83,True
jupilerproleague,2014,liersesk2018,liersesk,80,True
jupilerproleague,2014,rcharleroisc,rcharleroisc,100,True
jupilerproleague,2014,royalmouscronperuwelz,royalmouscron,76,True
jupilerproleague,2014,rscanderlecht,anderlecht,87,True
jupilerproleague,2014,standarddeliege,standardliege,93,True
jupilerproleague,2014,zultewaregem,zultewaregem,100,True
jupilerproleague,2015,clubbrugge,clubbrugge,100,True
jupilerproleague,2015,kaagent,kaagent,100,True
jupilerproleague,2015,krcgenk,krcgenk,100,True
jupilerproleague,2015,ksclokeren2020,ksclokeren,83,True
jupilerproleague,2015,kvcwesterlo,kvcwesterlo,100,True
jupilerproleague,2015,kvkortrijk,kvkortrijk,100,True
jupilerproleague,2015,kvmechelen,kvmechelen,100,True
jupilerproleague,2015,kvoostende2024,kvoostende,83,True
jupilerproleague,2015,kvrswaaslandskbeveren,waaslandbeveren,83,True
jupilerproleague,2015,oudheverleeleuven,ohleuven,64,False
jupilerproleague,2015,rcharleroisc,rcharleroisc,100,True
jupilerproleague,2015,royalmouscronperuwelz,royalmouscron,76,True
jupilerproleague,2015,rscanderlecht,anderlecht,87,True
jupilerproleague,2015,standarddeliege,standardliege,93,True
jupilerproleague,2015,vvsttruiden,sttruiden,90,True
jupilerproleague,2015,zultewaregem,zultewaregem,100,True
jupilerproleague,2016,clubbrugge,clubbrugge,100,True
jupilerproleague,2016,kaagent,kaagent,100,True
jupilerproleague,2016,kaseupen,kaseupen,100,True
jupilerproleague,2016,krcgenk,krcgenk,100,True
jupilerproleague,2016,ksclokeren2020,ksclokeren,83,True
jupilerproleague,2016,kvcwesterlo,kvcwesterlo,100,True
jupilerproleague,2016,kvkortrijk,kvkortrijk,100,True
jupilerproleague,2016,kvmechelen,kvmechelen,100,True
jupilerproleague,2016,kvoostende2024,kvoostende,83,True
jupilerproleague,2016,kvrswaaslandskbeveren,waaslandbeveren,83,True
jupilerproleague,2016,rcharleroisc,rcharleroisc,100,True
jupilerproleague,2016,royalexcelmouscron2022,mouscron,53,False
jupilerproleague,2016,rscanderlecht,anderlecht,87,True
jupilerproleague,2016,standarddeliege,standardliege,93,True
jupilerproleague,2016,vvsttruiden,sttruiden,90,True
jupilerproleague,2016,zultewaregem,zultewaregem,100,True
jupilerproleague,2017,clubbrugge,clubbrugge,100,True
jupilerproleague,2017,kaagent,kaagent,100,True
jupilerproleague,2017,kaseupen,kaseupen,100,True
jupilerproleague,2017,krcgenk,krcgenk,100,True
jupilerproleague,2017,ksclokeren2020,ksclokeren,83,True
jupilerproleague,2017,kvkortrijk,kvkortrijk,100,True
jupilerproleague,2017,kvmechelen,kvmechelen,100,True
jupilerproleague,2017,kvoostende2024,kvoostende,83,True
jupilerproleague,2017,kvrswaaslandskbeveren,waaslandbeveren,83,True
jupilerproleague,2017,rcharleroisc,rcharleroisc,100,True
jupilerproleague,2017,royalantuerpiafc,antuerpia,72,True
jupilerproleague,2017,royalexcelmouscron2022,mouscron,53,False
jupilerproleague,2017,rscanderlecht,anderlecht,87,True
jupilerproleague,2017,standarddeliege,standardliege,93,True
jupilerproleague,2017,vvsttruiden,sttruiden,90,True
jupilerproleague,2017,zultewaregem,zultewaregem,100,True
jupilerproleague,2018,cerclebrugge,cerclebrugge,100,True
jupilerproleague,2018,clubbrugge,clubbrugge,100,True
jupilerproleague,2018,kaagent,kaagent,100,True
jupilerproleague,2018,kaseupen,kaseupen,100,True
jupilerproleague,2018,krcgenk,krcgenk,100,True
jupilerproleague,2018,ksclokeren2020,ksclokeren,83,True
jupilerproleague,2018,kvkortrijk,kvkortrijk,100,True
jupilerproleague,2018,kvoostende2024,kvoostende,83,True
jupilerproleague,2018,kvrswaaslandskbeveren,waaslandbeveren,83,True
jupilerproleague,2018,rcharleroisc,rcharleroisc,100,True
jupilerproleague,2018,royalantuerpiafc,antuerpia,72,True
jupilerproleague,2018,royalexcelmouscron2022,mouscron,53,False
jupilerproleague,2018,rscanderlecht,anderlecht,87,True
jupilerproleague,2018,standarddeliege,standardliege,93,True
jupilerproleague,2018,vvsttruiden,sttruiden,90,True
jupilerproleague,2018,zultewaregem,zultewaregem,100,True
jupilerproleague,2019,cerclebrugge,cerclebrugge,100,True
jupilerproleague,2019,clubbrugge,clubbrugge,100,True
jupilerproleague,2019,kaagent,kaagent,100,True
jupilerproleague,2019,kaseupen,kaseupen,100,True
jupilerproleague,2019,krcgenk,krcgenk,100,True
jupilerproleague,2019,kvkortrijk,kvkortrijk,100,True
jupilerproleague,2019,kvmechelen,kvmechelen,100,True
jupilerproleague,2019,kvoostende2024,kvoostende,83,True
jupilerproleague,2019,kvrswaaslandskbeveren,waaslandbeveren,83,True
jupilerproleague,2019,rcharleroisc,rcharleroisc,100,True
jupilerproleague,2019,royalantuerpiafc,antuerpia,72,True
jupilerproleague,2019,royalexcelmouscron2022,mouscron,53,False
jupilerproleague,2019,rscanderlecht,anderlecht,87,True
jupilerproleague,2019,standarddeliege,standardliege,93,True
jupilerproleague,2019,vvsttruiden,sttruiden,90,True
jupilerproleague,2019,zultewaregem,zultewaregem,100,True
jupilerproleague,2020,beerschotva,beerschotva,100,True
jupilerproleague,2020,cerclebrugge,cerclebrugge,100,True
jupilerproleague,2020,clubbrugge,clubbrugge,100,True
jupilerproleague,2020,kaagent,kaagent,100,True
jupilerproleague,2020,kaseupen,kaseupen,100,True
jupilerproleague,2020,krcgenk,krcgenk,100,True
jupilerproleague,2020,kvkortrijk,kvkortrijk,100,True
jupilerproleague,2020,kvmechelen,kvmechelen,100,True
jupilerproleague,2020,kvoostende2024,kvoostende,83,True
jupilerproleague,2020,kvrswaaslandskbeveren,waaslandbeveren,83,True
jupilerproleague,2020,oudheverleeleuven,ohleuven,64,False
jupilerproleague,2020,rcharleroisc,rcharleroisc,100,True
jupilerproleague,2020,royalantuerpiafc,antuerpia,72,True
jupilerproleague,2020,royalexcelmouscron2022,mouscron,53,False
jupilerproleague,2020,rscanderlecht,anderlecht,87,True
jupilerproleague,2020,standarddeliege,standardliege,93,True
jupilerproleague,2020,vvsttruiden,sttruiden,90,True
jupilerproleague,2020,zultewaregem,zultewaregem,100,True
jupilerproleague,2021,beerschotva,beerschotva,100,True
jupilerproleague,2021,cerclebrugge,cerclebrugge,100,True
jupilerproleague,2021,clubbrugge,clubbrugge,100,True
jupilerproleague,2021,kaagent,kaagent,100,True
jupilerproleague,2021,kaseupen,kaseupen,100,True
jupilerproleague,2021,krcgenk,krcgenk,100,True
jupilerproleague,2021,kvkortrijk,kvkortrijk,100,True
jupilerproleague,2021,kvmechelen,kvmechelen,100,True
jupilerproleague,2021,kvoostende2024,kvoostende,83,True
jupilerproleague,2021,oudheverleeleuven,ohleuven,64,False
jupilerproleague,2021,rcharleroisc,rcharleroisc,100,True
jupilerproleague,2021,rfcseraing,rfcseraing,100,True
jupilerproleague,2021,royalantuerpiafc,antuerpia,72,True
jupilerproleague,2021,rscanderlecht,anderlecht,87,True
jupilerproleague,2021,standarddeliege,standardliege,93,True
jupilerproleague,2021,unionsaintgilloise,unionsg,56,False
jupilerproleague,2021,vvsttruiden,sttruiden,90,True
jupilerproleague,2021,zultewaregem,zultewaregem,100,True
jupilerproleague,2022,cerclebrugge,cerclebrugge,100,True
jupilerproleague,2022,clubbrugge,clubbrugge,100,True
jupilerproleague,2022,kaagent,kaagent,100,True
jupilerproleague,2022,kaseupen,kaseupen,100,True
jupilerproleague,2022,krcgenk,krcgenk,100,True
jupilerproleague,2022,kvcwesterlo,kvcwesterlo,100,True
jupilerproleague,2022,kvkortrijk,kvkortrijk,100,True
jupilerproleague,2022,kvmechelen,kvmechelen,100,True
jupilerproleague,2022,kvoostende2024,kvoostende,83,True
jupilerproleague,2022,oudheverleeleuven,ohleuven,64,False
jupilerproleague,2022,rcharleroisc,rcharleroisc,100,True
jupilerproleague,2022,rfcseraing,rfcseraing,100,True
jupilerproleague,2022,royalantuerpiafc,antuerpia,72,True
jupilerproleague,2022,rscanderlecht,anderlecht,87,True
jupilerproleague,2022,standarddeliege,standardliege,93,True
jupilerproleague,2022,unionsaintgilloise,unionsg,56,False
jupilerproleague,2022,vvsttruiden,sttruiden,90,True
jupilerproleague,2022,zultewaregem,zultewaregem,100,True
jupilerproleague,2023,cerclebrugge,cerclebrugge,100,True
jupilerproleague,2023,clubbrugge,clubbrugge,100,True
jupilerproleague,2023,kaagent,kaagent,100,True
jupilerproleague,2023,kaseupen,kaseupen,100,True
jupilerproleague,2023,krcgenk,krcgenk,100,True
jupilerproleague,2023,kvcwesterlo,kvcwesterlo,100,True
jupilerproleague,2023,kvkortrijk,kvkortrijk,100,True
jupilerproleague,2023,kvmechelen,kvmechelen,100,True
jupilerproleague,2023,oudheverleeleuven,ohleuven,64,False
jupilerproleague,2023,rcharleroisc,rcharleroisc,100,True
jupilerproleague,2023,royalantuerpiafc,antuerpia,72,True
jupilerproleague,2023,rscanderlecht,anderlecht,87,True
jupilerproleague,2023,rwdmolenbeek,rwdm,50,False
jupilerproleague,2023,standarddeliege,standardliege,93,True
jupilerproleague,2023,unionsaintgilloise,unionsg,56,False
jupilerproleague,2023,vvsttruiden,sttruiden,90,True
jupilerproleague,2024,beerschotva,beerschotva,100,True
jupilerproleague,2024,cerclebrugge,cerclebrugge,100,True
jupilerproleague,2024,clubbrugge,clubbrugge,100,True
jupilerproleague,2024,fcvdendereh,fcvdendereh,100,True
jupilerproleague,2024,kaagent,kaagent,100,True
jupilerproleague,2024,krcgenk,krcgenk,100,True
jupilerproleague,2024,kvcwesterlo,kvcwesterlo,100,True
jupilerproleague,2024,kvkortrijk,kvkortrijk,100,True
jupilerproleague,2024,kvmechelen,kvmechelen,100,True
jupilerproleague,2024,oudheverleeleuven,ohleuven,64,False
jupilerproleague,2024,rcharleroisc,rcharleroisc,100,True
jupilerproleague,2024,royalantuerpiafc,antuerpia,72,True
jupilerproleague,2024,rscanderlecht,anderlecht,87,True
jupilerproleague,2024,standarddeliege,standardliege,93,True
jupilerproleague,2024,unionsaintgilloise,unionsg,56,False
jupilerproleague,2024,vvsttruiden,sttruiden,90,True
laliga,2000,athleticbilbao,athleticclub,77,True
laliga,2000,caosasuna,osasuna,88,True
laliga,2000,cdnumancia,numancia,89,True
laliga,2000,celtadevigo,celtadevigo,100,True
laliga,2000,deportivoalaves,alaves,57,False
laliga,2000,fcbarcelona,barcelona,90,True
laliga,2000,fcvillarreal,villarreal,91,True
laliga,2000,malagacf,malagacf,100,True
laliga,2000,racingsantander,racsantander,89,True
laliga,2000,rayovallecano,rayovallecano,100,True
laliga,2000,rcdeportivodecorunha,deportivo,62,False
laliga,2000,rcdespanyol,espanyol,84,True
laliga,2000,rcdmallorca,mallorca,84,True
laliga,2000,realmadridcf,realmadrid,91,True
laliga,2000,realoviedo,realoviedo,100,True
laliga,2000,realsociedad,realsociedad,100,True
laliga,2000,realvalladolidcf,valladolid,77,True
laliga,2000,realzaragoza,zaragoza,80,True
laliga,2000,udlaspalmas,laspalmas,90,True
laliga,2000,valenciacf,valencia,89,True
laliga,2001,athleticbilbao,athleticclub,77,True
laliga,2001,caosasuna,osasuna,88,True
laliga,2001,cdtenerife,tenerife,89,True
laliga,2001,celtadevigo,celtadevigo,100,True
laliga,2001,deportivoalaves,alaves,57,False
laliga,2001,fcbarcelona,barcelona,90,True
laliga,2001,fcvillarreal,villarreal,91,True
laliga,2001,malagacf,malagacf,100,True
laliga,2001,rayovallecano,rayovallecano,100,True
laliga,2001,rcdeportivodecorunha,deportivo,62,False
laliga,2001,rcdespanyol,espanyol,84,True
laliga,2001,rcdmallorca,mallorca,84,True
laliga,2001,realbetisbalompie,betis,45,False
laliga,2001,realmadridcf,realmadrid,91,True
laliga,2001,realsociedad,realsociedad,100,True
laliga,2001,realvalladolidcf,valladolid,77,True
laliga,2001,realzaragoza,zaragoza,80,True
laliga,2001,sevillafc,sevilla,88,True
laliga,2001,udlaspalmas,laspalmas,90,True
laliga,2001,valenciacf,valencia,89,True
laliga,2002,athleticbilbao,athleticclub,77,True
laliga,2002,atleticodemadrid,atletico,67,False
laliga,2002,caosasuna,osasuna,88,True
laliga,2002,celtadevigo,celtadevigo,100,True
laliga,2002,deportivoalaves,alaves,57,False
laliga,2002,fcbarcelona,barcelona,90,True
laliga,2002,fcvillarreal,villarreal,91,True
laliga,2002,malagacf,malagacf,100,True
laliga,2002,racingsantander,racsantander,89,True
laliga,2002,rayovallecano,rayovallecano,100,True
laliga,2002,rcdeportivodecorunha,deportivo,62,False
laliga,2002,rcdespanyol,espanyol,84,True
laliga,2002,rcdmallorca,mallorca,84,True
laliga,2002,realbetisbalompie,betis,45,False
laliga,2002,realmadridcf,realmadrid,91,True
laliga,2002,realsociedad,realsociedad,100,True
laliga,2002,realvalladolidcf,valladolid,77,True
laliga,2002,recreativodehuelva,recrhuelva,71,True
laliga,2002,sevillafc,sevilla,88,True
laliga,2002,valenciacf,valencia,89,True
laliga,2003,albacetebalompie,albacete,67,False
laliga,2003,athleticbilbao,athleticclub,77,True
laliga,2003,atleticodemadrid,atletico,67,False
laliga,2003,caosasuna,osasuna,88,True
laliga,2003,celtadevigo,celtadevigo,100,True
laliga,2003,fcbarcelona,barcelona,90,True
laliga,2003,fcvillarreal,villarreal,91,True
laliga,2003,malagacf,malagacf,100,True
laliga,2003,racingsantander,racsantander,89,True
laliga,2003,rcdeportivodecorunha,deportivo,62,False
laliga,2003,rcdespanyol,espanyol,84,True
laliga,2003,rcdmallorca,mallorca,84,True
laliga,2003,realbetisbalompie,betis,45,False
laliga,2003,realmadridcf,realmadrid,91,True
laliga,2003,realmurciacf,realmurcia,91,True
laliga,2003,realsociedad,realsociedad,100,True
laliga,2003,realvalladolidcf,valladolid,77,True
laliga,2003,realzaragoza,zaragoza,80,True
laliga,2003,sevillafc,sevilla,88,True
laliga,2003,valenciacf,valencia,89,True
laliga,2004,albacetebalompie,albacete,67,False
laliga,2004,athleticbilbao,athleticclub,77,True
laliga,2004,atleticodemadrid,atletico,67,False
laliga,2004,caosasuna,osasuna,88,True
laliga,2004,cdnumancia,numancia,89,True
laliga,2004,fcbarcelona,barcelona,90,True
laliga,2004,fcvillarreal,villarreal,91,True
laliga,2004,getafecf,getafe,86,True
laliga,2004,levanteud,levante,88,True
laliga,2004,malagacf,malagacf,100,True
laliga,2004,racingsantander,racsantander,89,True
laliga,2004,rcdeportivodecorunha,deportivo,62,False
laliga,2004,rcdespanyol,espanyol,84,True
laliga,2004,rcdmallorca,mallorca,84,True
laliga,2004,realbetisbalompie,betis,45,False
laliga,2004,realmadridcf,realmadrid,91,True
laliga,2004,realsociedad,realsociedad,100,True
laliga,2004,realzaragoza,zaragoza,80,True
laliga,2004,sevillafc,sevilla,88,True
laliga,2004,valenciacf,valencia,89,True
laliga,2005,athleticbilbao,athleticclub,77,True
laliga,2005,atleticodemadrid,atletico,67,False
laliga,2005,cadizcf,cadizcf,100,True
laliga,2005,caosasuna,osasuna,88,True
laliga,2005,celtadevigo,celtadevigo,100,True
laliga,2005,deportivoalaves,alaves,57,False
laliga,2005,fcbarcelona,barcelona,90,True
laliga,2005,fcvillarreal,villarreal,91,True
laliga,2005,getafecf,getafe,86,True
laliga,2005,malagacf,malagacf,100,True
laliga,2005,racingsantander,racsantander,89,True
laliga,2005,rcdeportivodecorunha,deportivo,62,False
laliga,2005,rcdespanyol,espanyol,84,True
laliga,2005,rcdmallorca,mallorca,84,True
laliga,2005,realbetisbalompie,betis,45,False
laliga,2005,realmadridcf,realmadrid,91,True
laliga,2005,realsociedad,realsociedad,100,True
laliga,2005,realzaragoza,zaragoza,80,True
laliga,2005,sevillafc,sevilla,88,True
laliga,2005,valenciacf,valencia,89,True
laliga,2006,athleticbilbao,athleticclub,77,True
laliga,2006,atleticodemadrid,atletico,67,False
laliga,2006,caosasuna,osasuna,88,True
laliga,2006,celtadevigo,celtadevigo,100,True
laliga,2006,fcbarcelona,barcelona,90,True
laliga,2006,fcvillarreal,villarreal,91,True
laliga,2006,getafecf,getafe,86,True
laliga,2006,gimnasticdetarragona,gimnastic,62,False
laliga,2006,levanteud,levante,88,True
laliga,2006,racingsantander,racsantander,89,True
laliga,2006,rcdeportivodecorunha,deportivo,62,False
laliga,2006,rcdespanyol,espanyol,84,True
laliga,2006,rcdmallorca,mallorca,84,True
laliga,2006,realbetisbalompie,betis,45,False
laliga,2006,realmadridcf,realmadrid,91,True
laliga,2006,realsociedad,realsociedad,100,True
laliga,2006,realzaragoza,zaragoza,80,True
laliga,2006,recreativodehuelva,recrhuelva,71,True
laliga,2006,sevillafc,sevilla,88,True
laliga,2006,valenciacf,valencia,89,True
laliga,2007,athleticbilbao,athleticclub,77,True
laliga,2007,atleticodemadrid,atletico,67,False
laliga,2007,caosasuna,osasuna,88,True
laliga,2007,fcbarcelona,barcelona,90,True
laliga,2007,fcvillarreal,villarreal,91,True
laliga,2007,getafecf,getafe,86,True
laliga,2007,levanteud,levante,88,True
laliga,2007,racingsantander,racsantander,89,True
laliga,2007,rcdeportivodecorunha,deportivo,62,False
laliga,2007,rcdespanyol,espanyol,84,True
laliga,2007,rcdmallorca,mallorca,84,True
laliga,2007,realbetisbalompie,betis,45,False
laliga,2007,realmadridcf,realmadrid,91,True
laliga,2007,realmurciacf,realmurcia,91,True
laliga,2007,realvalladolidcf,valladolid,77,True
laliga,2007,realzaragoza,zaragoza,80,True
laliga,2007,recreativodehuelva,recrhuelva,71,True
laliga,2007,sevillafc,sevilla,88,True
laliga,2007,udalmeria,udalmeria,100,True
laliga,2007,valenciacf,valencia,89,True
laliga,2008,athleticbilbao,athleticclub,77,True
laliga,2008,atleticodemadrid,atletico,67,False
laliga,2008,caosasuna,osasuna,88,True
laliga,2008,cdnumancia,numancia,89,True
laliga,2008,fcbarcelona,barcelona,90,True
laliga,2008,fcvillarreal,villarreal,91,True
laliga,2008,getafecf,getafe,86,True
laliga,2008,malagacf,malagacf,100,True
laliga,2008,racingsantander,racsantander,89,True
laliga,2008,rcdeportivodecorunha,deportivo,62,False
laliga,2008,rcdespanyol,espanyol,84,True
laliga,2008,rcdmallorca,mallorca,84,True
laliga,2008,realbetisbalompie,betis,45,False
laliga,2008,realmadridcf,realmadrid,91,True
laliga,2008,realsportingdegijon,realsporting,77,True
laliga,2008,realvalladolidcf,valladolid,77,True
laliga,2008,recreativodehuelva,recrhuelva,71,True
laliga,2008,sevillafc,sevilla,88,True
laliga,2008,udalmeria,udalmeria,100,True
laliga,2008,valenciacf,valencia,89,True
laliga,2009,athleticbilbao,athleticclub,77,True
laliga,2009,atleticodemadrid,atletico,67,False
laliga,2009,caosasuna,osasuna,88,True
laliga,2009,cdtenerife,tenerife,89,True
laliga,2009,fcbarcelona,barcelona,90,True
laliga,2009,fcvillarreal,villarreal,91,True
laliga,2009,getafecf,getafe,86,True
laliga,2009,malagacf,malagacf,100,True
laliga,2009,racingsantander,racsantander,89,True
laliga,2009,rcdeportivodecorunha,deportivo,62,False
laliga,2009,rcdespanyol,espanyol,84,True
laliga,2009,rcdmallorca,mallorca,84,True
laliga,2009,realmadridcf,realmadrid,91,True
laliga,2009,realsportingdegijon,realsporting,77,True
laliga,2009,realvalladolidcf,valladolid,77,True
laliga,2009,realzaragoza,zaragoza,80,True
laliga,2009,sevillafc,sevilla,88,True
laliga,2009,udalmeria,udalmeria,100,True
laliga,2009,valenciacf,valencia,89,True
laliga,2009,xerezcd,xerezcd,100,True
laliga,2010,athleticbilbao,athleticclub,77,True
laliga,2010,atleticodemadrid,atletico,67,False
laliga,2010,caosasuna,osasuna,88,True
laliga,2010,fcbarcelona,barcelona,90,True
laliga,2010,fcvillarreal,villarreal,91,True
laliga,2010,getafecf,getafe,86,True
laliga,2010,herculescf,herculescf,100,True
laliga,2010,levanteud,levante,88,True
laliga,2010,malagacf,malagacf,100,True
laliga,2010,racingsantander,racsantander,89,True
laliga,2010,rcdeportivodecorunha,deportivo,62,False
laliga,2010,rcdespanyol,espanyol,84,True
laliga,2010,rcdmallorca,mallorca,84,True
laliga,2010,realmadridcf,realmadrid,91,True
laliga,2010,realsociedad,realsociedad,100,True
laliga,2010,realsportingdegijon,realsporting,77,True
laliga,2010,realzaragoza,zaragoza,80,True
laliga,2010,sevillafc,sevilla,88,True
laliga,2010,udalmeria,udalmeria,100,True
laliga,2010,valenciacf,valencia,89,True
laliga,2011,athleticbilbao,athleticclub,77,True
laliga,2011,atleticodemadrid,atletico,67,False
laliga,2011,caosasuna,osasuna,88,True
laliga,2011,fcbarcelona,barcelona,90,True
laliga,2011,fcvillarreal,villarreal,91,True
laliga,2011,getafecf,getafe,86,True
laliga,2011,granadacf,granadacf,100,True
laliga,2011,levanteud,levante,88,True
laliga,2011,malagacf,malagacf,100,True
laliga,2011,racingsantander,racsantander,89,True
laliga,2011,rayovallecano,rayovallecano,100,True
laliga,2011,rcdespanyol,espanyol,84,True
laliga,2011,rcdmallorca,mallorca,84,True
laliga,2011,realbetisbalompie,betis,45,False
laliga,2011,realmadridcf,realmadrid,91,True
laliga,2011,realsociedad,realsociedad,100,True
laliga,2011,realsportingdegijon,realsporting,77,True
laliga,2011,realzaragoza,zaragoza,80,True
laliga,2011,sevillafc,sevilla,88,True
laliga,2011,valenciacf,valencia,89,True
laliga,2012,athleticbilbao,athleticclub,77,True
laliga,2012,atleticodemadrid,atletico,67,False
laliga,2012,caosasuna,osasuna,88,True
laliga,2012,celtadevigo,celtadevigo,100,True
laliga,2012,fcbarcelona,barcelona,90,True
laliga,2012,getafecf,getafe,86,True
laliga,2012,granadacf,granadacf,100,True
laliga,2012,levanteud,levante,88,True
laliga,2012,malagacf,malagacf,100,True
laliga,2012,rayovallecano,rayovallecano,100,True
laliga,2012,rcdeportivodecorunha,deportivo,62,False
laliga,2012,rcdespanyol,espanyol,84,True
laliga,2012,rcdmallorca,mallorca,84,True
laliga,2012,realbetisbalompie,betis,45,False
laliga,2012,realmadridcf,realmadrid,91,True
laliga,2012,realsociedad,realsociedad,100,True
laliga,2012,realvalladolidcf,valladolid,77,True
laliga,2012,realzaragoza,zaragoza,80,True
laliga,2012,sevillafc,sevilla,88,True
laliga,2012,valenciacf,valencia,89,True
laliga,2013,athleticbilbao,athleticclub,77,True
laliga,2013,atleticodemadrid,atletico,67,False
laliga,2013,caosasuna,osasuna,88,True
laliga,2013,celtadevigo,celtadevigo,100,True
laliga,2013,elchecf,elche,83,True
laliga,2013,fcbarcelona,barcelona,90,True
laliga,2013,fcvillarreal,villarreal,91,True
laliga,2013,getafecf,getafe,86,True
laliga,2013,granadacf,granadacf,100,True
laliga,2013,levanteud,levante,88,True
laliga,2013,malagacf,malagacf,100,True
laliga,2013,rayovallecano,rayovallecano,100,True
laliga,2013,rcdespanyol,espanyol,84,True
laliga,2013,realbetisbalompie,betis,45,False
laliga,2013,realmadridcf,realmadrid,91,True
laliga,2013,realsociedad,realsociedad,100,True
laliga,2013,realvalladolidcf,valladolid,77,True
laliga,2013,sevillafc,sevilla,88,True
laliga,2013,udalmeria,udalmeria,100,True
laliga,2013,valenciacf,valencia,89,True
laliga,2014,athleticbilbao,athleticclub,77,True
laliga,2014,atleticodemadrid,atletico,67,False
laliga,2014,celtadevigo,celtadevigo,100,True
laliga,2014,cordobacf,cordoba,88,True
laliga,2014,elchecf,elche,83,True
laliga,2014,fcbarcelona,barcelona,90,True
laliga,2014,fcvillarreal,villarreal,91,True
laliga,2014,getafecf,getafe,86,True
laliga,2014,granadacf,granadacf,100,True
laliga,2014,levanteud,levante,88,True
laliga,2014,malagacf,malagacf,100,True
laliga,2014,rayovallecano,rayovallecano,100,True
laliga,2014,rcdeportivodecorunha,deportivo,62,False
laliga,2014,rcdespanyol,espanyol,84,True
laliga,2014,realmadridcf,realmadrid,91,True
laliga,2014,realsociedad,realsociedad,100,True
laliga,2014,sdeibar,eibar,83,True
laliga,2014,sevillafc,sevilla,88,True
laliga,2014,udalmeria,udalmeria,100,True
laliga,2014,valenciacf,valencia,89,True
laliga,2015,athleticbilbao,athleticclub,77,True
laliga,2015,atleticodemadrid,atletico,67,False
laliga,2015,celtadevigo,celtadevigo,100,True
laliga,2015,fcbarcelona,barcelona,90,True
laliga,2015,fcvillarreal,villarreal,91,True
laliga,2015,getafecf,getafe,86,True
laliga,2015,granadacf,granadacf,100,True
laliga,2015,levanteud,levante,88,True
laliga,2015,malagacf,malagacf,100,True
laliga,2015,rayovallecano,rayovallecano,100,True
laliga,2015,rcdeportivodecorunha,deportivo,62,False
laliga,2015,rcdespanyol,espanyol,84,True
laliga,2015,realbetisbalompie,betis,45,False
laliga,2015,realmadridcf,realmadrid,91,True
laliga,2015,realsociedad,realsociedad,100,True
laliga,2015,realsportingdegijon,realsporting,77,True
laliga,2015,sdeibar,eibar,83,True
laliga,2015,sevillafc,sevilla,88,True
laliga,2015,udlaspalmas,laspalmas,90,True
laliga,2015,valenciacf,valencia,89,True
laliga,2016,athleticbilbao,athleticclub,77,True
laliga,2016,atleticodemadrid,atletico,67,False
laliga,2016,caosasuna,osasuna,88,True
laliga,2016,cdleganes,leganes,88,True
laliga,2016,celtadevigo,celtadevigo,100,True
laliga,2016,deportivoalaves,alaves,57,False
laliga,2016,fcbarcelona,barcelona,90,True
laliga,2016,fcvillarreal,villarreal,91,True
laliga,2016,granadacf,granadacf,100,True
laliga,2016,malagacf,malagacf,100,True
laliga,2016,rcdeportivodecorunha,deportivo,62,False
laliga,2016,rcdespanyol,espanyol,84,True
laliga,2016,realbetisbalompie,betis,45,False
laliga,2016,realmadridcf,realmadrid,91,True
laliga,2016,realsociedad,realsociedad,100,True
laliga,2016,realsportingdegijon,realsporting,77,True
laliga,2016,sdeibar,eibar,83,True
laliga,2016,sevillafc,sevilla,88,True
laliga,2016,udlaspalmas,laspalmas,90,True
laliga,2016,valenciacf,valencia,89,True
laliga,2017,athleticbilbao,athleticclub,77,True
laliga,2017,atleticodemadrid,atletico,67,False
laliga,2017,cdleganes,leganes,88,True
laliga,2017,celtadevigo,celtadevigo,100,True
laliga,2017,deportivoalaves,alaves,57,False
laliga,2017,fcbarcelona,barcelona,90,True
laliga,2017,fcvillarreal,villarreal,91,True
laliga,2017,getafecf,getafe,86,True
laliga,2017,gironafc,girona,86,True
laliga,2017,levanteud,levante,88,True
laliga,2017,malagacf,malagacf,100,True
laliga,2017,rcdeportivodecorunha,deportivo,62,False
laliga,2017,rcdespanyol,espanyol,84,True
laliga,2017,realbetisbalompie,betis,45,False
laliga,2017,realmadridcf,realmadrid,91,True
laliga,2017,realsociedad,realsociedad,100,True
laliga,2017,sdeibar,eibar,83,True
laliga,2017,sevillafc,sevilla,88,True
laliga,2017,udlaspalmas,laspalmas,90,True
laliga,2017,valenciacf,valencia,89,True
laliga,2018,athleticbilbao,athleticclub,77,True
laliga,2018,atleticodemadrid,atletico,67,False
laliga,2018,cdleganes,leganes,88,True
laliga,2018,celtadevigo,celtadevigo,100,True
laliga,2018,deportivoalaves,alaves,57,False
laliga,2018,fcbarcelona,barcelona,90,True
laliga,2018,fcvillarreal,villarreal,91,True
laliga,2018,getafecf,getafe,86,True
laliga,2018,gironafc,girona,86,True
laliga,2018,levanteud,levante,88,True
laliga,2018,rayovallecano,rayovallecano,100,True
laliga,2018,rcdespanyol,espanyol,84,True
laliga,2018,realbetisbalompie,betis,45,False
laliga,2018,realmadridcf,realmadrid,91,True
laliga,2018,realsociedad,realsociedad,100,True
laliga,2018,realvalladolidcf,valladolid,77,True
laliga,2018,sdeibar,eibar,83,True
laliga,2018,sdhuesca,sdhuesca,100,True
laliga,2018,sevillafc,sevilla,88,True
laliga,2018,valenciacf,valencia,89,True
laliga,2019,athleticbilbao,athleticclub,77,True
laliga,2019,atleticodemadrid,atletico,67,False
laliga,2019,caosasuna,osasuna,88,True
laliga,2019,cdleganes,leganes,88,True
laliga,2019,celtadevigo,celtadevigo,100,True
laliga,2019,deportivoalaves,alaves,57,False
laliga,2019,fcbarcelona,barcelona,90,True
laliga,2019,fcvillarreal,villarreal,91,True
laliga,2019,getafecf,getafe,86,True
laliga,2019,granadacf,granadacf,100,True
laliga,2019,levanteud,levante,88,True
laliga,2019,rcdespanyol,espanyol,84,True
laliga,2019,rcdmallorca,mallorca,84,True
laliga,2019,realbetisbalompie,betis,45,False
laliga,2019,realmadridcf,realmadrid,91,True
laliga,2019,realsociedad,realsociedad,100,True
laliga,2019,realvalladolidcf,valladolid,77,True
laliga,2019,sdeibar,eibar,83,True
laliga,2019,sevillafc,sevilla,88,True
laliga,2019,valenciacf,valencia,89,True
laliga,2020,athleticbilbao,athleticclub,77,True
laliga,2020,atleticodemadrid,atletico,67,False
laliga,2020,cadizcf,cadizcf,100,True
laliga,2020,caosasuna,osasuna,88,True
laliga,2020,celtadevigo,celtadevigo,100,True
laliga,2020,deportivoalaves,alaves,57,False
laliga,2020,elchecf,elche,83,True
laliga,2020,fcbarcelona,barcelona,90,True
laliga,2020,fcvillarreal,villarreal,91,True
laliga,2020,getafecf,getafe,86,True
laliga,2020,granadacf,granadacf,100,True
laliga,2020,levanteud,levante,88,True
laliga,2020,realbetisbalompie,betis,45,False
laliga,2020,realmadridcf,realmadrid,91,True
laliga,2020,realsociedad,realsociedad,100,True
laliga,2020,realvalladolidcf,valladolid,77,True
laliga,2020,sdeibar,eibar,83,True
laliga,2020,sdhuesca,sdhuesca,100,True
laliga,2020,sevillafc,sevilla,88,True
laliga,2020,valenciacf,valencia,89,True
laliga,2021,athleticbilbao,athleticclub,77,True
laliga,2021,atleticodemadrid,atletico,67,False
laliga,2021,cadizcf,cadizcf,100,True
laliga,2021,caosasuna,osasuna,88,True
laliga,2021,celtadevigo,celtadevigo,100,True
laliga,2021,deportivoalaves,alaves,57,False
laliga,2021,elchecf,elche,83,True
laliga,2021,fcbarcelona,barcelona,90,True
laliga,2021,fcvillarreal,villarreal,91,True
laliga,2021,getafecf,getafe,86,True
laliga,2021,granadacf,granadacf,100,True
laliga,2021,levanteud,levante,88,True
laliga,2021,rayovallecano,rayovallecano,100,True
laliga,2021,rcdespanyol,espanyol,84,True
laliga,2021,rcdmallorca,mallorca,84,True
laliga,2021,realbetisbalompie,betis,45,False
laliga,2021,realmadridcf,realmadrid,91,True
laliga,2021,realsociedad,realsociedad,100,True
laliga,2021,sevillafc,sevilla,88,True
laliga,2021,valenciacf,valencia,89,True
laliga,2022,athleticbilbao,athleticclub,77,True
laliga,2022,atleticodemadrid,atletico,67,False
laliga,2022,cadizcf,cadizcf,100,True
laliga,2022,caosasuna,osasuna,88,True
laliga,2022,celtadevigo,celtadevigo,100,True
laliga,2022,elchecf,elche,83,True
laliga,2022,fcbarcelona,barcelona,90,True
laliga,2022,fcvillarreal,villarreal,91,True
laliga,2022,getafecf,getafe,86,True
laliga,2022,gironafc,girona,86,True
laliga,2022,rayovallecano,rayovallecano,100,True
laliga,2022,rcdespanyol,espanyol,84,True
laliga,2022,rcdmallorca,mallorca,84,True
laliga,2022,realbetisbalompie,betis,45,False
laliga,2022,realmadridcf,realmadrid,91,True
laliga,2022,realsociedad,realsociedad,100,True
laliga,2022,realvalladolidcf,valladolid,77,True
laliga,2022,sevillafc,sevilla,88,True
laliga,2022,udalmeria,udalmeria,100,True
laliga,2022,valenciacf,valencia,89,True
laliga,2023,athleticbilbao,athleticclub,77,True
laliga,2023,atleticodemadrid,atletico,67,False
laliga,2023,cadizcf,cadizcf,100,True
laliga,2023,caosasuna,osasuna,88,True
laliga,2023,celtadevigo,celtadevigo,100,True
laliga,2023,deportivoalaves,alaves,57,False
laliga,2023,fcbarcelona,barcelona,90,True
laliga,2023,fcvillarreal,villarreal,91,True
laliga,2023,getafecf,getafe,86,True
laliga,2023,gironafc,girona,86,True
laliga,2023,granadacf,granadacf,100,True
laliga,2023,rayovallecano,rayovallecano,100,True
laliga,2023,rcdmallorca,mallorca,84,True
laliga,2023,realbetisbalompie,betis,45,False
laliga,2023,realmadridcf,realmadrid,91,True
laliga,2023,realsociedad,realsociedad,100,True
laliga,2023,sevillafc,sevilla,88,True
laliga,2023,udalmeria,udalmeria,100,True
laliga,2023,udlaspalmas,laspalmas,90,True
laliga,2023,valenciacf,valencia,89,True
laliga,2024,athleticbilbao,athleticclub,77,True
laliga,2024,atleticodemadrid,atletico,67,False
laliga,2024,caosasuna,osasuna,88,True
laliga,2024,cdleganes,leganes,88,True
laliga,2024,celtadevigo,celtadevigo,100,True
laliga,2024,deportivoalaves,alaves,57,False
laliga,2024,fcbarcelona,barcelona,90,True
laliga,2024,fcvillarreal,villarreal,91,True
laliga,2024,getafecf,getafe,86,True
laliga,2024,gironafc,girona,86,True
laliga,2024,rayovallecano,rayovallecano,100,True
laliga,2024,rcdespanyol,espanyol,84,True
laliga,2024,rcdmallorca,mallorca,84,True
laliga,2024,realbetisbalompie,betis,45,False
laliga,2024,realmadridcf,realmadrid,91,True
laliga,2024,realsociedad,realsociedad,100,True
laliga,2024,realvalladolidcf,valladolid,77,True
laliga,2024,sevillafc,sevilla,88,True
laliga,2024,udlaspalmas,laspalmas,90,True
laliga,2024,valenciacf,valencia,89,True
laliga2,2007,albacetebalompie,albacete,67,False
laliga2,2007,cadizcf,cadizcf,100,True
laliga2,2007,cdcastellon,castellon,90,True
laliga2,2007,cdnumancia,numancia,89,True
laliga2,2007,cdtenerife,tenerife,89,True
laliga2,2007,celtadevigo,celtadevigo,100,True
laliga2,2007,cordobacf,cordoba,88,True
laliga2,2007,deportivoalaves,alaves,57,False
laliga2,2007,elchecf,elche,83,True
laliga2,2007,gimnasticdetarragona,gimnastic,62,False
laliga2,2007,granada74cf,granada74,90,True
laliga2,2007,herculescf,herculescf,100,True
laliga2,2007,malagacf,malagacf,100,True
laliga2,2007,polideportivoejido,poliejido,67,False
laliga2,2007,racingferrol,racingferrol,100,True
laliga2,2007,realsociedad,realsociedad,100,True
laliga2,2007,realsportingdegijon,realsporting,77,True
laliga2,2007,sdeibar,eibar,83,True
laliga2,2007,sevilhaatletico,sevilhaatl,80,True
laliga2,2007,udlaspalmas,laspalmas,90,True
laliga2,2007,udsalamanca,udsalamanca,100,True
laliga2,2007,xerezcd,xerezcd,100,True
laliga2,2008,albacetebalompie,albacete,67,False
laliga2,2008,alicantecf,alicante,89,True
laliga2,2008,cdcastellon,castellon,90,True
laliga2,2008,cdtenerife,tenerife,89,True
laliga2,2008,celtadevigo,celtadevigo,100,True
laliga2,2008,cordobacf,cordoba,88,True
laliga2,2008,deportivoalaves,alaves,57,False
laliga2,2008,elchecf,elche,83,True
laliga2,2008,gimnasticdetarragona,gimnastic,62,False
laliga2,2008,gironafc,girona,86,True
laliga2,2008,herculescf,herculescf,100,True
laliga2,2008,levanteud,levante,88,True
laliga2,2008,rayovallecano,rayovallecano,100,True
laliga2,2008,realmurciacf,realmurcia,91,True
laliga2,2008,realsociedad,realsociedad,100,True
laliga2,2008,realzaragoza,zaragoza,80,True
laliga2,2008,sdeibar,eibar,83,True
laliga2,2008,sdhuesca,sdhuesca,100,True
laliga2,2008,sevilhaatletico,sevilhaatl,80,True
laliga2,2008,udlaspalmas,laspalmas,90,True
laliga2,2008,udsalamanca,udsalamanca,100,True
laliga2,2008,xerezcd,xerezcd,100,True
laliga2,2009,albacetebalompie,albacete,67,False
laliga2,2009,cadizcf,cadizcf,100,True
laliga2,2009,cdcastellon,castellon,90,True
laliga2,2009,cdnumancia,numancia,89,True
laliga2,2009,celtadevigo,celtadevigo,100,True
laliga2,2009,cordobacf,cordoba,88,True
laliga2,2009,elchecf,elche,83,True
laliga2,2009,fccartagena,fccartagena,100,True
laliga2,2009,gimnasticdetarragona,gimnastic,62,False
laliga2,2009,gironafc,girona,86,True
laliga2,2009,herculescf,herculescf,100,True
laliga2,2009,levanteud,levante,88,True
laliga2,2009,rayovallecano,rayovallecano,100,True
laliga2,2009,realbetisbalompie,betis,45,False
laliga2,2009,realmurciacf,realmurcia,91,True
laliga2,2009,realsociedad,realsociedad,100,True
laliga2,2009,realunionclub,realunion,82,True
laliga2,2009,recreativodehuelva,recrhuelva,71,True
laliga2,2009,sdhuesca,sdhuesca,100,True
laliga2,2009,udlaspalmas,laspalmas,90,True
laliga2,2009,udsalamanca,udsalamanca,100,True
laliga2,2009,villarrealcfb,villarrealcfb,100,True
laliga2,2010,adalcorcon,adalcorcon,100,True
laliga2,2010,albacetebalompie,albacete,67,False
laliga2,2010,cdnumancia,numancia,89,True
laliga2,2010,cdtenerife,tenerife,89,True
laliga2,2010,celtadevigo,celtadevigo,100,True
laliga2,2010,cordobacf,cordoba,88,True
laliga2,2010,elchecf,elche,83,True
laliga2,2010,fcbarcelonab,barcelonab,91,True
laliga2,2010,fccartagena,fccartagena,100,True
laliga2,2010,gimnasticdetarragona,gimnastic,62,False
laliga2,2010,gironafc,girona,86,True
laliga2,2010,granadacf,granadacf,100,True
laliga2,2010,rayovallecano,rayovallecano,100,True
laliga2,2010,realbetisbalompie,betis,45,False
laliga2,2010,realvalladolidcf,valladolid,77,True
laliga2,2010,recreativodehuelva,recrhuelva,71,True
laliga2,2010,sdhuesca,sdhuesca,100,True
laliga2,2010,sdponferradina,ponferradina,92,True
laliga2,2010,udlaspalmas,laspalmas,90,True
laliga2,2010,udsalamanca,udsalamanca,100,True
laliga2,2010,villarrealcfb,villarrealcfb,100,True
laliga2,2010,xerezcd,xerezcd,100,True
laliga2,2011,adalcorcon,adalcorcon,100,True
laliga2,2011,cdalcoyano,cdalcoyano,100,True
laliga2,2011,cdguadalajara,cdguadalajara,100,True
laliga2,2011,cdnumancia,numancia,89,True
laliga2,2011,celtadevigo,celtadevigo,100,True
laliga2,2011,cesabadellfc,cesabadell,91,True
laliga2,2011,cordobacf,cordoba,88,True
laliga2,2011,elchecf,elche,83,True
laliga2,2011,fcbarcelonab,barcelonab,91,True
laliga2,2011,fccartagena,fccartagena,100,True
laliga2,2011,gimnasticdetarragona,gimnastic,62,False
laliga2,2011,gironafc,girona,86,True
laliga2,2011,herculescf,herculescf,100,True
laliga2,2011,rcdeportivodecorunha,deportivo,62,False
laliga2,2011,realmurciacf,realmurcia,91,True
laliga2,2011,realvalladolidcf,valladolid,77,True
laliga2,2011,recreativodehuelva,recrhuelva,71,True
laliga2,2011,sdhuesca,sdhuesca,100,True
laliga2,2011,udalmeria,udalmeria,100,True
laliga2,2011,udlaspalmas,laspalmas,90,True
laliga2,2011,villarrealcfb,villarrealcfb,100,True
laliga2,2011,xerezcd,xerezcd,100,True
laliga2,2012,adalcorcon,adalcorcon,100,True
laliga2,2012,cdguadalajara,cdguadalajara,100,True
laliga2,2012,cdlugo,lugo,80,True
laliga2,2012,cdmirandes,mirandes,89,True
laliga2,2012,cdnumancia,numancia,89,True
laliga2,2012,cesabadellfc,cesabadell,91,True
laliga2,2012,cordobacf,cordoba,88,True
laliga2,2012,elchecf,elche,83,True
laliga2,2012,fcbarcelonab,barcelonab,91,True
laliga2,2012,fcvillarreal,villarreal,91,True
laliga2,2012,gironafc,girona,86,True
laliga2,2012,herculescf,herculescf,100,True
laliga2,2012,racingsantander,racsantander,89,True
laliga2,2012,realmadridcastilla,rmcastilla,71,True
laliga2,2012,realmurciacf,realmurcia,91,True
laliga2,2012,realsportingdegijon,realsporting,77,True
laliga2,2012,recreativodehuelva,recrhuelva,71,True
laliga2,2012,sdhuesca,sdhuesca,100,True
laliga2,2012,sdponferradina,ponferradina,92,True
laliga2,2012,udalmeria,udalmeria,100,True
laliga2,2012,udlaspalmas,laspalmas,90,True
laliga2,2012,xerezcd,xerezcd,100,True
laliga2,2013,adalcorcon,adalcorcon,100,True
laliga2,2013,cdlugo,lugo,80,True
laliga2,2013,cdmirandes,mirandes,89,True
laliga2,2013,cdnumancia,numancia,89,True
laliga2,2013,cdtenerife,tenerife,89,True
laliga2,2013,cesabadellfc,cesabadell,91,True
laliga2,2013,cordobacf,cordoba,88,True
laliga2,2013,deportivoalaves,alaves,57,False
laliga2,2013,fcbarcelonab,barcelonab,91,True
laliga2,2013,gironafc,girona,86,True
laliga2,2013,herculescf,herculescf,100,True
laliga2,2013,rcdeportivodecorunha,deportivo,62,False
laliga2,2013,rcdmallorca,mallorca,84,True
laliga2,2013,realjaen,realjaen,100,True
laliga2,2013,realmadridcastilla,rmcastilla,71,True
laliga2,2013,realmurciacf,realmurcia,91,True
laliga2,2013,realsportingdegijon,realsporting,77,True
laliga2,2013,realzaragoza,zaragoza,80,True
laliga2,2013,recreativodehuelva,recrhuelva,71,True
laliga2,2013,sdeibar,eibar,83,True
laliga2,2013,sdponferradina,ponferradina,92,True
laliga2,2013,udlaspalmas,laspalmas,90,True
laliga2,2014,adalcorcon,adalcorcon,100,True
laliga2,2014,albacetebalompie,albacete,67,False
laliga2,2014,caosasuna,osasuna,88,True
laliga2,2014,cdleganes,leganes,88,True
laliga2,2014,cdlugo,lugo,80,True
laliga2,2014,cdmirandes,mirandes,89,True
laliga2,2014,cdnumancia,numancia,89,True
laliga2,2014,cdtenerife,tenerife,89,True
laliga2,2014,cesabadellfc,cesabadell,91,True
laliga2,2014,deportivoalaves,alaves,57,False
laliga2,2014,fcbarcelonab,barcelonab,91,True
laliga2,2014,gironafc,girona,86,True
laliga2,2014,racingsantander,racsantander,89,True
laliga2,2014,rcdmallorca,mallorca,84,True
laliga2,2014,realbetisbalompie,betis,45,False
laliga2,2014,realsportingdegijon,realsporting,77,True
laliga2,2014,realvalladolidcf,valladolid,77,True
laliga2,2014,realzaragoza,zaragoza,80,True
laliga2,2014,recreativodehuelva,recrhuelva,71,True
laliga2,2014,sdponferradina,ponferradina,92,True
laliga2,2014,udlaspalmas,laspalmas,90,True
laliga2,2014,uellagostera,uellagostera,100,True
laliga2,2015,adalcorcon,adalcorcon,100,True
laliga2,2015,albacetebalompie,albacete,67,False
laliga2,2015,bilbaoathletic,bilbaoathletic,100,True
laliga2,2015,caosasuna,osasuna,88,True
laliga2,2015,cdleganes,leganes,88,True
laliga2,2015,cdlugo,lugo,80,True
laliga2,2015,cdmirandes,mirandes,89,True
laliga2,2015,cdnumancia,numancia,89,True
laliga2,2015,cdtenerife,tenerife,89,True
laliga2,2015,cordobacf,cordoba,88,True
laliga2,2015,deportivoalaves,alaves,57,False
laliga2,2015,elchecf,elche,83,True
laliga2,2015,gimnasticdetarragona,gimnastic,62,False
laliga2,2015,gironafc,girona,86,True
laliga2,2015,rcdmallorca,mallorca,84,True
laliga2,2015,realoviedo,realoviedo,100,True
laliga2,2015,realvalladolidcf,valladolid,77,True
laliga2,2015,realzaragoza,zaragoza,80,True
laliga2,2015,sdhuesca,sdhuesca,100,True
laliga2,2015,sdponferradina,ponferradina,92,True
laliga2,2015,udalmeria,udalmeria,100,True
laliga2,2015,uellagostera,uellagostera,100,True
laliga2,2016,adalcorcon,adalcorcon,100,True
laliga2,2016,cadizcf,cadizcf,100,True
laliga2,2016,cdlugo,lugo,80,True
laliga2,2016,cdmirandes,mirandes,89,True
laliga2,2016,cdnumancia,numancia,89,True
laliga2,2016,cdtenerife,tenerife,89,True
laliga2,2016,cfreusdeportiu,reusdeportiu,92,True
laliga2,2016,cordobacf,cordoba,88,True
laliga2,2016,elchecf,elche,83,True
laliga2,2016,getafecf,getafe,86,True
laliga2,2016,gimnasticdetarragona,gimnastic,62,False
laliga2,2016,gironafc,girona,86,True
laliga2,2016,levanteud,levante,88,True
laliga2,2016,rayovallecano,rayovallecano,100,True
laliga2,2016,rcdmallorca,mallorca,84,True
laliga2,2016,realoviedo,realoviedo,100,True
laliga2,2016,realvalladolidcf,valladolid,77,True
laliga2,2016,realzaragoza,zaragoza,80,True
laliga2,2016,sdhuesca,sdhuesca,100,True
laliga2,2016,sevilhaatletico,sevilhaatl,80,True
laliga2,2016,ucammurciacf,ucammurcia,91,True
laliga2,2016,udalmeria,udalmeria,100,True
laliga2,2017,adalcorcon,adalcorcon,100,True
laliga2,2017,albacetebalompie,albacete,67,False
laliga2,2017,cadizcf,cadizcf,100,True
laliga2,2017,caosasuna,osasuna,88,True
laliga2,2017,cdleonesa,cdleonesa,100,True
laliga2,2017,cdlugo,lugo,80,True
laliga2,2017,cdnumancia,numancia,89,True
laliga2,2017,cdtenerife,tenerife,89,True
laliga2,2017,cfreusdeportiu,reusdeportiu,92,True
laliga2,2017,cordobacf,cordoba,88,True
laliga2,2017,fcbarcelonab,barcelonab,91,True
laliga2,2017,gimnasticdetarragona,gimnastic,62,False
laliga2,2017,granadacf,granadacf,100,True
laliga2,2017,lorcafc,lorcafc,100,True
laliga2,2017,rayovallecano,rayovallecano,100,True
laliga2,2017,realoviedo,realoviedo,100,True
laliga2,2017,realsportingdegijon,realsporting,77,True
laliga2,2017,realvalladolidcf,valladolid,77,True
laliga2,2017,realzaragoza,zaragoza,80,True
laliga2,2017,sdhuesca,sdhuesca,100,True
laliga2,2017,sevilhaatletico,sevilhaatl,80,True
laliga2,2017,udalmeria,udalmeria,100,True
laliga2,2018,adalcorcon,adalcorcon,100,True
laliga2,2018,albacetebalompie,albacete,67,False
laliga2,2018,cadizcf,cadizcf,100,True
laliga2,2018,caosasuna,osasuna,88,True
laliga2,2018,cdlugo,lugo,80,True
laliga2,2018,cdnumancia,numancia,89,True
laliga2,2018,cdtenerife,tenerife,89,True
laliga2,2018,cfrayomajadahonda,rmajadahonda,83,True
laliga2,2018,cfreusdeportiu,reusdeportiu,92,True
laliga2,2018,cordobacf,cordoba,88,True
laliga2,2018,elchecf,elche,83,True
laliga2,2018,extremaduraud,extremadura,92,True
laliga2,2018,gimnasticdetarragona,gimnastic,62,False
laliga2,2018,granadacf,granadacf,100,True
laliga2,2018,malagacf,malagacf,100,True
laliga2,2018,rcdeportivodecorunha,deportivo,62,False
laliga2,2018,rcdmallorca,mallorca,84,True
laliga2,2018,realoviedo,realoviedo,100,True
laliga2,2018,realsportingdegijon,realsporting,77,True
laliga2,2018,realzaragoza,zaragoza,80,True
laliga2,2018,udalmeria,udalmeria,100,True
laliga2,2018,udlaspalmas,laspalmas,90,True
laliga2,2019,adalcorcon,adalcorcon,100,True
laliga2,2019,albacetebalompie,albacete,67,False
laliga2,2019,cadizcf,cadizcf,100,True
laliga2,2019,cdlugo,lugo,80,True
laliga2,2019,cdmirandes,mirandes,89,True
laliga2,2019,cdnumancia,numancia,89,True
laliga2,2019,cdtenerife,tenerife,89,True
laliga2,2019,elchecf,elche,83,True
laliga2,2019,extremaduraud,extremadura,92,True
laliga2,2019,fuenlabradacf,fuenlabradacf,100,True
laliga2,2019,gironafc,girona,86,True
laliga2,2019,malagacf,malagacf,100,True
laliga2,2019,racingsantander,racsantander,89,True
laliga2,2019,rayovallecano,rayovallecano,100,True
laliga2,2019,rcdeportivodecorunha,deportivo,62,False
laliga2,2019,realoviedo,realoviedo,100,True
laliga2,2019,realsportingdegijon,realsporting,77,True
laliga2,2019,realzaragoza,zaragoza,80,True
laliga2,2019,sdhuesca,sdhuesca,100,True
laliga2,2019,sdponferradina,ponferradina,92,True
laliga2,2019,udalmeria,udalmeria,100,True
laliga2,2019,udlaspalmas,laspalmas,90,True
laliga2,2020,adalcorcon,adalcorcon,100,True
laliga2,2020,albacetebalompie,albacete,67,False
laliga2,2020,cdcastellon,castellon,90,True
laliga2,2020,cdleganes,leganes,88,True
laliga2,2020,cdlugo,lugo,80,True
laliga2,2020,cdmirandes,mirandes,89,True
laliga2,2020,cdtenerife,tenerife,89,True
laliga2,2020,cesabadellfc,cesabadell,91,True
laliga2,2020,fccartagena,fccartagena,100,True
laliga2,2020,fuenlabradacf,fuenlabradacf,100,True
laliga2,2020,gironafc,girona,86,True
laliga2,2020,malagacf,malagacf,100,True
laliga2,2020,rayovallecano,rayovallecano,100,True
laliga2,2020,rcdespanyol,espanyol,84,True
laliga2,2020,rcdmallorca,mallorca,84,True
laliga2,2020,realoviedo,realoviedo,100,True
laliga2,2020,realsportingdegijon,realsporting,77,True
laliga2,2020,realzaragoza,zaragoza,80,True
laliga2,2020,sdponferradina,ponferradina,92,True
laliga2,2020,udalmeria,udalmeria,100,True
laliga2,2020,udlaspalmas,laspalmas,90,True
laliga2,2020,udlogrones,udlogrones,100,True
laliga2,2021,adalcorcon,adalcorcon,100,True
laliga2,2021,burgoscf,burgoscf,100,True
laliga2,2021,cdleganes,leganes,88,True
laliga2,2021,cdlugo,lugo,80,True
laliga2,2021,cdmirandes,mirandes,89,True
laliga2,2021,cdtenerife,tenerife,89,True
laliga2,2021,fccartagena,fccartagena,100,True
laliga2,2021,fuenlabradacf,fuenlabradacf,100,True
laliga2,2021,gironafc,girona,86,True
laliga2,2021,malagacf,malagacf,100,True
laliga2,2021,realoviedo,realoviedo,100,True
laliga2,2021,realsociedadssbsanse,sanse,40,False
laliga2,2021,realsportingdegijon,realsporting,77,True
laliga2,2021,realvalladolidcf,valladolid,77,True
laliga2,2021,realzaragoza,zaragoza,80,True
laliga2,2021,sdamorebieta,sdamorebieta,100,True
laliga2,2021,sdeibar,eibar,83,True
laliga2,2021,sdhuesca,sdhuesca,100,True
laliga2,2021,sdponferradina,ponferradina,92,True
laliga2,2021,udalmeria,udalmeria,100,True
laliga2,2021,udibiza,udibiza,100,True
laliga2,2021,udlaspalmas,laspalmas,90,True
laliga2,2022,albacetebalompie,albacete,67,False
laliga2,2022,burgoscf,burgoscf,100,True
laliga2,2022,cdleganes,leganes,88,True
laliga2,2022,cdlugo,lugo,80,True
laliga2,2022,cdmirandes,mirandes,89,True
laliga2,2022,cdtenerife,tenerife,89,True
laliga2,2022,deportivoalaves,alaves,57,False
laliga2,2022,fcandorra,fcandorra,100,True
laliga2,2022,fccartagena,fccartagena,100,True
laliga2,2022,granadacf,granadacf,100,True
laliga2,2022,levanteud,levante,88,True
laliga2,2022,malagacf,malagacf,100,True
laliga2,2022,racingsantander,racsantander,89,True
laliga2,2022,realoviedo,realoviedo,100,True
laliga2,2022,realsportingdegijon,realsporting,77,True
laliga2,2022,realzaragoza,zaragoza,80,True
laliga2,2022,sdeibar,eibar,83,True
laliga2,2022,sdhuesca,sdhuesca,100,True
laliga2,2022,sdponferradina,ponferradina,92,True
laliga2,2022,udibiza,udibiza,100,True
laliga2,2022,udlaspalmas,laspalmas,90,True
laliga2,2022,villarrealcfb,villarrealcfb,100,True
laliga2,2023,adalcorcon,adalcorcon,100,True
laliga2,2023,albacetebalompie,albacete,67,False
laliga2,2023,burgoscf,burgoscf,100,True
laliga2,2023,cdeldense,eldense,88,True
laliga2,2023,cdleganes,leganes,88,True
laliga2,2023,cdmirandes,mirandes,89,True
laliga2,2023,cdtenerife,tenerife,89,True
laliga2,2023,elchecf,elche,83,True
laliga2,2023,fcandorra,fcandorra,100,True
laliga2,2023,fccartagena,fccartagena,100,True
laliga2,2023,levanteud,levante,88,True
laliga2,2023,racingferrol,racingferrol,100,True
laliga2,2023,racingsantander,racsantander,89,True
laliga2,2023,rcdespanyol,espanyol,84,True
laliga2,2023,realoviedo,realoviedo,100,True
laliga2,2023,realsportingdegijon,realsporting,77,True
laliga2,2023,realvalladolidcf,valladolid,77,True
laliga2,2023,realzaragoza,zaragoza,80,True
laliga2,2023,sdamorebieta,sdamorebieta,100,True
laliga2,2023,sdeibar,eibar,83,True
laliga2,2023,sdhuesca,sdhuesca,100,True
laliga2,2023,villarrealcfb,villarrealcfb,100,True
laliga2,2024,albacetebalompie,albacete,67,False
laliga2,2024,burgoscf,burgoscf,100,True
laliga2,2024,cadizcf,cadizcf,100,True
laliga2,2024,cdcastellon,castellon,90,True
laliga2,2024,cdeldense,eldense,88,True
laliga2,2024,cdmirandes,mirandes,89,True
laliga2,2024,cdtenerife,tenerife,89,True
laliga2,2024,cordobacf,cordoba,88,True
laliga2,2024,elchecf,elche,83,True
laliga2,2024,fccartagena,fccartagena,100,True
laliga2,2024,granadacf,granadacf,100,True
laliga2,2024,levanteud,levante,88,True
laliga2,2024,malagacf,malagacf,100,True
laliga2,2024,racingferrol,racingferrol,100,True
laliga2,2024,racingsantander,racsantander,89,True
laliga2,2024,rcdeportivodecorunha,deportivo,62,False
laliga2,2024,realoviedo,realoviedo,100,True
laliga2,2024,realsportingdegijon,realsporting,77,True
laliga2,2024,realzaragoza,zaragoza,80,True
laliga2,2024,sdeibar,eibar,83,True
laliga2,2024,sdhuesca,sdhuesca,100,True
laliga2,2024,udalmeria,udalmeria,100,True
ligaportugal,1996,boavistafc,boavista,89,True
ligaportugal,1996,cfosbelenenses,belenenses,83,True
ligaportugal,1996,clubefutebolestreladaamadora,cfestrela,49,False
ligaportugal,1996,clubsportmaritimo,maritimo,64,False
ligaportugal,1996,fcporto,fcporto,100,True
ligaportugal,1996,gdchaves,chaves,86,True
ligaportugal,1996,gilvicentefutebolclube,gilvicente,62,False
ligaportugal,1996,lecafc,leca,80,True
ligaportugal,1996,rioavefutebolclube,rioave,50,False
ligaportugal,1996,scbraga,braga,83,True
ligaportugal,1996,scfarense,farense,88,True
ligaportugal,1996,scsalgueiros,salgueiros,91,True
ligaportugal,1996,slbenfica,benfica,88,True
ligaportugal,1996,sportingclubedeespinho,scespinho,58,False
ligaportugal,1996,sportingcp,sporting,89,True
ligaportugal,1996,udleiria,leiria,86,True
ligaportugal,1996,vitoriafutebolclube,vitoriafc,64,False
ligaportugal,1996,vitoriasportclube,vitguimaraes,48,False
ligaportugal,1997,academicadecoimbra,academica,67,False
ligaportugal,1997,boavistafc,boavista,89,True
ligaportugal,1997,cfosbelenenses,belenenses,83,True
ligaportugal,1997,clubefutebolestreladaamadora,cfestrela,49,False
ligaportugal,1997,clubsportmaritimo,maritimo,64,False
ligaportugal,1997,fcporto,fcporto,100,True
ligaportugal,1997,gdchaves,chaves,86,True
ligaportugal,1997,lecafc,leca,80,True
ligaportugal,1997,rioavefutebolclube,rioave,50,False
ligaportugal,1997,scbraga,braga,83,True
ligaportugal,1997,sccampomaiorense2013,campomaiorense,82,True
ligaportugal,1997,scfarense,farense,88,True
ligaportugal,1997,scsalgueiros,salgueiros,91,True
ligaportugal,1997,slbenfica,benfica,88,True
ligaportugal,1997,sportingcp,sporting,89,True
ligaportugal,1997,varzimsc,varzim,86,True
ligaportugal,1997,vitoriafutebolclube,vitoriafc,64,False
ligaportugal,1997,vitoriasportclube,vitguimaraes,48,False
ligaportugal,1998,academicadecoimbra,academica,67,False
ligaportugal,1998,boavistafc,boavista,89,True
ligaportugal,1998,clubefutebolestreladaamadora,cfestrela,49,False
ligaportugal,1998,clubsportmaritimo,maritimo,64,False
ligaportugal,1998,fcalverca,alverca,88,True
ligaportugal,1998,fcporto,fcporto,100,True
ligaportugal,1998,gdchaves,chaves,86,True
ligaportugal,1998,rioavefutebolclube,rioave,50,False
ligaportugal,1998,scbeiramar,beiramar,89,True
ligaportugal,1998,scbraga,braga,83,True
ligaportugal,1998,sccampomaiorense2013,campomaiorense,82,True
ligaportugal,1998,scfarense,farense,88,True
ligaportugal,1998,scsalgueiros,salgueiros,91,True
ligaportugal,1998,slbenfica,benfica,88,True
ligaportugal,1998,sportingcp,sporting,89,True
ligaportugal,1998,udleiria,leiria,86,True
ligaportugal,1998,vitoriafutebolclube,vitoriafc,64,False
ligaportugal,1998,vitoriasportclube,vitguimaraes,48,False
ligaportugal,1999,boavistafc,boavista,89,True
ligaportugal,1999,cfosbelenenses,belenenses,83,True
ligaportugal,1999,clubedesportivosantaclara,santaclara,57,False
ligaportugal,1999,clubefutebolestreladaamadora,cfestrela,49,False
ligaportugal,1999,clubsportmaritimo,maritimo,64,False
ligaportugal,1999,fcalverca,alverca,88,True
ligaportugal,1999,fcporto,fcporto,100,True
ligaportugal,1999,gilvicentefutebolclube,gilvicente,62,False
ligaportugal,1999,rioavefutebolclube,rioave,50,False
ligaportugal,1999,scbraga,braga,83,True
ligaportugal,1999,sccampomaiorense2013,campomaiorense,82,True
ligaportugal,1999,scfarense,farense,88,True
ligaportugal,1999,scsalgueiros,salgueiros,91,True
ligaportugal,1999,slbenfica,benfica,88,True
ligaportugal,1999,sportingcp,sporting,89,True
ligaportugal,1999,udleiria,leiria,86,True
ligaportugal,1999,vitoriafutebolclube,vitoriafc,64,False
ligaportugal,1999,vitoriasportclube,vitguimaraes,48,False
ligaportugal,2000,boavistafc,boavista,89,True
ligaportugal,2000,cfosbelenenses,belenenses,83,True
ligaportugal,2000,clubedesportivodasaves2020,cdaves,38,False
ligaportugal,2000,clubefutebolestreladaamadora,cfestrela,49,False
ligaportugal,2000,clubsportmaritimo,maritimo,64,False
ligaportugal,2000,fcalverca,alverca,88,True
ligaportugal,2000,fcpacosdeferreira,pacosferreira,87,True
ligaportugal,2000,fcporto,fcporto,100,True
ligaportugal,2000,gilvicentefutebolclube,gilvicente,62,False
ligaportugal,2000,scbeiramar,beiramar,89,True
ligaportugal,2000,scbraga,braga,83,True
ligaportugal,2000,sccampomaiorense2013,campomaiorense,82,True
ligaportugal,2000,scfarense,farense,88,True
ligaportugal,2000,scsalgueiros,salgueiros,91,True
ligaportugal,2000,slbenfica,benfica,88,True
ligaportugal,2000,sportingcp,sporting,89,True
ligaportugal,2000,udleiria,leiria,86,True
ligaportugal,2000,vitoriasportclube,vitguimaraes,48,False
ligaportugal,2001,boavistafc,boavista,89,True
ligaportugal,2001,cfosbelenenses,belenenses,83,True
ligaportugal,2001,clubedesportivosantaclara,santaclara,57,False
ligaportugal,2001,clubsportmaritimo,maritimo,64,False
ligaportugal,2001,fcalverca,alverca,88,True
ligaportugal,2001,fcpacosdeferreira,pacosferreira,87,True
ligaportugal,2001,fcporto,fcporto,100,True
ligaportugal,2001,gilvicentefutebolclube,gilvicente,62,False
ligaportugal,2001,scbeiramar,beiramar,89,True
ligaportugal,2001,scbraga,braga,83,True
ligaportugal,2001,scfarense,farense,88,True
ligaportugal,2001,scsalgueiros,salgueiros,91,True
ligaportugal,2001,slbenfica,benfica,88,True
ligaportugal,2001,sportingcp,sporting,89,True
ligaportugal,2001,udleiria,leiria,86,True
ligaportugal,2001,varzimsc,varzim,86,True
ligaportugal,2001,vitoriafutebolclube,vitoriafc,64,False
ligaportugal,2001,vitoriasportclube,vitguimaraes,48,False
ligaportugal,2002,academicadecoimbra,academica,67,False
ligaportugal,2002,boavistafc,boavista,89,True
ligaportugal,2002,cdnacional,nacional,89,True
ligaportugal,2002,cfosbelenenses,belenenses,83,True
ligaportugal,2002,clubedesportivosantaclara,santaclara,57,False
ligaportugal,2002,clubsportmaritimo,maritimo,64,False
ligaportugal,2002,fcpacosdeferreira,pacosferreira,87,True
ligaportugal,2002,fcporto,fcporto,100,True
ligaportugal,2002,gilvicentefutebolclube,gilvicente,62,False
ligaportugal,2002,moreirensefutebolclube,moreirense,62,False
ligaportugal,2002,scbeiramar,beiramar,89,True
ligaportugal,2002,scbraga,braga,83,True
ligaportugal,2002,slbenfica,benfica,88,True
ligaportugal,2002,sportingcp,sporting,89,True
ligaportugal,2002,udleiria,leiria,86,True
ligaportugal,2002,varzimsc,varzim,86,True
ligaportugal,2002,vitoriafutebolclube,vitoriafc,64,False
ligaportugal,2002,vitoriasportclube,vitguimaraes,48,False
ligaportugal,2003,academicadecoimbra,academica,67,False
ligaportugal,2003,boavistafc,boavista,89,True
ligaportugal,2003,cdnacional,nacional,89,True
ligaportugal,2003,cfosbelenenses,belenenses,83,True
ligaportugal,2003,clubefutebolestreladaamadora,cfestrela,49,False
ligaportugal,2003,clubsportmaritimo,maritimo,64,False
ligaportugal,2003,fcalverca,alverca,88,True
ligaportugal,2003,fcpacosdeferreira,pacosferreira,87,True
ligaportugal,2003,fcporto,fcporto,100,True
ligaportugal,2003,gilvicentefutebolclube,gilvicente,62,False
ligaportugal,2003,moreirensefutebolclube,moreirense,62,False
ligaportugal,2003,rioavefutebolclube,rioave,50,False
ligaportugal,2003,scbeiramar,beiramar,89,True
ligaportugal,2003,scbraga,braga,83,True
ligaportugal,2003,slbenfica,benfica,88,True
ligaportugal,2003,sportingcp,sporting,89,True
ligaportugal,2003,udleiria,leiria,86,True
ligaportugal,2003,vitoriasportclube,vitguimaraes,48,False
ligaportugal,2004,academicadecoimbra,academica,67,False
ligaportugal,2004,boavistafc,boavista,89,True
ligaportugal,2004,cdnacional,nacional,89,True
ligaportugal,2004,cfosbelenenses,belenenses,83,True
ligaportugal,2004,clubsportmaritimo,maritimo,64,False
ligaportugal,2004,fcporto,fcporto,100,True
ligaportugal,2004,futebolclubepenafiel,penafiel,57,False
ligaportugal,2004,gdestorilpraia,estoril,67,False
ligaportugal,2004,gilvicentefutebolclube,gilvicente,62,False
ligaportugal,2004,moreirensefutebolclube,moreirense,62,False
ligaportugal,2004,rioavefutebolclube,rioave,50,False
ligaportugal,2004,scbeiramar,beiramar,89,True
ligaportugal,2004,scbraga,braga,83,True
ligaportugal,2004,slbenfica,benfica,88,True
ligaportugal,2004,sportingcp,sporting,89,True
ligaportugal,2004,udleiria,leiria,86,True
ligaportugal,2004,vitoriafutebolclube,vitoriafc,64,False
ligaportugal,2004,vitoriasportclube,vitguimaraes,48,False
ligaportugal,2005,academicadecoimbra,academica,67,False
ligaportugal,2005,boavistafc,boavista,89,True
ligaportugal,2005,cdnacional,nacional,89,True
ligaportugal,2005,cfosbelenenses,belenenses,83,True
ligaportugal,2005,clubefutebolestreladaamadora,cfestrela,49,False
ligaportugal,2005,clubsportmaritimo,maritimo,64,False
ligaportugal,2005,fcpacosdeferreira,pacosferreira,87,True
ligaportugal,2005,fcporto,fcporto,100,True
ligaportugal,2005,futebolclubepenafiel,penafiel,57,False
ligaportugal,2005,gilvicentefutebolclube,gilvicente,62,False
ligaportugal,2005,naval1odemaio,naval1odemaio,100,True
ligaportugal,2005,rioavefutebolclube,rioave,50,False
ligaportugal,2005,scbraga,braga,83,True
ligaportugal,2005,slbenfica,benfica,88,True
ligaportugal,2005,sportingcp,sporting,89,True
ligaportugal,2005,udleiria,leiria,86,True
ligaportugal,2005,vitoriafutebolclube,vitoriafc,64,False
ligaportugal,2005,vitoriasportclube,vitguimaraes,48,False
ligaportugal,2006,academicadecoimbra,academica,67,False
ligaportugal,2006,boavistafc,boavista,89,True
ligaportugal,2006,cdnacional,nacional,89,True
ligaportugal,2006,cfosbelenenses,belenenses,83,True
ligaportugal,2006,clubedesportivodasaves2020,cdaves,38,False
ligaportugal,2006,clubefutebolestreladaamadora,cfestrela,49,False
ligaportugal,2006,clubsportmaritimo,maritimo,64,False
ligaportugal,2006,fcpacosdeferreira,pacosferreira,87,True
ligaportugal,2006,fcporto,fcporto,100,True
ligaportugal,2006,naval1odemaio,naval1odemaio,100,True
ligaportugal,2006,scbeiramar,beiramar,89,True
ligaportugal,2006,scbraga,braga,83,True
ligaportugal,2006,slbenfica,benfica,88,True
ligaportugal,2006,sportingcp,sporting,89,True
ligaportugal,2006,udleiria,leiria,86,True
ligaportugal,2006,vitoriafutebolclube,vitoriafc,64,False
ligaportugal,2007,academicadecoimbra,academica,67,False
ligaportugal,2007,boavistafc,boavista,89,True
ligaportugal,2007,cdnacional,nacional,89,True
ligaportugal,2007,cfosbelenenses,belenenses,83,True
ligaportugal,2007,clubefutebolestreladaamadora,cfestrela,49,False
ligaportugal,2007,clubsportmaritimo,maritimo,64,False
ligaportugal,2007,fcpacosdeferreira,pacosferreira,87,True
ligaportugal,2007,fcporto,fcporto,100,True
ligaportugal,2007,leixoessc,leixoes,88,True
ligaportugal,2007,naval1odemaio,naval1odemaio,100,True
ligaportugal,2007,scbraga,braga,83,True
ligaportugal,2007,slbenfica,benfica,88,True
ligaportugal,2007,sportingcp,sporting,89,True
ligaportugal,2007,udleiria,leiria,86,True
ligaportugal,2007,vitoriafutebolclube,vitoriafc,64,False
ligaportugal,2007,vitoriasportclube,vitguimaraes,48,False
ligaportugal,2008,academicadecoimbra,academica,67,False
ligaportugal,2008,cdnacional,nacional,89,True
ligaportugal,2008,cfosbelenenses,belenenses,83,True
ligaportugal,2008,clubedesportivotrofense,trofense,52,False
ligaportugal,2008,clubefutebolestreladaamadora,cfestrela,49,False
ligaportugal,2008,clubsportmaritimo,maritimo,64,False
ligaportugal,2008,fcpacosdeferreira,pacosferreira,87,True
ligaportugal,2008,fcporto,fcporto,100,True
ligaportugal,2008,leixoessc,leixoes,88,True
ligaportugal,2008,naval1odemaio,naval1odemaio,100,True
ligaportugal,2008,rioavefutebolclube,rioave,50,False
ligaportugal,2008,scbraga,braga,83,True
ligaportugal,2008,slbenfica,benfica,88,True
ligaportugal,2008,sportingcp,sporting,89,True
ligaportugal,2008,vitoriafutebolclube,vitoriafc,64,False
ligaportugal,2008,vitoriasportclube,vitguimaraes,48,False
ligaportugal,2009,academicadecoimbra,academica,67,False
ligaportugal,2009,cdnacional,nacional,89,True
ligaportugal,2009,cfosbelenenses,belenenses,83,True
ligaportugal,2009,clubsportmaritimo,maritimo,64,False
ligaportugal,2009,fcpacosdeferreira,pacosferreira,87,True
ligaportugal,2009,fcporto,fcporto,100,True
ligaportugal,2009,leixoessc,leixoes,88,True
ligaportugal,2009,naval1odemaio,naval1odemaio,100,True
ligaportugal,2009,rioavefutebolclube,rioave,50,False
ligaportugal,2009,scbraga,braga,83,True
ligaportugal,2009,slbenfica,benfica,88,True
ligaportugal,2009,sportingclubeolhanense,olhanense,58,False
ligaportugal,2009,sportingcp,sporting,89,True
ligaportugal,2009,udleiria,leiria,86,True
ligaportugal,2009,vitoriafutebolclube,vitoriafc,64,False
ligaportugal,2009,vitoriasportclube,vitguimaraes,48,False
ligaportugal,2010,academicadecoimbra,academica,67,False
ligaportugal,2010,cdnacional,nacional,89,True
ligaportugal,2010,clubsportmaritimo,maritimo,64,False
ligaportugal,2010,fcpacosdeferreira,pacosferreira,87,True
ligaportugal,2010,fcporto,fcporto,100,True
ligaportugal,2010,naval1odemaio,naval1odemaio,100,True
ligaportugal,2010,portimonensesad,portimonense,89,True
ligaportugal,2010,rioavefutebolclube,rioave,50,False
ligaportugal,2010,scbeiramar,beiramar,89,True
ligaportugal,2010,scbraga,braga,83,True
ligaportugal,2010,slbenfica,benfica,88,True
ligaportugal,2010,sportingclubeolhanense,olhanense,58,False
ligaportugal,2010,sportingcp,sporting,89,True
ligaportugal,2010,udleiria,leiria,86,True
ligaportugal,2010,vitoriafutebolclube,vitoriafc,64,False
ligaportugal,2010,vitoriasportclube,vitguimaraes,48,False
ligaportugal,2011,academicadecoimbra,academica,67,False
ligaportugal,2011,cdfeirense,feirense,89,True
ligaportugal,2011,cdnacional,nacional,89,True
ligaportugal,2011,clubsportmaritimo,maritimo,64,False
ligaportugal,2011,fcpacosdeferreira,pacosferreira,87,True
ligaportugal,2011,fcporto,fcporto,100,True
ligaportugal,2011,gilvicentefutebolclube,gilvicente,62,False
ligaportugal,2011,rioavefutebolclube,rioave,50,False
ligaportugal,2011,scbeiramar,beiramar,89,True
ligaportugal,2011,scbraga,braga,83,True
ligaportugal,2011,slbenfica,benfica,88,True
ligaportugal,2011,sportingclubeolhanense,olhanense,58,False
ligaportugal,2011,sportingcp,sporting,89,True
ligaportugal,2011,udleiria,leiria,86,True
ligaportugal,2011,vitoriafutebolclube,vitoriafc,64,False
ligaportugal,2011,vitoriasportclube,vitguimaraes,48,False
ligaportugal,2012,academicadecoimbra,academica,67,False
ligaportugal,2012,cdnacional,nacional,89,True
ligaportugal,2012,clubsportmaritimo,maritimo,64,False
ligaportugal,2012,fcpacosdeferreira,pacosferreira,87,True
ligaportugal,2012,fcporto,fcporto,100,True
ligaportugal,2012,gdestorilpraia,estoril,67,False
ligaportugal,2012,gilvicentefutebolclube,gilvicente,62,False
ligaportugal,2012,moreirensefutebolclube,moreirense,62,False
ligaportugal,2012,rioavefutebolclube,rioave,50,False
ligaportugal,2012,scbeiramar,beiramar,89,True
ligaportugal,2012,scbraga,braga,83,True
ligaportugal,2012,slbenfica,benfica,88,True
ligaportugal,2012,sportingclubeolhanense,olhanense,58,False
ligaportugal,2012,sportingcp,sporting,89,True
ligaportugal,2012,vitoriafutebolclube,vitoriafc,64,False
ligaportugal,2012,vitoriasportclube,vitguimaraes,48,False
ligaportugal,2013,academicadecoimbra,academica,67,False
ligaportugal,2013,cdnacional,nacional,89,True
ligaportugal,2013,cfosbelenenses,belenenses,83,True
ligaportugal,2013,clubsportmaritimo,maritimo,64,False
ligaportugal,2013,fcarouca,arouca,86,True
ligaportugal,2013,fcpacosdeferreira,pacosferreira,87,True
ligaportugal,2013,fcporto,fcporto,100,True
ligaportugal,2013,gdestorilpraia,estoril,67,False
ligaportugal,2013,gilvicentefutebolclube,gilvicente,62,False
ligaportugal,2013,rioavefutebolclube,rioave,50,False
ligaportugal,2013,scbraga,braga,83,True
ligaportugal,2013,slbenfica,benfica,88,True
ligaportugal,2013,sportingclubeolhanense,olhanense,58,False
ligaportugal,2013,sportingcp,sporting,89,True
ligaportugal,2013,vitoriafutebolclube,vitoriafc,64,False
ligaportugal,2013,vitoriasportclube,vitguimaraes,48,False
ligaportugal,2014,academicadecoimbra,academica,67,False
ligaportugal,2014,boavistafc,boavista,89,True
ligaportugal,2014,cdnacional,nacional,89,True
ligaportugal,2014,cfosbelenenses,belenenses,83,True
ligaportugal,2014,clubsportmaritimo,maritimo,64,False
ligaportugal,2014,fcarouca,arouca,86,True
ligaportugal,2014,fcpacosdeferreira,pacosferreira,87,True
ligaportugal,2014,fcporto,fcporto,100,True
ligaportugal,2014,futebolclubepenafiel,penafiel,57,False
ligaportugal,2014,gdestorilpraia,estoril,67,False
ligaportugal,2014,gilvicentefutebolclube,gilvicente,62,False
ligaportugal,2014,moreirensefutebolclube,moreirense,62,False
ligaportugal,2014,rioavefutebolclube,rioave,50,False
ligaportugal,2014,scbraga,braga,83,True
ligaportugal,2014,slbenfica,benfica,88,True
ligaportugal,2014,sportingcp,sporting,89,True
ligaportugal,2014,vitoriafutebolclube,vitoriafc,64,False
ligaportugal,2014,vitoriasportclube,vitguimaraes,48,False
ligaportugal,2015,academicadecoimbra,academica,67,False
ligaportugal,2015,boavistafc,boavista,89,True
ligaportugal,2015,cdnacional,nacional,89,True
ligaportugal,2015,cfosbelenenses,belenenses,83,True
ligaportugal,2015,cfuniaodamadeira2021,cfuniao,52,False
ligaportugal,2015,clubedesportivotondela,cdtondela,58,False
ligaportugal,2015,clubsportmaritimo,maritimo,64,False
ligaportugal,2015,fcarouca,arouca,86,True
ligaportugal,2015,fcpacosdeferreira,pacosferreira,87,True
ligaportugal,2015,fcporto,fcporto,100,True
ligaportugal,2015,gdestorilpraia,estoril,67,False
ligaportugal,2015,moreirensefutebolclube,moreirense,62,False
ligaportugal,2015,rioavefutebolclube,rioave,50,False
ligaportugal,2015,scbraga,braga,83,True
ligaportugal,2015,slbenfica,benfica,88,True
ligaportugal,2015,sportingcp,sporting,89,True
ligaportugal,2015,vitoriafutebolclube,vitoriafc,64,False
ligaportugal,2015,vitoriasportclube,vitguimaraes,48,False
ligaportugal,2016,boavistafc,boavista,89,True
ligaportugal,2016,cdfeirense,feirense,89,True
ligaportugal,2016,cdnacional,nacional,89,True
ligaportugal,2016,cfosbelenenses,belenenses,83,True
ligaportugal,2016,clubedesportivotondela,cdtondela,58,False
ligaportugal,2016,clubsportmaritimo,maritimo,64,False
ligaportugal,2016,fcarouca,arouca,86,True
ligaportugal,2016,fcpacosdeferreira,pacosferreira,87,True
ligaportugal,2016,fcporto,fcporto,100,True
ligaportugal,2016,gdchaves,chaves,86,True
ligaportugal,2016,gdestorilpraia,estoril,67,False
ligaportugal,2016,moreirensefutebolclube,moreirense,62,False
ligaportugal,2016,rioavefutebolclube,rioave,50,False
ligaportugal,2016,scbraga,braga,83,True
ligaportugal,2016,slbenfica,benfica,88,True
ligaportugal,2016,sportingcp,sporting,89,True
ligaportugal,2016,vitoriafutebolclube,vitoriafc,64,False
ligaportugal,2016,vitoriasportclube,vitguimaraes,48,False
ligaportugal,2017,boavistafc,boavista,89,True
ligaportugal,2017,cdfeirense,feirense,89,True
ligaportugal,2017,cfosbelenenses,belenenses,83,True
ligaportugal,2017,clubedesportivodasaves2020,cdaves,38,False
ligaportugal,2017,clubedesportivotondela,cdtondela,58,False
ligaportugal,2017,clubsportmaritimo,maritimo,64,False
ligaportugal,2017,fcpacosdeferreira,pacosferreira,87,True
ligaportugal,2017,fcporto,fcporto,100,True
ligaportugal,2017,gdchaves,chaves,86,True
ligaportugal,2017,gdestorilpraia,estoril,67,False
ligaportugal,2017,moreirensefutebolclube,moreirense,62,False
ligaportugal,2017,portimonensesad,portimonense,89,True
ligaportugal,2017,rioavefutebolclube,rioave,50,False
ligaportugal,2017,scbraga,braga,83,True
ligaportugal,2017,slbenfica,benfica,88,True
ligaportugal,2017,sportingcp,sporting,89,True
ligaportugal,2017,vitoriafutebolclube,vitoriafc,64,False
ligaportugal,2017,vitoriasportclube,vitguimaraes,48,False
ligaportugal,2018,boavistafc,boavista,89,True
ligaportugal,2018,bsad,bsad,100,True
ligaportugal,2018,cdfeirense,feirense,89,True
ligaportugal,2018,cdnacional,nacional,89,True
ligaportugal,2018,clubedesportivodasaves2020,cdaves,38,False
ligaportugal,2018,clubedesportivosantaclara,santaclara,57,False
ligaportugal,2018,clubedesportivotondela,cdtondela,58,False
ligaportugal,2018,clubsportmaritimo,maritimo,64,False
ligaportugal,2018,fcporto,fcporto,100,True
ligaportugal,2018,gdchaves,chaves,86,True
ligaportugal,2018,moreirensefutebolclube,moreirense,62,False
ligaportugal,2018,portimonensesad,portimonense,89,True
ligaportugal,2018,rioavefutebolclube,rioave,50,False
ligaportugal,2018,scbraga,braga,83,True
ligaportugal,2018,slbenfica,benfica,88,True
ligaportugal,2018,sportingcp,sporting,89,True
ligaportugal,2018,vitoriafutebolclube,vitoriafc,64,False
ligaportugal,2018,vitoriasportclube,vitguimaraes,48,False
ligaportugal,2019,boavistafc,boavista,89,True
ligaportugal,2019,bsad,bsad,100,True
ligaportugal,2019,clubedesportivodasaves2020,cdaves,38,False
ligaportugal,2019,clubedesportivosantaclara,santaclara,57,False
ligaportugal,2019,clubedesportivotondela,cdtondela,58,False
ligaportugal,2019,clubsportmaritimo,maritimo,64,False
ligaportugal,2019,fcfamalicao,famalicao,90,True
ligaportugal,2019,fcpacosdeferreira,pacosferreira,87,True
ligaportugal,2019,fcporto,fcporto,100,True
ligaportugal,2019,gilvicentefutebolclube,gilvicente,62,False
ligaportugal,2019,moreirensefutebolclube,moreirense,62,False
ligaportugal,2019,portimonensesad,portimonense,89,True
ligaportugal,2019,rioavefutebolclube,rioave,50,False
ligaportugal,2019,scbraga,braga,83,True
ligaportugal,2019,slbenfica,benfica,88,True
ligaportugal,2019,sportingcp,sporting,89,True
ligaportugal,2019,vitoriafutebolclube,vitoriafc,64,False
ligaportugal,2019,vitoriasportclube,vitguimaraes,48,False
ligaportugal,2020,boavistafc,boavista,89,True
ligaportugal,2020,bsad,bsad,100,True
ligaportugal,2020,cdnacional,nacional,89,True
ligaportugal,2020,clubedesportivosantaclara,santaclara,57,False
ligaportugal,2020,clubedesportivotondela,cdtondela,58,False
ligaportugal,2020,clubsportmaritimo,maritimo,64,False
ligaportugal,2020,fcfamalicao,famalicao,90,True
ligaportugal,2020,fcpacosdeferreira,pacosferreira,87,True
ligaportugal,2020,fcporto,fcporto,100,True
ligaportugal,2020,gilvicentefutebolclube,gilvicente,62,False
ligaportugal,2020,moreirensefutebolclube,moreirense,62,False
ligaportugal,2020,portimonensesad,portimonense,89,True
ligaportugal,2020,rioavefutebolclube,rioave,50,False
ligaportugal,2020,scbraga,braga,83,True
ligaportugal,2020,scfarense,farense,88,True
ligaportugal,2020,slbenfica,benfica,88,True
ligaportugal,2020,sportingcp,sporting,89,True
ligaportugal,2020,vitoriasportclube,vitguimaraes,48,False
ligaportugal,2021,boavistafc,boavista,89,True
ligaportugal,2021,bsad,bsad,100,True
ligaportugal,2021,clubedesportivosantaclara,santaclara,57,False
ligaportugal,2021,clubedesportivotondela,cdtondela,58,False
ligaportugal,2021,clubsportmaritimo,maritimo,64,False
ligaportugal,2021,fcarouca,arouca,86,True
ligaportugal,2021,fcfamalicao,famalicao,90,True
ligaportugal,2021,fcpacosdeferreira,pacosferreira,87,True
ligaportugal,2021,fcporto,fcporto,100,True
ligaportugal,2021,futebolclubedevizela,vizela,46,False
ligaportugal,2021,gdestorilpraia,estoril,67,False
ligaportugal,2021,gilvicentefutebolclube,gilvicente,62,False
ligaportugal,2021,moreirensefutebolclube,moreirense,62,False
ligaportugal,2021,portimonensesad,portimonense,89,True
ligaportugal,2021,scbraga,braga,83,True
ligaportugal,2021,slbenfica,benfica,88,True
ligaportugal,2021,sportingcp,sporting,89,True
ligaportugal,2021,vitoriasportclube,vitguimaraes,48,False
ligaportugal,2022,boavistafc,boavista,89,True
ligaportugal,2022,casapiaac,casapia,88,True
ligaportugal,2022,clubedesportivosantaclara,santaclara,57,False
ligaportugal,2022,clubsportmaritimo,maritimo,64,False
ligaportugal,2022,fcarouca,arouca,86,True
ligaportugal,2022,fcfamalicao,famalicao,90,True
ligaportugal,2022,fcpacosdeferreira,pacosferreira,87,True
ligaportugal,2022,fcporto,fcporto,100,True
ligaportugal,2022,futebolclubedevizela,vizela,46,False
ligaportugal,2022,gdchaves,chaves,86,True
ligaportugal,2022,gdestorilpraia,estoril,67,False
ligaportugal,2022,gilvicentefutebolclube,gilvicente,62,False
ligaportugal,2022,portimonensesad,portimonense,89,True
ligaportugal,2022,rioavefutebolclube,rioave,50,False
ligaportugal,2022,scbraga,braga,83,True
ligaportugal,2022,slbenfica,benfica,88,True
ligaportugal,2022,sportingcp,sporting,89,True
ligaportugal,2022,vitoriasportclube,vitguimaraes,48,False
ligaportugal,2023,boavistafc,boavista,89,True
ligaportugal,2023,casapiaac,casapia,88,True
ligaportugal,2023,cfestrelaamadora,estrelaamadora,93,True
ligaportugal,2023,fcarouca,arouca,86,True
ligaportugal,2023,fcfamalicao,famalicao,90,True
ligaportugal,2023,fcporto,fcporto,100,True
ligaportugal,2023,futebolclubedevizela,vizela,46,False
ligaportugal,2023,gdchaves,chaves,86,True
ligaportugal,2023,gdestorilpraia,estoril,67,False
ligaportugal,2023,gilvicentefutebolclube,gilvicente,62,False
ligaportugal,2023,moreirensefutebolclube,moreirense,62,False
ligaportugal,2023,portimonensesad,portimonense,89,True
ligaportugal,2023,rioavefutebolclube,rioave,50,False
ligaportugal,2023,scbraga,braga,83,True
ligaportugal,2023,scfarense,farense,88,True
ligaportugal,2023,slbenfica,benfica,88,True
ligaportugal,2023,sportingcp,sporting,89,True
ligaportugal,2023,vitoriasportclube,vitguimaraes,48,False
ligaportugal,2024,avsfutebol,avs,46,False
ligaportugal,2024,boavistafc,boavista,89,True
ligaportugal,2024,casapiaac,casapia,88,True
ligaportugal,2024,cdnacional,nacional,89,True
ligaportugal,2024,cfestrelaamadora,estrelaamadora,93,True
ligaportugal,2024,clubedesportivosantaclara,santaclara,57,False
ligaportugal,2024,fcarouca,arouca,86,True
ligaportugal,2024,fcfamalicao,famalicao,90,True
ligaportugal,2024,fcporto,fcporto,100,True
ligaportugal,2024,gdestorilpraia,estoril,67,False
ligaportugal,2024,gilvicentefutebolclube,gilvicente,62,False
ligaportugal,2024,moreirensefutebolclube,moreirense,62,False
ligaportugal,2024,rioavefutebolclube,rioave,50,False
ligaportugal,2024,scbraga,braga,83,True
ligaportugal,2024,scfarense,farense,88,True
ligaportugal,2024,slbenfica,benfica,88,True
ligaportugal,2024,sportingcp,sporting,89,True
ligaportugal,2024,vitoriasportclube,vitguimaraes,48,False
ligaportugal2,2007,cdfatima,cdfatima,100,True
ligaportugal2,2007,cdfeirense,feirense,89,True
ligaportugal2,2007,clubedesportivodasaves2020,cdaves,38,False
ligaportugal2,2007,clubedesportivosantaclara,santaclara,57,False
ligaportugal2,2007,clubedesportivotrofense,trofense,52,False
ligaportugal2,2007,futebolclubedevizela,vizela,46,False
ligaportugal2,2007,futebolclubepenafiel,penafiel,57,False
ligaportugal2,2007,gdestorilpraia,estoril,67,False
ligaportugal2,2007,gilvicentefutebolclube,gilvicente,62,False
ligaportugal2,2007,gondomarsc,gondomar,89,True
ligaportugal2,2007,portimonensesad,portimonense,89,True
ligaportugal2,2007,rioavefutebolclube,rioave,50,False
ligaportugal2,2007,scbeiramar,beiramar,89,True
ligaportugal2,2007,scfreamunde,freamunde,90,True
ligaportugal2,2007,sportingclubeolhanense,olhanense,58,False
ligaportugal2,2007,varzimsc,varzim,86,True
ligaportugal2,2008,boavistafc,boavista,89,True
ligaportugal2,2008,cdfeirense,feirense,89,True
ligaportugal2,2008,clubedesportivodasaves2020,cdaves,38,False
ligaportugal2,2008,clubedesportivosantaclara,santaclara,57,False
ligaportugal2,2008,futebolclubedevizela,vizela,46,False
ligaportugal2,2008,gdestorilpraia,estoril,67,False
ligaportugal2,2008,gilvicentefutebolclube,gilvicente,62,False
ligaportugal2,2008,gondomarsc,gondomar,89,True
ligaportugal2,2008,portimonensesad,portimonense,89,True
ligaportugal2,2008,scbeiramar,beiramar,89,True
ligaportugal2,2008,sccovilha,covilha,88,True
ligaportugal2,2008,scfreamunde,freamunde,90,True
ligaportugal2,2008,sportingclubeolhanense,olhanense,58,False
ligaportugal2,2008,udleiria,leiria,86,True
ligaportugal2,2008,udoliveirense,udoliveirense,100,True
ligaportugal2,2008,varzimsc,varzim,86,True
ligaportugal2,2009,adcarregado,carregado,90,True
ligaportugal2,2009,cdfatima,cdfatima,100,True
ligaportugal2,2009,cdfeirense,feirense,89,True
ligaportugal2,2009,clubedesportivodasaves2020,cdaves,38,False
ligaportugal2,2009,clubedesportivosantaclara,santaclara,57,False
ligaportugal2,2009,clubedesportivotrofense,trofense,52,False
ligaportugal2,2009,futebolclubepenafiel,penafiel,57,False
ligaportugal2,2009,gdchaves,chaves,86,True
ligaportugal2,2009,gdestorilpraia,estoril,67,False
ligaportugal2,2009,gilvicentefutebolclube,gilvicente,62,False
ligaportugal2,2009,portimonensesad,portimonense,89,True
ligaportugal2,2009,scbeiramar,beiramar,89,True
ligaportugal2,2009,sccovilha,covilha,88,True
ligaportugal2,2009,scfreamunde,freamunde,90,True
ligaportugal2,2009,udoliveirense,udoliveirense,100,True
ligaportugal2,2009,varzimsc,varzim,86,True
ligaportugal2,2010,cdfatima,cdfatima,100,True
ligaportugal2,2010,cdfeirense,feirense,89,True
ligaportugal2,2010,cfosbelenenses,belenenses,83,True
ligaportugal2,2010,clubedesportivodasaves2020,cdaves,38,False
ligaportugal2,2010,clubedesportivosantaclara,santaclara,57,False
ligaportugal2,2010,clubedesportivotrofense,trofense,52,False
ligaportugal2,2010,fcarouca,arouca,86,True
ligaportugal2,2010,futebolclubepenafiel,penafiel,57,False
ligaportugal2,2010,gdestorilpraia,estoril,67,False
ligaportugal2,2010,gilvicentefutebolclube,gilvicente,62,False
ligaportugal2,2010,leixoessc,leixoes,88,True
ligaportugal2,2010,moreirensefutebolclube,moreirense,62,False
ligaportugal2,2010,sccovilha,covilha,88,True
ligaportugal2,2010,scfreamunde,freamunde,90,True
ligaportugal2,2010,udoliveirense,udoliveirense,100,True
ligaportugal2,2010,varzimsc,varzim,86,True
ligaportugal2,2011,atleticoclubedeportugal,atleticocp,61,False
ligaportugal2,2011,cfosbelenenses,belenenses,83,True
ligaportugal2,2011,cfuniaodamadeira2021,cfuniao,52,False
ligaportugal2,2011,clubedesportivodasaves2020,cdaves,38,False
ligaportugal2,2011,clubedesportivosantaclara,santaclara,57,False
ligaportugal2,2011,clubedesportivotrofense,trofense,52,False
ligaportugal2,2011,fcarouca,arouca,86,True
ligaportugal2,2011,futebolclubepenafiel,penafiel,57,False
ligaportugal2,2011,gdestorilpraia,estoril,67,False
ligaportugal2,2011,leixoessc,leixoes,88,True
ligaportugal2,2011,moreirensefutebolclube,moreirense,62,False
ligaportugal2,2011,naval1odemaio,naval1odemaio,100,True
ligaportugal2,2011,portimonensesad,portimonense,89,True
ligaportugal2,2011,sccovilha,covilha,88,True
ligaportugal2,2011,scfreamunde,freamunde,90,True
ligaportugal2,2011,udoliveirense,udoliveirense,100,True
ligaportugal2,2012,atleticoclubedeportugal,atleticocp,61,False
ligaportugal2,2012,cdfeirense,feirense,89,True
ligaportugal2,2012,cfosbelenenses,belenenses,83,True
ligaportugal2,2012,cfuniaodamadeira2021,cfuniao,52,False
ligaportugal2,2012,clubedesportivodasaves2020,cdaves,38,False
ligaportugal2,2012,clubedesportivosantaclara,santaclara,57,False
ligaportugal2,2012,clubedesportivotondela,cdtondela,58,False
ligaportugal2,2012,clubedesportivotrofense,trofense,52,False
ligaportugal2,2012,csmaritimob,maritimob,90,True
ligaportugal2,2012,fcarouca,arouca,86,True
ligaportugal2,2012,fcportob,fcportob,100,True
ligaportugal2,2012,futebolclubepenafiel,penafiel,57,False
ligaportugal2,2012,leixoessc,leixoes,88,True
ligaportugal2,2012,naval1odemaio,naval1odemaio,100,True
ligaportugal2,2012,portimonensesad,portimonense,89,True
ligaportugal2,2012,scbragab,bragab,86,True
ligaportugal2,2012,sccovilha,covilha,88,True
ligaportugal2,2012,scfreamunde,freamunde,90,True
ligaportugal2,2012,slbenficab,benficab,89,True
ligaportugal2,2012,sportingcpb,sportingb,90,True
ligaportugal2,2012,udoliveirense,udoliveirense,100,True
ligaportugal2,2012,vitoriaguimaraesscb,vitoriascb,69,False
ligaportugal2,2013,academicodeviseufc,academicofc,76,True
ligaportugal2,2013,atleticoclubedeportugal,atleticocp,61,False
ligaportugal2,2013,cdfeirense,feirense,89,True
ligaportugal2,2013,cfuniaodamadeira2021,cfuniao,52,False
ligaportugal2,2013,clubedesportivodasaves2020,cdaves,38,False
ligaportugal2,2013,clubedesportivosantaclara,santaclara,57,False
ligaportugal2,2013,clubedesportivotondela,cdtondela,58,False
ligaportugal2,2013,clubedesportivotrofense,trofense,52,False
ligaportugal2,2013,csmaritimob,maritimob,90,True
ligaportugal2,2013,fcportob,fcportob,100,True
ligaportugal2,2013,futebolclubepenafiel,penafiel,57,False
ligaportugal2,2013,gdchaves,chaves,86,True
ligaportugal2,2013,leixoessc,leixoes,88,True
ligaportugal2,2013,moreirensefutebolclube,moreirense,62,False
ligaportugal2,2013,portimonensesad,portimonense,89,True
ligaportugal2,2013,scbeiramar,beiramar,89,True
ligaportugal2,2013,scbragab,bragab,86,True
ligaportugal2,2013,sccovilha,covilha,88,True
ligaportugal2,2013,scfarense,farense,88,True
ligaportugal2,2013,slbenficab,benficab,89,True
ligaportugal2,2013,sportingcpb,sportingb,90,True
ligaportugal2,2013,udoliveirense,udoliveirense,100,True
ligaportugal2,2014,academicodeviseufc,academicofc,76,True
ligaportugal2,2014,atleticoclubedeportugal,atleticocp,61,False
ligaportugal2,2014,cdfeirense,feirense,89,True
ligaportugal2,2014,cfuniaodamadeira2021,cfuniao,52,False
ligaportugal2,2014,clubedesportivodasaves2020,cdaves,38,False
ligaportugal2,2014,clubedesportivosantaclara,santaclara,57,False
ligaportugal2,2014,clubedesportivotondela,cdtondela,58,False
ligaportugal2,2014,clubedesportivotrofense,trofense,52,False
ligaportugal2,2014,clubeorientallisboa,oriental,59,False
ligaportugal2,2014,csmaritimob,maritimob,90,True
ligaportugal2,2014,fcportob,fcportob,100,True
ligaportugal2,2014,gdchaves,chaves,86,True
ligaportugal2,2014,leixoessc,leixoes,88,True
ligaportugal2,2014,portimonensesad,portimonense,89,True
ligaportugal2,2014,scbeiramar,beiramar,89,True
ligaportugal2,2014,scbragab,bragab,86,True
ligaportugal2,2014,sccovilha,covilha,88,True
ligaportugal2,2014,scfarense,farense,88,True
ligaportugal2,2014,scfreamunde,freamunde,90,True
ligaportugal2,2014,slbenficab,benficab,89,True
ligaportugal2,2014,sportingclubeolhanense,olhanense,58,False
ligaportugal2,2014,sportingcpb,sportingb,90,True
ligaportugal2,2014,udoliveirense,udoliveirense,100,True
ligaportugal2,2014,vitoriaguimaraesscb,vitoriascb,69,False
ligaportugal2,2015,academicodeviseufc,academicofc,76,True
ligaportugal2,2015,atleticoclubedeportugal,atleticocp,61,False
ligaportugal2,2015,cdfeirense,feirense,89,True
ligaportugal2,2015,cdmafra,mafra,83,True
ligaportugal2,2015,clubedesportivodasaves2020,cdaves,38,False
ligaportugal2,2015,clubedesportivosantaclara,santaclara,57,False
ligaportugal2,2015,clubeorientallisboa,oriental,59,False
ligaportugal2,2015,fcfamalicao,famalicao,90,True
ligaportugal2,2015,fcportob,fcportob,100,True
ligaportugal2,2015,futebolclubepenafiel,penafiel,57,False
ligaportugal2,2015,gdchaves,chaves,86,True
ligaportugal2,2015,gilvicentefutebolclube,gilvicente,62,False
ligaportugal2,2015,leixoessc,leixoes,88,True
ligaportugal2,2015,portimonensesad,portimonense,89,True
ligaportugal2,2015,scbragab,bragab,86,True
ligaportugal2,2015,sccovilha,covilha,88,True
ligaportugal2,2015,scfarense,farense,88,True
ligaportugal2,2015,scfreamunde,freamunde,90,True
ligaportugal2,2015,slbenficab,benficab,89,True
ligaportugal2,2015,sportingclubeolhanense,olhanense,58,False
ligaportugal2,2015,sportingcpb,sportingb,90,True
ligaportugal2,2015,udoliveirense,udoliveirense,100,True
ligaportugal2,2015,varzimsc,varzim,86,True
ligaportugal2,2015,vitoriaguimaraesscb,vitoriascb,69,False
ligaportugal2,2016,academicadecoimbra,academica,67,False
ligaportugal2,2016,academicodeviseufc,academicofc,76,True
ligaportugal2,2016,adfafe,fafe,80,True
ligaportugal2,2016,cdcovadapiedade,covadapiedade,93,True
ligaportugal2,2016,cfuniaodamadeira2021,cfuniao,52,False
ligaportugal2,2016,clubedesportivodasaves2020,cdaves,38,False
ligaportugal2,2016,clubedesportivosantaclara,santaclara,57,False
ligaportugal2,2016,fcfamalicao,famalicao,90,True
ligaportugal2,2016,fcportob,fcportob,100,True
ligaportugal2,2016,futebolclubedevizela,vizela,46,False
ligaportugal2,2016,futebolclubepenafiel,penafiel,57,False
ligaportugal2,2016,gilvicentefutebolclube,gilvicente,62,False
ligaportugal2,2016,leixoessc,leixoes,88,True
ligaportugal2,2016,portimonensesad,portimonense,89,True
ligaportugal2,2016,scbragab,bragab,86,True
ligaportugal2,2016,sccovilha,covilha,88,True
ligaportugal2,2016,scfreamunde,freamunde,90,True
ligaportugal2,2016,slbenficab,benficab,89,True
ligaportugal2,2016,sportingclubeolhanense,olhanense,58,False
ligaportugal2,2016,sportingcpb,sportingb,90,True
ligaportugal2,2016,varzimsc,varzim,86,True
ligaportugal2,2016,vitoriaguimaraesscb,vitoriascb,69,False
ligaportugal2,2017,academicadecoimbra,academica,67,False
ligaportugal2,2017,academicodeviseufc,academicofc,76,True
ligaportugal2,2017,cdcovadapiedade,covadapiedade,93,True
ligaportugal2,2017,cdnacional,nacional,89,True
ligaportugal2,2017,cfuniaodamadeira2021,cfuniao,52,False
ligaportugal2,2017,clubedesportivosantaclara,santaclara,57,False
ligaportugal2,2017,fcarouca,arouca,86,True
ligaportugal2,2017,fcfamalicao,famalicao,90,True
ligaportugal2,2017,fcportob,fcportob,100,True
ligaportugal2,2017,futebolclubepenafiel,penafiel,57,False
ligaportugal2,2017,gilvicentefutebolclube,gilvicente,62,False
ligaportugal2,2017,leixoessc,leixoes,88,True
ligaportugal2,2017,realsc,realsc,100,True
ligaportugal2,2017,scbragab,bragab,86,True
ligaportugal2,2017,sccovilha,covilha,88,True
ligaportugal2,2017,slbenficab,benficab,89,True
ligaportugal2,2017,sportingcpb,sportingb,90,True
ligaportugal2,2017,udoliveirense,udoliveirense,100,True
ligaportugal2,2017,varzimsc,varzim,86,True
ligaportugal2,2017,vitoriaguimaraesscb,vitoriascb,69,False
ligaportugal2,2018,academicadecoimbra,academica,67,False
ligaportugal2,2018,academicodeviseufc,academicofc,76,True
ligaportugal2,2018,cdcovadapiedade,covadapiedade,93,True
ligaportugal2,2018,cdmafra,mafra,83,True
ligaportugal2,2018,fcarouca,arouca,86,True
ligaportugal2,2018,fcfamalicao,famalicao,90,True
ligaportugal2,2018,fcpacosdeferreira,pacosferreira,87,True
ligaportugal2,2018,fcportob,fcportob,100,True
ligaportugal2,2018,futebolclubepenafiel,penafiel,57,False
ligaportugal2,2018,gdestorilpraia,estoril,67,False
ligaportugal2,2018,leixoessc,leixoes,88,True
ligaportugal2,2018,scbragab,bragab,86,True
ligaportugal2,2018,sccovilha,covilha,88,True
ligaportugal2,2018,scfarense,farense,88,True
ligaportugal2,2018,slbenficab,benficab,89,True
ligaportugal2,2018,udoliveirense,udoliveirense,100,True
ligaportugal2,2018,varzimsc,varzim,86,True
ligaportugal2,2018,vitoriaguimaraesscb,vitoriascb,69,False
ligaportugal2,2019,academicadecoimbra,academica,67,False
ligaportugal2,2019,academicodeviseufc,academicofc,76,True
ligaportugal2,2019,casapiaac,casapia,88,True
ligaportugal2,2019,cdcovadapiedade,covadapiedade,93,True
ligaportugal2,2019,cdfeirense,feirense,89,True
ligaportugal2,2019,cdmafra,mafra,83,True
ligaportugal2,2019,cdnacional,nacional,89,True
ligaportugal2,2019,fcportob,fcportob,100,True
ligaportugal2,2019,futebolclubepenafiel,penafiel,57,False
ligaportugal2,2019,gdchaves,chaves,86,True
ligaportugal2,2019,gdestorilpraia,estoril,67,False
ligaportugal2,2019,leixoessc,leixoes,88,True
ligaportugal2,2019,sccovilha,covilha,88,True
ligaportugal2,2019,scfarense,farense,88,True
ligaportugal2,2019,slbenficab,benficab,89,True
ligaportugal2,2019,udoliveirense,udoliveirense,100,True
ligaportugal2,2019,udvilafranquense,vilafranquense,93,True
ligaportugal2,2019,varzimsc,varzim,86,True
ligaportugal2,2020,academicadecoimbra,academica,67,False
ligaportugal2,2020,academicodeviseufc,academicofc,76,True
ligaportugal2,2020,casapiaac,casapia,88,True
ligaportugal2,2020,cdcovadapiedade,covadapiedade,93,True
ligaportugal2,2020,cdfeirense,feirense,89,True
ligaportugal2,2020,cdmafra,mafra,83,True
ligaportugal2,2020,fcarouca,arouca,86,True
ligaportugal2,2020,fcportob,fcportob,100,True
ligaportugal2,2020,futebolclubedevizela,vizela,46,False
ligaportugal2,2020,futebolclubepenafiel,penafiel,57,False
ligaportugal2,2020,gdchaves,chaves,86,True
ligaportugal2,2020,gdestorilpraia,estoril,67,False
ligaportugal2,2020,leixoessc,leixoes,88,True
ligaportugal2,2020,sccovilha,covilha,88,True
ligaportugal2,2020,slbenficab,benficab,89,True
ligaportugal2,2020,udoliveirense,udoliveirense,100,True
ligaportugal2,2020,udvilafranquense,vilafranquense,93,True
ligaportugal2,2020,varzimsc,varzim,86,True
ligaportugal2,2021,academicadecoimbra,academica,67,False
ligaportugal2,2021,academicodeviseufc,academicofc,76,True
ligaportugal2,2021,casapiaac,casapia,88,True
ligaportugal2,2021,cdfeirense,feirense,89,True
ligaportugal2,2021,cdmafra,mafra,83,True
ligaportugal2,2021,cdnacional,nacional,89,True
ligaportugal2,2021,cfestrelaamadora,estrelaamadora,93,True
ligaportugal2,2021,clubedesportivotrofense,trofense,52,False
ligaportugal2,2021,fcportob,fcportob,100,True
ligaportugal2,2021,futebolclubepenafiel,penafiel,57,False
ligaportugal2,2021,gdchaves,chaves,86,True
ligaportugal2,2021,leixoessc,leixoes,88,True
ligaportugal2,2021,rioavefutebolclube,rioave,50,False
ligaportugal2,2021,sccovilha,covilha,88,True
ligaportugal2,2021,scfarense,farense,88,True
ligaportugal2,2021,slbenficab,benficab,89,True
ligaportugal2,2021,udvilafranquense,vilafranquense,93,True
ligaportugal2,2021,varzimsc,varzim,86,True
ligaportugal2,2022,academicodeviseufc,academicofc,76,True
ligaportugal2,2022,bsad,bsad,100,True
ligaportugal2,2022,cdfeirense,feirense,89,True
ligaportugal2,2022,cdmafra,mafra,83,True
ligaportugal2,2022,cdnacional,nacional,89,True
ligaportugal2,2022,cfestrelaamadora,estrelaamadora,93,True
ligaportugal2,2022,clubedesportivotondela,cdtondela,58,False
ligaportugal2,2022,clubedesportivotrofense,trofense,52,False
ligaportugal2,2022,fcportob,fcportob,100,True
ligaportugal2,2022,futebolclubepenafiel,penafiel,57,False
ligaportugal2,2022,leixoessc,leixoes,88,True
ligaportugal2,2022,moreirensefutebolclube,moreirense,62,False
ligaportugal2,2022,sccovilha,covilha,88,True
ligaportugal2,2022,scfarense,farense,88,True
ligaportugal2,2022,scuniaotorreense,torreense,72,True
ligaportugal2,2022,slbenficab,benficab,89,True
ligaportugal2,2022,udoliveirense,udoliveirense,100,True
ligaportugal2,2022,udvilafranquense,vilafranquense,93,True
ligaportugal2,2023,academicodeviseufc,academicofc,76,True
ligaportugal2,2023,avsfutebol,avs,46,False
ligaportugal2,2023,cdfeirense,feirense,89,True
ligaportugal2,2023,cdmafra,mafra,83,True
ligaportugal2,2023,cdnacional,nacional,89,True
ligaportugal2,2023,cfosbelenenses,belenenses,83,True
ligaportugal2,2023,clubedesportivosantaclara,santaclara,57,False
ligaportugal2,2023,clubedesportivotondela,cdtondela,58,False
ligaportugal2,2023,clubsportmaritimo,maritimo,64,False
ligaportugal2,2023,fcpacosdeferreira,pacosferreira,87,True
ligaportugal2,2023,fcportob,fcportob,100,True
ligaportugal2,2023,futebolclubepenafiel,penafiel,57,False
ligaportugal2,2023,lankfcvilaverdense,vilaverdense,80,True
ligaportugal2,2023,leixoessc,leixoes,88,True
ligaportugal2,2023,scuniaotorreense,torreense,72,True
ligaportugal2,2023,slbenficab,benficab,89,True
ligaportugal2,2023,udleiria,leiria,86,True
ligaportugal2,2023,udoliveirense,udoliveirense,100,True
ligaportugal2,2024,academicodeviseufc,academicofc,76,True
ligaportugal2,2024,cdfeirense,feirense,89,True
ligaportugal2,2024,cdmafra,mafra,83,True
ligaportugal2,2024,clubedesportivotondela,cdtondela,58,False
ligaportugal2,2024,clubsportmaritimo,maritimo,64,False
ligaportugal2,2024,fcalverca,alverca,88,True
ligaportugal2,2024,fcfelgueiras1932,felgueiras,77,True
ligaportugal2,2024,fcpacosdeferreira,pacosferreira,87,True
ligaportugal2,2024,fcportob,fcportob,100,True
ligaportugal2,2024,futebolclubedevizela,vizela,46,False
ligaportugal2,2024,futebolclubepenafiel,penafiel,57,False
ligaportugal2,2024,gdchaves,chaves,86,True
ligaportugal2,2024,leixoessc,leixoes,88,True
ligaportugal2,2024,portimonensesad,portimonense,89,True
ligaportugal2,2024,scuniaotorreense,torreense,72,True
ligaportugal2,2024,slbenficab,benficab,89,True
ligaportugal2,2024,udleiria,leiria,86,True
ligaportugal2,2024,udoliveirense,udoliveirense,100,True
ligue1,1990,ajauxerre,auxerre,88,True
ligue1,1990,ascannes,cannes,86,True
ligue1,1990,asmonaco,monaco,86,True
ligue1,1990,asnancylorraine,asnancy,64,False
ligue1,1990,assaintetienne,saintetienne,92,True
ligue1,1990,brestarmoriquefc,brestarmorique,93,True
ligue1,1990,fcgbordeaux,bordeaux,84,True
ligue1,1990,fcmetz,fcmetz,100,True
ligue1,1990,fcnantes,nantes,86,True
ligue1,1990,fcparissaintgermain,psg,27,False
ligue1,1990,fcsochauxmontbeliard,fcsochaux,62,False
ligue1,1990,fctoulouse,toulouse,89,True
ligue1,1990,losclille,lille,71,True
ligue1,1990,montpellierhsc,montpellier,88,True
ligue1,1990,ogcnice,nice,73,True
ligue1,1990,olympiquelyon,lyon,47,False
ligue1,1990,olympiquemarselha,marselha,64,False
ligue1,1990,smcaen,smcaen,100,True
ligue1,1990,sportingclubdetoulonetduvar,sctoulonvar,58,False
ligue1,1990,staderennaisfc,rennes,50,False
ligue1,1991,ajauxerre,auxerre,88,True
ligue1,1991,ascannes,cannes,86,True
ligue1,1991,asmonaco,monaco,86,True
ligue1,1991,asnancylorraine,asnancy,64,False
ligue1,1991,assaintetienne,saintetienne,92,True
ligue1,1991,fcmetz,fcmetz,100,True
ligue1,1991,fcnantes,nantes,86,True
ligue1,1991,fcparissaintgermain,psg,27,False
ligue1,1991,fcsochauxmontbeliard,fcsochaux,62,False
ligue1,1991,fctoulouse,toulouse,89,True
ligue1,1991,lehavreac,lehavre,88,True
ligue1,1991,losclille,lille,71,True
ligue1,1991,montpellierhsc,montpellier,88,True
ligue1,1991,nimesolympique,nimesolympique,100,True
ligue1,1991,olympiquelyon,lyon,47,False
ligue1,1991,olympiquemarselha,marselha,64,False
ligue1,1991,rclens,lens,80,True
ligue1,1991,smcaen,smcaen,100,True
ligue1,1991,sportingclubdetoulonetduvar,sctoulonvar,58,False
ligue1,1991,staderennaisfc,rennes,50,False
ligue1,1992,ajauxerre,auxerre,88,True
ligue1,1992,asmonaco,monaco,86,True
ligue1,1992,assaintetienne,saintetienne,92,True
ligue1,1992,fcgbordeaux,bordeaux,84,True
ligue1,1992,fcmetz,fcmetz,100,True
ligue1,1992,fcnantes,nantes,86,True
ligue1,1992,fcparissaintgermain,psg,27,False
ligue1,1992,fcsochauxmontbeliard,fcsochaux,62,False
ligue1,1992,fctoulouse,toulouse,89,True
ligue1,1992,lehavreac,lehavre,88,True
ligue1,1992,losclille,lille,71,True
ligue1,1992,montpellierhsc,montpellier,88,True
ligue1,1992,nimesolympique,nimesolympique,100,True
ligue1,1992,olympiquelyon,lyon,47,False
ligue1,1992,olympiquemarselha,marselha,64,False
ligue1,1992,rclens,lens,80,True
ligue1,1992,rcstrasbourgalsace,strasbourg,71,True
ligue1,1992,smcaen,smcaen,100,True
ligue1,1992,sportingclubdetoulonetduvar,sctoulonvar,58,False
ligue1,1992,usvalenciennesanzinarrondissement,usvalenciennes,60,False
ligue1,1993,ajauxerre,auxerre,88,True
ligue1,1993,angerssco,angers,80,True
ligue1,1993,ascannes,cannes,86,True
ligue1,1993,asmonaco,monaco,86,True
ligue1,1993,assaintetienne,saintetienne,92,True
ligue1,1993,fcgbordeaux,bordeaux,84,True
ligue1,1993,fcmartigues,fcmartigues,100,True
ligue1,1993,fcmetz,fcmetz,100,True
ligue1,1993,fcnantes,nantes,86,True
ligue1,1993,fcparissaintgermain,psg,27,False
ligue1,1993,fcsochauxmontbeliard,fcsochaux,62,False
ligue1,1993,fctoulouse,toulouse,89,True
ligue1,1993,lehavreac,lehavre,88,True
ligue1,1993,losclille,lille,71,True
ligue1,1993,montpellierhsc,montpellier,88,True
ligue1,1993,olympiquelyon,lyon,47,False
ligue1,1993,olympiquemarselha,marselha,64,False
ligue1,1993,rclens,lens,80,True
ligue1,1993,rcstrasbourgalsace,strasbourg,71,True
ligue1,1993,smcaen,smcaen,100,True
ligue1,1994,ajauxerre,auxerre,88,True
ligue1,1994,ascannes,cannes,86,True
ligue1,1994,asmonaco,monaco,86,True
ligue1,1994,assaintetienne,saintetienne,92,True
ligue1,1994,fcgbordeaux,bordeaux,84,True
ligue1,1994,fcmartigues,fcmartigues,100,True
ligue1,1994,fcmetz,fcmetz,100,True
ligue1,1994,fcnantes,nantes,86,True
ligue1,1994,fcparissaintgermain,psg,27,False
ligue1,1994,fcsochauxmontbeliard,fcsochaux,62,False
ligue1,1994,lehavreac,lehavre,88,True
ligue1,1994,losclille,lille,71,True
ligue1,1994,montpellierhsc,montpellier,88,True
ligue1,1994,ogcnice,nice,73,True
ligue1,1994,olympiquelyon,lyon,47,False
ligue1,1994,rclens,lens,80,True
ligue1,1994,rcstrasbourgalsace,strasbourg,71,True
ligue1,1994,scbastia,scbastia,100,True
ligue1,1994,smcaen,smcaen,100,True
ligue1,1994,staderennaisfc,rennes,50,False
ligue1,1995,ajauxerre,auxerre,88,True
ligue1,1995,ascannes,cannes,86,True
ligue1,1995,asmonaco,monaco,86,True
ligue1,1995,assaintetienne,saintetienne,92,True
ligue1,1995,eaguingamp,guingamp,89,True
ligue1,1995,fcgbordeaux,bordeaux,84,True
ligue1,1995,fcgueugnon,fcgueugnon,100,True
ligue1,1995,fcmartigues,fcmartigues,100,True
ligue1,1995,fcmetz,fcmetz,100,True
ligue1,1995,fcnantes,nantes,86,True
ligue1,1995,fcparissaintgermain,psg,27,False
ligue1,1995,lehavreac,lehavre,88,True
ligue1,1995,losclille,lille,71,True
ligue1,1995,montpellierhsc,montpellier,88,True
ligue1,1995,ogcnice,nice,73,True
ligue1,1995,olympiquelyon,lyon,47,False
ligue1,1995,rclens,lens,80,True
ligue1,1995,rcstrasbourgalsace,strasbourg,71,True
ligue1,1995,scbastia,scbastia,100,True
ligue1,1995,staderennaisfc,rennes,50,False
ligue1,1996,ajauxerre,auxerre,88,True
ligue1,1996,ascannes,cannes,86,True
ligue1,1996,asmonaco,monaco,86,True
ligue1,1996,asnancylorraine,asnancy,64,False
ligue1,1996,eaguingamp,guingamp,89,True
ligue1,1996,fcgbordeaux,bordeaux,84,True
ligue1,1996,fcmetz,fcmetz,100,True
ligue1,1996,fcnantes,nantes,86,True
ligue1,1996,fcparissaintgermain,psg,27,False
ligue1,1996,lehavreac,lehavre,88,True
ligue1,1996,losclille,lille,71,True
ligue1,1996,montpellierhsc,montpellier,88,True
ligue1,1996,ogcnice,nice,73,True
ligue1,1996,olympiquelyon,lyon,47,False
ligue1,1996,olympiquemarselha,marselha,64,False
ligue1,1996,rclens,lens,80,True
ligue1,1996,rcstrasbourgalsace,strasbourg,71,True
ligue1,1996,scbastia,scbastia,100,True
ligue1,1996,smcaen,smcaen,100,True
ligue1,1996,staderennaisfc,rennes,50,False
ligue1,1997,ajauxerre,auxerre,88,True
ligue1,1997,ascannes,cannes,86,True
ligue1,1997,asmonaco,monaco,86,True
ligue1,1997,eaguingamp,guingamp,89,True
ligue1,1997,fcgbordeaux,bordeaux,84,True
ligue1,1997,fcmetz,fcmetz,100,True
ligue1,1997,fcnantes,nantes,86,True
ligue1,1997,fcparissaintgermain,psg,27,False
ligue1,1997,fctoulouse,toulouse,89,True
ligue1,1997,lbchateauroux,lbchateauroux,100,True
ligue1,1997,lehavreac,lehavre,88,True
ligue1,1997,montpellierhsc,montpellier,88,True
ligue1,1997,olympiquelyon,lyon,47,False
ligue1,1997,olympiquemarselha,marselha,64,False
ligue1,1997,rclens,lens,80,True
ligue1,1997,rcstrasbourgalsace,strasbourg,71,True
ligue1,1997,scbastia,scbastia,100,True
ligue1,1997,staderennaisfc,rennes,50,False
ligue1,1998,ajauxerre,auxerre,88,True
ligue1,1998,asmonaco,monaco,86,True
ligue1,1998,asnancylorraine,asnancy,64,False
ligue1,1998,fcgbordeaux,bordeaux,84,True
ligue1,1998,fclorient,fclorient,100,True
ligue1,1998,fcmetz,fcmetz,100,True
ligue1,1998,fcnantes,nantes,86,True
ligue1,1998,fcparissaintgermain,psg,27,False
ligue1,1998,fcsochauxmontbeliard,fcsochaux,62,False
ligue1,1998,fctoulouse,toulouse,89,True
ligue1,1998,lehavreac,lehavre,88,True
ligue1,1998,montpellierhsc,montpellier,88,True
ligue1,1998,olympiquelyon,lyon,47,False
ligue1,1998,olympiquemarselha,marselha,64,False
ligue1,1998,rclens,lens,80,True
ligue1,1998,rcstrasbourgalsace,strasbourg,71,True
ligue1,1998,scbastia,scbastia,100,True
ligue1,1998,staderennaisfc,rennes,50,False
ligue1,1999,ajauxerre,auxerre,88,True
ligue1,1999,asmonaco,monaco,86,True
ligue1,1999,asnancylorraine,asnancy,64,False
ligue1,1999,assaintetienne,saintetienne,92,True
ligue1,1999,associationtroyesaubechampagne,troyes,33,False
ligue1,1999,cssedanardennes,cssedan,64,False
ligue1,1999,fcgbordeaux,bordeaux,84,True
ligue1,1999,fcmetz,fcmetz,100,True
ligue1,1999,fcnantes,nantes,86,True
ligue1,1999,fcparissaintgermain,psg,27,False
ligue1,1999,lehavreac,lehavre,88,True
ligue1,1999,montpellierhsc,montpellier,88,True
ligue1,1999,olympiquelyon,lyon,47,False
ligue1,1999,olympiquemarselha,marselha,64,False
ligue1,1999,rclens,lens,80,True
ligue1,1999,rcstrasbourgalsace,strasbourg,71,True
ligue1,1999,scbastia,scbastia,100,True
ligue1,1999,staderennaisfc,rennes,50,False
ligue1,2000,ajauxerre,auxerre,88,True
ligue1,2000,asmonaco,monaco,86,True
ligue1,2000,assaintetienne,saintetienne,92,True
ligue1,2000,cssedanardennes,cssedan,64,False
ligue1,2000,eaguingamp,guingamp,89,True
ligue1,2000,estactroyes,troyes,71,True
ligue1,2000,fcgbordeaux,bordeaux,84,True
ligue1,2000,fcmetz,fcmetz,100,True
ligue1,2000,fcnantes,nantes,86,True
ligue1,2000,fcparissaintgermain,psg,27,False
ligue1,2000,fctoulouse,toulouse,89,True
ligue1,2000,losclille,lille,71,True
ligue1,2000,olympiquelyon,lyon,47,False
ligue1,2000,olympiquemarselha,marselha,64,False
ligue1,2000,rclens,lens,80,True
ligue1,2000,rcstrasbourgalsace,strasbourg,71,True
ligue1,2000,scbastia,scbastia,100,True
ligue1,2000,staderennaisfc,rennes,50,False
ligue1,2001,ajauxerre,auxerre,88,True
ligue1,2001,asmonaco,monaco,86,True
ligue1,2001,cssedanardennes,cssedan,64,False
ligue1,2001,eaguingamp,guingamp,89,True
ligue1,2001,estactroyes,troyes,71,True
ligue1,2001,fcgbordeaux,bordeaux,84,True
ligue1,2001,fclorient,fclorient,100,True
ligue1,2001,fcmetz,fcmetz,100,True
ligue1,2001,fcnantes,nantes,86,True
ligue1,2001,fcparissaintgermain,psg,27,False
ligue1,2001,fcsochauxmontbeliard,fcsochaux,62,False
ligue1,2001,losclille,lille,71,True
ligue1,2001,montpellierhsc,montpellier,88,True
ligue1,2001,olympiquelyon,lyon,47,False
ligue1,2001,olympiquemarselha,marselha,64,False
ligue1,2001,rclens,lens,80,True
ligue1,2001,scbastia,scbastia,100,True
ligue1,2001,staderennaisfc,rennes,50,False
ligue1,2002,acajaccio,acajaccio,100,True
ligue1,2002,ajauxerre,auxerre,88,True
ligue1,2002,asmonaco,monaco,86,True
ligue1,2002,cssedanardennes,cssedan,64,False
ligue1,2002,eaguingamp,guingamp,89,True
ligue1,2002,estactroyes,troyes,71,True
ligue1,2002,fcgbordeaux,bordeaux,84,True
ligue1,2002,fcnantes,nantes,86,True
ligue1,2002,fcparissaintgermain,psg,27,False
ligue1,2002,fcsochauxmontbeliard,fcsochaux,62,False
ligue1,2002,lehavreac,lehavre,88,True
ligue1,2002,losclille,lille,71,True
ligue1,2002,montpellierhsc,montpellier,88,True
ligue1,2002,ogcnice,nice,73,True
ligue1,2002,olympiquelyon,lyon,47,False
ligue1,2002,olympiquemarselha,marselha,64,False
ligue1,2002,rclens,lens,80,True
ligue1,2002,rcstrasbourgalsace,strasbourg,71,True
ligue1,2002,scbastia,scbastia,100,True
ligue1,2002,staderennaisfc,rennes,50,False
ligue1,2003,acajaccio,acajaccio,100,True
ligue1,2003,ajauxerre,auxerre,88,True
ligue1,2003,asmonaco,monaco,86,True
ligue1,2003,eaguingamp,guingamp,89,True
ligue1,2003,fcgbordeaux,bordeaux,84,True
ligue1,2003,fcmetz,fcmetz,100,True
ligue1,2003,fcnantes,nantes,86,True
ligue1,2003,fcparissaintgermain,psg,27,False
ligue1,2003,fcsochauxmontbeliard,fcsochaux,62,False
ligue1,2003,fctoulouse,toulouse,89,True
ligue1,2003,lemansunionclub72,lemansuc72,74,True
ligue1,2003,losclille,lille,71,True
ligue1,2003,montpellierhsc,montpellier,88,True
ligue1,2003,ogcnice,nice,73,True
ligue1,2003,olympiquelyon,lyon,47,False
ligue1,2003,olympiquemarselha,marselha,64,False
ligue1,2003,rclens,lens,80,True
ligue1,2003,rcstrasbourgalsace,strasbourg,71,True
ligue1,2003,scbastia,scbastia,100,True
ligue1,2003,staderennaisfc,rennes,50,False
ligue1,2004,acajaccio,acajaccio,100,True
ligue1,2004,ajauxerre,auxerre,88,True
ligue1,2004,asmonaco,monaco,86,True
ligue1,2004,assaintetienne,saintetienne,92,True
ligue1,2004,fcgbordeaux,bordeaux,84,True
ligue1,2004,fcistresouestprovence,fcistres,55,False
ligue1,2004,fcmetz,fcmetz,100,True
ligue1,2004,fcnantes,nantes,86,True
ligue1,2004,fcparissaintgermain,psg,27,False
ligue1,2004,fcsochauxmontbeliard,fcsochaux,62,False
ligue1,2004,fctoulouse,toulouse,89,True
ligue1,2004,losclille,lille,71,True
ligue1,2004,ogcnice,nice,73,True
ligue1,2004,olympiquelyon,lyon,47,False
ligue1,2004,olympiquemarselha,marselha,64,False
ligue1,2004,rclens,lens,80,True
ligue1,2004,rcstrasbourgalsace,strasbourg,71,True
ligue1,2004,scbastia,scbastia,100,True
ligue1,2004,smcaen,smcaen,100,True
ligue1,2004,staderennaisfc,rennes,50,False
ligue1,2005,acajaccio,acajaccio,100,True
ligue1,2005,ajauxerre,auxerre,88,True
ligue1,2005,asmonaco,monaco,86,True
ligue1,2005,asnancylorraine,asnancy,64,False
ligue1,2005,assaintetienne,saintetienne,92,True
ligue1,2005,estactroyes,troyes,71,True
ligue1,2005,fcgbordeaux,bordeaux,84,True
ligue1,2005,fcmetz,fcmetz,100,True
ligue1,2005,fcnantes,nantes,86,True
ligue1,2005,fcparissaintgermain,psg,27,False
ligue1,2005,fcsochauxmontbeliard,fcsochaux,62,False
ligue1,2005,fctoulouse,toulouse,89,True
ligue1,2005,lemansunionclub72,lemansuc72,74,True
ligue1,2005,losclille,lille,71,True
ligue1,2005,ogcnice,nice,73,True
ligue1,2005,olympiquelyon,lyon,47,False
ligue1,2005,olympiquemarselha,marselha,64,False
ligue1,2005,rclens,lens,80,True
ligue1,2005,rcstrasbourgalsace,strasbourg,71,True
ligue1,2005,staderennaisfc,rennes,50,False
ligue1,2006,ajauxerre,auxerre,88,True
ligue1,2006,asmonaco,monaco,86,True
ligue1,2006,asnancylorraine,asnancy,64,False
ligue1,2006,assaintetienne,saintetienne,92,True
ligue1,2006,cssedanardennes,cssedan,64,False
ligue1,2006,estactroyes,troyes,71,True
ligue1,2006,fcgbordeaux,bordeaux,84,True
ligue1,2006,fclorient,fclorient,100,True
ligue1,2006,fcnantes,nantes,86,True
ligue1,2006,fcparissaintgermain,psg,27,False
ligue1,2006,fcsochauxmontbeliard,fcsochaux,62,False
ligue1,2006,fctoulouse,toulouse,89,True
ligue1,2006,lemansunionclub72,lemansuc72,74,True
ligue1,2006,losclille,lille,71,True
ligue1,2006,ogcnice,nice,73,True
ligue1,2006,olympiquelyon,lyon,47,False
ligue1,2006,olympiquemarselha,marselha,64,False
ligue1,2006,rclens,lens,80,True
ligue1,2006,staderennaisfc,rennes,50,False
ligue1,2006,valenciennesfc,valenciennes,92,True
ligue1,2007,ajauxerre,auxerre,88,True
ligue1,2007,asmonaco,monaco,86,True
ligue1,2007,asnancylorraine,asnancy,64,False
ligue1,2007,assaintetienne,saintetienne,92,True
ligue1,2007,fcgbordeaux,bordeaux,84,True
ligue1,2007,fclorient,fclorient,100,True
ligue1,2007,fcmetz,fcmetz,100,True
ligue1,2007,fcparissaintgermain,psg,27,False
ligue1,2007,fcsochauxmontbeliard,fcsochaux,62,False
ligue1,2007,fctoulouse,toulouse,89,True
ligue1,2007,lemansunionclub72,lemansuc72,74,True
ligue1,2007,losclille,lille,71,True
ligue1,2007,ogcnice,nice,73,True
ligue1,2007,olympiquelyon,lyon,47,False
ligue1,2007,olympiquemarselha,marselha,64,False
ligue1,2007,rclens,lens,80,True
ligue1,2007,rcstrasbourgalsace,strasbourg,71,True
ligue1,2007,smcaen,smcaen,100,True
ligue1,2007,staderennaisfc,rennes,50,False
ligue1,2007,valenciennesfc,valenciennes,92,True
ligue1,2008,ajauxerre,auxerre,88,True
ligue1,2008,asmonaco,monaco,86,True
ligue1,2008,asnancylorraine,asnancy,64,False
ligue1,2008,assaintetienne,saintetienne,92,True
ligue1,2008,fcgbordeaux,bordeaux,84,True
ligue1,2008,fclorient,fclorient,100,True
ligue1,2008,fcnantes,nantes,86,True
ligue1,2008,fcparissaintgermain,psg,27,False
ligue1,2008,fcsochauxmontbeliard,fcsochaux,62,False
ligue1,2008,fctoulouse,toulouse,89,True
ligue1,2008,grenoblefoot38,grenoble,73,True
ligue1,2008,lehavreac,lehavre,88,True
ligue1,2008,lemansunionclub72,lemansuc72,74,True
ligue1,2008,losclille,lille,71,True
ligue1,2008,ogcnice,nice,73,True
ligue1,2008,olympiquelyon,lyon,47,False
ligue1,2008,olympiquemarselha,marselha,64,False
ligue1,2008,smcaen,smcaen,100,True
ligue1,2008,staderennaisfc,rennes,50,False
ligue1,2008,valenciennesfc,valenciennes,92,True
ligue1,2009,ajauxerre,auxerre,88,True
ligue1,2009,asmonaco,monaco,86,True
ligue1,2009,asnancylorraine,asnancy,64,False
ligue1,2009,assaintetienne,saintetienne,92,True
ligue1,2009,fcgbordeaux,bordeaux,84,True
ligue1,2009,fclorient,fclorient,100,True
ligue1,2009,fcparissaintgermain,psg,27,False
ligue1,2009,fcsochauxmontbeliard,fcsochaux,62,False
ligue1,2009,fctoulouse,toulouse,89,True
ligue1,2009,grenoblefoot38,grenoble,73,True
ligue1,2009,lemansunionclub72,lemansuc72,74,True
ligue1,2009,losclille,lille,71,True
ligue1,2009,montpellierhsc,montpellier,88,True
ligue1,2009,ogcnice,nice,73,True
ligue1,2009,olympiquelyon,lyon,47,False
ligue1,2009,olympiquemarselha,marselha,64,False
ligue1,2009,rclens,lens,80,True
ligue1,2009,staderennaisfc,rennes,50,False
ligue1,2009,usboulogne,usboulogne,100,True
ligue1,2009,valenciennesfc,valenciennes,92,True
ligue1,2010,acarlesavignon,acarlesavignon,100,True
ligue1,2010,ajauxerre,auxerre,88,True
ligue1,2010,asmonaco,monaco,86,True
ligue1,2010,asnancylorraine,asnancy,64,False
ligue1,2010,assaintetienne,saintetienne,92,True
ligue1,2010,fcgbordeaux,bordeaux,84,True
ligue1,2010,fclorient,fclorient,100,True
ligue1,2010,fcparissaintgermain,psg,27,False
ligue1,2010,fcsochauxmontbeliard,fcsochaux,62,False
ligue1,2010,fctoulouse,toulouse,89,True
ligue1,2010,losclille,lille,71,True
ligue1,2010,montpellierhsc,montpellier,88,True
ligue1,2010,ogcnice,nice,73,True
ligue1,2010,olympiquelyon,lyon,47,False
ligue1,2010,olympiquemarselha,marselha,64,False
ligue1,2010,rclens,lens,80,True
ligue1,2010,smcaen,smcaen,100,True
ligue1,2010,stadebrestois29,brest,50,False
ligue1,2010,staderennaisfc,rennes,50,False
ligue1,2010,valenciennesfc,valenciennes,92,True
ligue1,2011,acajaccio,acajaccio,100,True
ligue1,2011,ajauxerre,auxerre,88,True
ligue1,2011,asnancylorraine,asnancy,64,False
ligue1,2011,assaintetienne,saintetienne,92,True
ligue1,2011,dijonfco,dijon,77,True
ligue1,2011,fcevianthonongaillard,evian,38,False
ligue1,2011,fcgbordeaux,bordeaux,84,True
ligue1,2011,fclorient,fclorient,100,True
ligue1,2011,fcparissaintgermain,psg,27,False
ligue1,2011,fcsochauxmontbeliard,fcsochaux,62,False
ligue1,2011,fctoulouse,toulouse,89,True
ligue1,2011,losclille,lille,71,True
ligue1,2011,montpellierhsc,montpellier,88,True
ligue1,2011,ogcnice,nice,73,True
ligue1,2011,olympiquelyon,lyon,47,False
ligue1,2011,olympiquemarselha,marselha,64,False
ligue1,2011,smcaen,smcaen,100,True
ligue1,2011,stadebrestois29,brest,50,False
ligue1,2011,staderennaisfc,rennes,50,False
ligue1,2011,valenciennesfc,valenciennes,92,True
ligue1,2012,acajaccio,acajaccio,100,True
ligue1,2012,asnancylorraine,asnancy,64,False
ligue1,2012,assaintetienne,saintetienne,92,True
ligue1,2012,estactroyes,troyes,71,True
ligue1,2012,fcevianthonongaillard,evian,38,False
ligue1,2012,fcgbordeaux,bordeaux,84,True
ligue1,2012,fclorient,fclorient,100,True
ligue1,2012,fcparissaintgermain,psg,27,False
ligue1,2012,fcsochauxmontbeliard,fcsochaux,62,False
ligue1,2012,fctoulouse,toulouse,89,True
ligue1,2012,losclille,lille,71,True
ligue1,2012,montpellierhsc,montpellier,88,True
ligue1,2012,ogcnice,nice,73,True
ligue1,2012,olympiquelyon,lyon,47,False
ligue1,2012,olympiquemarselha,marselha,64,False
ligue1,2012,scbastia,scbastia,100,True
ligue1,2012,stadebrestois29,brest,50,False
ligue1,2012,stadereims,reims,67,False
ligue1,2012,staderennaisfc,rennes,50,False
ligue1,2012,valenciennesfc,valenciennes,92,True
ligue1,2013,acajaccio,acajaccio,100,True
ligue1,2013,asmonaco,monaco,86,True
ligue1,2013,assaintetienne,saintetienne,92,True
ligue1,2013,eaguingamp,guingamp,89,True
ligue1,2013,fcevianthonongaillard,evian,38,False
ligue1,2013,fcgbordeaux,bordeaux,84,True
ligue1,2013,fclorient,fclorient,100,True
ligue1,2013,fcnantes,nantes,86,True
ligue1,2013,fcparissaintgermain,psg,27,False
ligue1,2013,fcsochauxmontbeliard,fcsochaux,62,False
ligue1,2013,fctoulouse,toulouse,89,True
ligue1,2013,losclille,lille,71,True
ligue1,2013,montpellierhsc,montpellier,88,True
ligue1,2013,ogcnice,nice,73,True
ligue1,2013,olympiquelyon,lyon,47,False
ligue1,2013,olympiquemarselha,marselha,64,False
ligue1,2013,scbastia,scbastia,100,True
ligue1,2013,stadereims,reims,67,False
ligue1,2013,staderennaisfc,rennes,50,False
ligue1,2013,valenciennesfc,valenciennes,92,True
ligue1,2014,asmonaco,monaco,86,True
ligue1,2014,assaintetienne,saintetienne,92,True
ligue1,2014,eaguingamp,guingamp,89,True
ligue1,2014,fcevianthonongaillard,evian,38,False
ligue1,2014,fcgbordeaux,bordeaux,84,True
ligue1,2014,fclorient,fclorient,100,True
ligue1,2014,fcmetz,fcmetz,100,True
ligue1,2014,fcnantes,nantes,86,True
ligue1,2014,fcparissaintgermain,psg,27,False
ligue1,2014,fctoulouse,toulouse,89,True
ligue1,2014,losclille,lille,71,True
ligue1,2014,montpellierhsc,montpellier,88,True
ligue1,2014,ogcnice,nice,73,True
ligue1,2014,olympiquelyon,lyon,47,False
ligue1,2014,olympiquemarselha,marselha,64,False
ligue1,2014,rclens,lens,80,True
ligue1,2014,scbastia,scbastia,100,True
ligue1,2014,smcaen,smcaen,100,True
ligue1,2014,stadereims,reims,67,False
ligue1,2014,staderennaisfc,rennes,50,False
ligue1,2015,angerssco,angers,80,True
ligue1,2015,asmonaco,monaco,86,True
ligue1,2015,assaintetienne,saintetienne,92,True
ligue1,2015,eaguingamp,guingamp,89,True
ligue1,2015,estactroyes,troyes,71,True
ligue1,2015,fcgbordeaux,bordeaux,84,True
ligue1,2015,fclorient,fclorient,100,True
ligue1,2015,fcnantes,nantes,86,True
ligue1,2015,fcparissaintgermain,psg,27,False
ligue1,2015,fctoulouse,toulouse,89,True
ligue1,2015,gfcoajaccio,gajaccio,84,True
ligue1,2015,losclille,lille,71,True
ligue1,2015,montpellierhsc,montpellier,88,True
ligue1,2015,ogcnice,nice,73,True
ligue1,2015,olympiquelyon,lyon,47,False
ligue1,2015,olympiquemarselha,marselha,64,False
ligue1,2015,scbastia,scbastia,100,True
ligue1,2015,smcaen,smcaen,100,True
ligue1,2015,stadereims,reims,67,False
ligue1,2015,staderennaisfc,rennes,50,False
ligue1,2016,angerssco,angers,80,True
ligue1,2016,asmonaco,monaco,86,True
ligue1,2016,asnancylorraine,asnancy,64,False
ligue1,2016,assaintetienne,saintetienne,92,True
ligue1,2016,dijonfco,dijon,77,True
ligue1,2016,eaguingamp,guingamp,89,True
ligue1,2016,fcgbordeaux,bordeaux,84,True
ligue1,2016,fclorient,fclorient,100,True
ligue1,2016,fcmetz,fcmetz,100,True
ligue1,2016,fcnantes,nantes,86,True
ligue1,2016,fcparissaintgermain,psg,27,False
ligue1,2016,fctoulouse,toulouse,89,True
ligue1,2016,losclille,lille,71,True
ligue1,2016,montpellierhsc,montpellier,88,True
ligue1,2016,ogcnice,nice,73,True
ligue1,2016,olympiquelyon,lyon,47,False
ligue1,2016,olympiquemarselha,marselha,64,False
ligue1,2016,scbastia,scbastia,100,True
ligue1,2016,smcaen,smcaen,100,True
ligue1,2016,staderennaisfc,rennes,50,False
ligue1,2017,amienssc,amienssc,100,True
ligue1,2017,angerssco,angers,80,True
ligue1,2017,asmonaco,monaco,86,True
ligue1,2017,assaintetienne,saintetienne,92,True
ligue1,2017,dijonfco,dijon,77,True
ligue1,2017,eaguingamp,guingamp,89,True
ligue1,2017,estactroyes,troyes,71,True
ligue1,2017,fcgbordeaux,bordeaux,84,True
ligue1,2017,fcmetz,fcmetz,100,True
ligue1,2017,fcnantes,nantes,86,True
ligue1,2017,fcparissaintgermain,psg,27,False
ligue1,2017,fctoulouse,toulouse,89,True
ligue1,2017,losclille,lille,71,True
ligue1,2017,montpellierhsc,montpellier,88,True
ligue1,2017,ogcnice,nice,73,True
ligue1,2017,olympiquelyon,lyon,47,False
ligue1,2017,olympiquemarselha,marselha,64,False
ligue1,2017,rcstrasbourgalsace,strasbourg,71,True
ligue1,2017,smcaen,smcaen,100,True
ligue1,2017,staderennaisfc,rennes,50,False
ligue1,2018,amienssc,amienssc,100,True
ligue1,2018,angerssco,angers,80,True
ligue1,2018,asmonaco,monaco,86,True
ligue1,2018,assaintetienne,saintetienne,92,True
ligue1,2018,dijonfco,dijon,77,True
ligue1,2018,eaguingamp,guingamp,89,True
ligue1,2018,fcgbordeaux,bordeaux,84,True
ligue1,2018,fcnantes,nantes,86,True
ligue1,2018,fcparissaintgermain,psg,27,False
ligue1,2018,fctoulouse,toulouse,89,True
ligue1,2018,losclille,lille,71,True
ligue1,2018,montpellierhsc,montpellier,88,True
ligue1,2018,nimesolympique,nimesolympique,100,True
ligue1,2018,ogcnice,nice,73,True
ligue1,2018,olympiquelyon,lyon,47,False
ligue1,2018,olympiquemarselha,marselha,64,False
ligue1,2018,rcstrasbourgalsace,strasbourg,71,True
ligue1,2018,smcaen,smcaen,100,True
ligue1,2018,stadereims,reims,67,False
ligue1,2018,staderennaisfc,rennes,50,False
ligue1,2019,amienssc,amienssc,100,True
ligue1,2019,angerssco,angers,80,True
ligue1,2019,asmonaco,monaco,86,True
ligue1,2019,assaintetienne,saintetienne,92,True
ligue1,2019,dijonfco,dijon,77,True
ligue1,2019,fcgbordeaux,bordeaux,84,True
ligue1,2019,fcmetz,fcmetz,100,True
ligue1,2019,fcnantes,nantes,86,True
ligue1,2019,fcparissaintgermain,psg,27,False
ligue1,2019,fctoulouse,toulouse,89,True
ligue1,2019,losclille,lille,71,True
ligue1,2019,montpellierhsc,montpellier,88,True
ligue1,2019,nimesolympique,nimesolympique,100,True
ligue1,2019,ogcnice,nice,73,True
ligue1,2019,olympiquelyon,lyon,47,False
ligue1,2019,olympiquemarselha,marselha,64,False
ligue1,2019,rcstrasbourgalsace,strasbourg,71,True
ligue1,2019,stadebrestois29,brest,50,False
ligue1,2019,stadereims,reims,67,False
ligue1,2019,staderennaisfc,rennes,50,False
ligue1,2020,angerssco,angers,80,True
ligue1,2020,asmonaco,monaco,86,True
ligue1,2020,assaintetienne,saintetienne,92,True
ligue1,2020,dijonfco,dijon,77,True
ligue1,2020,fcgbordeaux,bordeaux,84,True
ligue1,2020,fclorient,fclorient,100,True
ligue1,2020,fcmetz,fcmetz,100,True
ligue1,2020,fcnantes,nantes,86,True
ligue1,2020,fcparissaintgermain,psg,27,False
ligue1,2020,losclille,lille,71,True
ligue1,2020,montpellierhsc,montpellier,88,True
ligue1,2020,nimesolympique,nimesolympique,100,True
ligue1,2020,ogcnice,nice,73,True
ligue1,2020,olympiquelyon,lyon,47,False
ligue1,2020,olympiquemarselha,marselha,64,False
ligue1,2020,rclens,lens,80,True
ligue1,2020,rcstrasbourgalsace,strasbourg,71,True
ligue1,2020,stadebrestois29,brest,50,False
ligue1,2020,stadereims,reims,67,False
ligue1,2020,staderennaisfc,rennes,50,False
ligue1,2021,angerssco,angers,80,True
ligue1,2021,asmonaco,monaco,86,True
ligue1,2021,assaintetienne,saintetienne,92,True
ligue1,2021,clermontfoot63,clermontfoot,92,True
ligue1,2021,estactroyes,troyes,71,True
ligue1,2021,fcgbordeaux,bordeaux,84,True
ligue1,2021,fclorient,fclorient,100,True
ligue1,2021,fcmetz,fcmetz,100,True
ligue1,2021,fcnantes,nantes,86,True
ligue1,2021,fcparissaintgermain,psg,27,False
ligue1,2021,losclille,lille,71,True
ligue1,2021,montpellierhsc,montpellier,88,True
ligue1,2021,ogcnice,nice,73,True
ligue1,2021,olympiquelyon,lyon,47,False
ligue1,2021,olympiquemarselha,marselha,64,False
ligue1,2021,rclens,lens,80,True
ligue1,2021,rcstrasbourgalsace,strasbourg,71,True
ligue1,2021,stadebrestois29,brest,50,False
ligue1,2021,stadereims,reims,67,False
ligue1,2021,staderennaisfc,rennes,50,False
ligue1,2022,acajaccio,acajaccio,100,True
ligue1,2022,ajauxerre,auxerre,88,True
ligue1,2022,angerssco,angers,80,True
ligue1,2022,asmonaco,monaco,86,True
ligue1,2022,clermontfoot63,clermontfoot,92,True
ligue1,2022,estactroyes,troyes,71,True
ligue1,2022,fclorient,fclorient,100,True
ligue1,2022,fcnantes,nantes,86,True
ligue1,2022,fcparissaintgermain,psg,27,False
ligue1,2022,fctoulouse,toulouse,89,True
ligue1,2022,losclille,lille,71,True
ligue1,2022,montpellierhsc,montpellier,88,True
ligue1,2022,ogcnice,nice,73,True
ligue1,2022,olympiquelyon,lyon,47,False
ligue1,2022,olympiquemarselha,marselha,64,False
ligue1,2022,rclens,lens,80,True
ligue1,2022,rcstrasbourgalsace,strasbourg,71,True
ligue1,2022,stadebrestois29,brest,50,False
ligue1,2022,stadereims,reims,67,False
ligue1,2022,staderennaisfc,rennes,50,False
ligue1,2023,asmonaco,monaco,86,True
ligue1,2023,clermontfoot63,clermontfoot,92,True
ligue1,2023,fclorient,fclorient,100,True
ligue1,2023,fcmetz,fcmetz,100,True
ligue1,2023,fcnantes,nantes,86,True
ligue1,2023,fcparissaintgermain,psg,27,False
ligue1,2023,fctoulouse,toulouse,89,True
ligue1,2023,lehavreac,lehavre,88,True
ligue1,2023,losclille,lille,71,True
ligue1,2023,montpellierhsc,montpellier,88,True
ligue1,2023,ogcnice,nice,73,True
ligue1,2023,olympiquelyon,lyon,47,False
ligue1,2023,olympiquemarselha,marselha,64,False
ligue1,2023,rclens,lens,80,True
ligue1,2023,rcstrasbourgalsace,strasbourg,71,True
ligue1,2023,stadebrestois29,brest,50,False
ligue1,2023,stadereims,reims,67,False
ligue1,2023,staderennaisfc,rennes,50,False
ligue1,2024,ajauxerre,auxerre,88,True
ligue1,2024,angerssco,angers,80,True
ligue1,2024,asmonaco,monaco,86,True
ligue1,2024,assaintetienne,saintetienne,92,True
ligue1,2024,fcnantes,nantes,86,True
ligue1,2024,fcparissaintgermain,psg,27,False
ligue1,2024,fctoulouse,toulouse,89,True
ligue1,2024,lehavreac,lehavre,88,True
ligue1,2024,losclille,lille,71,True
ligue1,2024,montpellierhsc,montpellier,88,True
ligue1,2024,ogcnice,nice,73,True
ligue1,2024,olympiquelyon,lyon,47,False
ligue1,2024,olympiquemarselha,marselha,64,False
ligue1,2024,rclens,lens,80,True
ligue1,2024,rcstrasbourgalsace,strasbourg,71,True
ligue1,2024,stadebrestois29,brest,50,False
ligue1,2024,stadereims,reims,67,False
ligue1,2024,staderennaisfc,rennes,50,False
ligue2,1994,amienssc,amienssc,100,True
ligue2,1994,angerssco,angers,80,True
ligue2,1994,asbeauvaisoise,asbeauvais,83,True
ligue2,1994,asnancylorraine,asnancy,64,False
ligue2,1994,asredstar93,asredstar93,100,True
ligue2,1994,associationsportivedoriginearmeniennedevalence,asoavalence,39,False
ligue2,1994,chamoisniortaisfc,chamoisniort,83,True
ligue2,1994,cssedanardennes,cssedan,64,False
ligue2,1994,eaguingamp,guingamp,89,True
ligue2,1994,fcgueugnon,fcgueugnon,100,True
ligue2,1994,fcmulhousesudalsace,mulhousesa,69,False
ligue2,1994,fctoulouse,toulouse,89,True
ligue2,1994,lbchateauroux,lbchateauroux,100,True
ligue2,1994,lemansunionclub72,lemansuc72,74,True
ligue2,1994,nimesolympique,nimesolympique,100,True
ligue2,1994,olympiquecharlevilleneufmanilaiglemont,ocharleville,48,False
ligue2,1994,olympiquedalesencevennes,olympiqueales,70,True
ligue2,1994,olympiquemarselha,marselha,64,False
ligue2,1994,perpignanfc,perpignan,90,True
ligue2,1994,stadebriochin,stadebriochin,100,True
ligue2,1994,stadelavallois,stadelavallois,100,True
ligue2,1994,usldunkerque,usldunkerque,100,True
ligue2,1995,amienssc,amienssc,100,True
ligue2,1995,angerssco,angers,80,True
ligue2,1995,asnancylorraine,asnancy,64,False
ligue2,1995,asredstar93,asredstar93,100,True
ligue2,1995,associationsportivedoriginearmeniennedevalence,asoavalence,39,False
ligue2,1995,chamoisniortaisfc,chamoisniort,83,True
ligue2,1995,cslouhanscuiseaux71,louhcuiseaux,77,True
ligue2,1995,fclorient,fclorient,100,True
ligue2,1995,fcmulhousesudalsace,mulhousesa,69,False
ligue2,1995,fcsochauxmontbeliard,fcsochaux,62,False
ligue2,1995,fctoulouse,toulouse,89,True
ligue2,1995,lbchateauroux,lbchateauroux,100,True
ligue2,1995,lemansunionclub72,lemansuc72,74,True
ligue2,1995,olympiquecharlevilleneufmanilaiglemont,ocharleville,48,False
ligue2,1995,olympiquedalesencevennes,olympiqueales,70,True
ligue2,1995,olympiquemarselha,marselha,64,False
ligue2,1995,perpignanfc,perpignan,90,True
ligue2,1995,sasepinal,sasepinal,100,True
ligue2,1995,smcaen,smcaen,100,True
ligue2,1995,stadelavallois,stadelavallois,100,True
ligue2,1995,stadepoitevinpepp,stadepoitevin,87,True
ligue2,1995,usldunkerque,usldunkerque,100,True
ligue2,1996,amienssc,amienssc,100,True
ligue2,1996,asbeauvaisoise,asbeauvais,83,True
ligue2,1996,asredstar93,asredstar93,100,True
ligue2,1996,assaintetienne,saintetienne,92,True
ligue2,1996,associationsportivedoriginearmeniennedevalence,asoavalence,39,False
ligue2,1996,associationtroyesaubechampagne,troyes,33,False
ligue2,1996,chamoisniortaisfc,chamoisniort,83,True
ligue2,1996,cslouhanscuiseaux71,louhcuiseaux,77,True
ligue2,1996,fcgueugnon,fcgueugnon,100,True
ligue2,1996,fclorient,fclorient,100,True
ligue2,1996,fcmartigues,fcmartigues,100,True
ligue2,1996,fcmulhousesudalsace,mulhousesa,69,False
ligue2,1996,fcsochauxmontbeliard,fcsochaux,62,False
ligue2,1996,fctoulouse,toulouse,89,True
ligue2,1996,lbchateauroux,lbchateauroux,100,True
ligue2,1996,lemansunionclub72,lemansuc72,74,True
ligue2,1996,olympiquecharlevilleneufmanilaiglemont,ocharleville,48,False
ligue2,1996,perpignanfc,perpignan,90,True
ligue2,1996,sasepinal,sasepinal,100,True
ligue2,1996,sportingclubdetoulon83,sctoulon83,62,False
ligue2,1996,stadebriochin,stadebriochin,100,True
ligue2,1996,stadelavallois,stadelavallois,100,True
ligue2,1997,amienssc,amienssc,100,True
ligue2,1997,asbeauvaisoise,asbeauvais,83,True
ligue2,1997,asnancylorraine,asnancy,64,False
ligue2,1997,asredstar93,asredstar93,100,True
ligue2,1997,assaintetienne,saintetienne,92,True
ligue2,1997,associationsportivedoriginearmeniennedevalence,asoavalence,39,False
ligue2,1997,associationtroyesaubechampagne,troyes,33,False
ligue2,1997,chamoisniortaisfc,chamoisniort,83,True
ligue2,1997,cslouhanscuiseaux71,louhcuiseaux,77,True
ligue2,1997,fcgueugnon,fcgueugnon,100,True
ligue2,1997,fclorient,fclorient,100,True
ligue2,1997,fcmartigues,fcmartigues,100,True
ligue2,1997,fcmulhousesudalsace,mulhousesa,69,False
ligue2,1997,fcsochauxmontbeliard,fcsochaux,62,False
ligue2,1997,lemansunionclub72,lemansuc72,74,True
ligue2,1997,losclille,lille,71,True
ligue2,1997,nimesolympique,nimesolympique,100,True
ligue2,1997,ogcnice,nice,73,True
ligue2,1997,smcaen,smcaen,100,True
ligue2,1997,sportingclubdetoulon83,sctoulon83,62,False
ligue2,1997,stadelavallois,stadelavallois,100,True
ligue2,1997,wasquehalfootball,wasquehal,69,False
ligue2,1998,acajaccio,acajaccio,100,True
ligue2,1998,amienssc,amienssc,100,True
ligue2,1998,asbeauvaisoise,asbeauvais,83,True
ligue2,1998,ascannes,cannes,86,True
ligue2,1998,asredstar93,asredstar93,100,True
ligue2,1998,assaintetienne,saintetienne,92,True
ligue2,1998,associationsportivedoriginearmeniennedevalence,asoavalence,39,False
ligue2,1998,associationtroyesaubechampagne,troyes,33,False
ligue2,1998,chamoisniortaisfc,chamoisniort,83,True
ligue2,1998,cssedanardennes,cssedan,64,False
ligue2,1998,eaguingamp,guingamp,89,True
ligue2,1998,fcgueugnon,fcgueugnon,100,True
ligue2,1998,lbchateauroux,lbchateauroux,100,True
ligue2,1998,lemansunionclub72,lemansuc72,74,True
ligue2,1998,losclille,lille,71,True
ligue2,1998,nimesolympique,nimesolympique,100,True
ligue2,1998,ogcnice,nice,73,True
ligue2,1998,smcaen,smcaen,100,True
ligue2,1998,stadelavallois,stadelavallois,100,True
ligue2,1998,wasquehalfootball,wasquehal,69,False
ligue2,1999,acajaccio,acajaccio,100,True
ligue2,1999,amienssc,amienssc,100,True
ligue2,1999,ascannes,cannes,86,True
ligue2,1999,associationsportivedoriginearmeniennedevalence,asoavalence,39,False
ligue2,1999,chamoisniortaisfc,chamoisniort,83,True
ligue2,1999,cslouhanscuiseaux71,louhcuiseaux,77,True
ligue2,1999,eaguingamp,guingamp,89,True
ligue2,1999,fcgueugnon,fcgueugnon,100,True
ligue2,1999,fclorient,fclorient,100,True
ligue2,1999,fcsochauxmontbeliard,fcsochaux,62,False
ligue2,1999,fctoulouse,toulouse,89,True
ligue2,1999,lbchateauroux,lbchateauroux,100,True
ligue2,1999,lemansunionclub72,lemansuc72,74,True
ligue2,1999,losclille,lille,71,True
ligue2,1999,nimesolympique,nimesolympique,100,True
ligue2,1999,ogcnice,nice,73,True
ligue2,1999,smcaen,smcaen,100,True
ligue2,1999,stadelavallois,stadelavallois,100,True
ligue2,1999,unionsportivecreteil,uscreteil,62,False
ligue2,1999,wasquehalfootball,wasquehal,69,False
ligue2,2000,acajaccio,acajaccio,100,True
ligue2,2000,angerssco,angers,80,True
ligue2,2000,asbeauvaisoise,asbeauvais,83,True
ligue2,2000,ascannes,cannes,86,True
ligue2,2000,asnancylorraine,asnancy,64,False
ligue2,2000,chamoisniortaisfc,chamoisniort,83,True
ligue2,2000,fcgueugnon,fcgueugnon,100,True
ligue2,2000,fclorient,fclorient,100,True
ligue2,2000,fcmartigues,fcmartigues,100,True
ligue2,2000,fcsochauxmontbeliard,fcsochaux,62,False
ligue2,2000,lbchateauroux,lbchateauroux,100,True
ligue2,2000,lehavreac,lehavre,88,True
ligue2,2000,lemansunionclub72,lemansuc72,74,True
ligue2,2000,montpellierhsc,montpellier,88,True
ligue2,2000,nimesolympique,nimesolympique,100,True
ligue2,2000,ogcnice,nice,73,True
ligue2,2000,smcaen,smcaen,100,True
ligue2,2000,stadelavallois,stadelavallois,100,True
ligue2,2000,unionsportivecreteil,uscreteil,62,False
ligue2,2000,wasquehalfootball,wasquehal,69,False
ligue2,2001,acajaccio,acajaccio,100,True
ligue2,2001,amienssc,amienssc,100,True
ligue2,2001,asbeauvaisoise,asbeauvais,83,True
ligue2,2001,asnancylorraine,asnancy,64,False
ligue2,2001,assaintetienne,saintetienne,92,True
ligue2,2001,chamoisniortaisfc,chamoisniort,83,True
ligue2,2001,fcgueugnon,fcgueugnon,100,True
ligue2,2001,fcistresvillenouvelle,fcistres,55,False
ligue2,2001,fcmartigues,fcmartigues,100,True
ligue2,2001,grenoblefoot38,grenoble,73,True
ligue2,2001,lbchateauroux,lbchateauroux,100,True
ligue2,2001,lehavreac,lehavre,88,True
ligue2,2001,lemansunionclub72,lemansuc72,74,True
ligue2,2001,nimesolympique,nimesolympique,100,True
ligue2,2001,ogcnice,nice,73,True
ligue2,2001,rcstrasbourgalsace,strasbourg,71,True
ligue2,2001,smcaen,smcaen,100,True
ligue2,2001,stadelavallois,stadelavallois,100,True
ligue2,2001,unionsportivecreteil,uscreteil,62,False
ligue2,2001,wasquehalfootball,wasquehal,69,False
ligue2,2002,amienssc,amienssc,100,True
ligue2,2002,asbeauvaisoise,asbeauvais,83,True
ligue2,2002,asnancylorraine,asnancy,64,False
ligue2,2002,assaintetienne,saintetienne,92,True
ligue2,2002,associationsportivedoriginearmeniennedevalence,asoavalence,39,False
ligue2,2002,chamoisniortaisfc,chamoisniort,83,True
ligue2,2002,clermontfootauvergne,clermontfa,67,False
ligue2,2002,fcgueugnon,fcgueugnon,100,True
ligue2,2002,fcistresvillenouvelle,fcistres,55,False
ligue2,2002,fclorient,fclorient,100,True
ligue2,2002,fcmetz,fcmetz,100,True
ligue2,2002,fctoulouse,toulouse,89,True
ligue2,2002,grenoblefoot38,grenoble,73,True
ligue2,2002,lbchateauroux,lbchateauroux,100,True
ligue2,2002,lemansunionclub72,lemansuc72,74,True
ligue2,2002,smcaen,smcaen,100,True
ligue2,2002,stadelavallois,stadelavallois,100,True
ligue2,2002,stadereims,reims,67,False
ligue2,2002,uscreteillusitanos,uscreteill,71,True
ligue2,2002,wasquehalfootball,wasquehal,69,False
ligue2,2003,amienssc,amienssc,100,True
ligue2,2003,angerssco,angers,80,True
ligue2,2003,asnancylorraine,asnancy,64,False
ligue2,2003,assaintetienne,saintetienne,92,True
ligue2,2003,associationsportivedoriginearmeniennedevalence,asoavalence,39,False
ligue2,2003,besanconracingclub,besanconrc,71,True
ligue2,2003,chamoisniortaisfc,chamoisniort,83,True
ligue2,2003,clermontfootauvergne,clermontfa,67,False
ligue2,2003,cssedanardennes,cssedan,64,False
ligue2,2003,estactroyes,troyes,71,True
ligue2,2003,fcgueugnon,fcgueugnon,100,True
ligue2,2003,fcistresvillenouvelle,fcistres,55,False
ligue2,2003,fclorient,fclorient,100,True
ligue2,2003,fcrouen1899,fcrouen1899,100,True
ligue2,2003,grenoblefoot38,grenoble,73,True
ligue2,2003,lbchateauroux,lbchateauroux,100,True
ligue2,2003,lehavreac,lehavre,88,True
ligue2,2003,smcaen,smcaen,100,True
ligue2,2003,stadelavallois,stadelavallois,100,True
ligue2,2003,uscreteillusitanos,uscreteill,71,True
ligue2,2004,amienssc,amienssc,100,True
ligue2,2004,angerssco,angers,80,True
ligue2,2004,asnancylorraine,asnancy,64,False
ligue2,2004,chamoisniortaisfc,chamoisniort,83,True
ligue2,2004,clermontfootauvergne,clermontfa,67,False
ligue2,2004,cssedanardennes,cssedan,64,False
ligue2,2004,dijonfco,dijon,77,True
ligue2,2004,eaguingamp,guingamp,89,True
ligue2,2004,estactroyes,troyes,71,True
ligue2,2004,fcgueugnon,fcgueugnon,100,True
ligue2,2004,fclorient,fclorient,100,True
ligue2,2004,grenoblefoot38,grenoble,73,True
ligue2,2004,lbchateauroux,lbchateauroux,100,True
ligue2,2004,lehavreac,lehavre,88,True
ligue2,2004,lemansunionclub72,lemansuc72,74,True
ligue2,2004,montpellierhsc,montpellier,88,True
ligue2,2004,stadebrestois29,brest,50,False
ligue2,2004,stadelavallois,stadelavallois,100,True
ligue2,2004,stadereims,reims,67,False
ligue2,2004,uscreteillusitanos,uscreteill,71,True
ligue2,2005,amienssc,amienssc,100,True
ligue2,2005,clermontfootauvergne,clermontfa,67,False
ligue2,2005,cssedanardennes,cssedan,64,False
ligue2,2005,dijonfco,dijon,77,True
ligue2,2005,eaguingamp,guingamp,89,True
ligue2,2005,fcgueugnon,fcgueugnon,100,True
ligue2,2005,fcistresouestprovence,fcistres,55,False
ligue2,2005,fclorient,fclorient,100,True
ligue2,2005,fcsete34,fcsete34,100,True
ligue2,2005,grenoblefoot38,grenoble,73,True
ligue2,2005,lbchateauroux,lbchateauroux,100,True
ligue2,2005,lehavreac,lehavre,88,True
ligue2,2005,montpellierhsc,montpellier,88,True
ligue2,2005,scbastia,scbastia,100,True
ligue2,2005,smcaen,smcaen,100,True
ligue2,2005,stadebrestois29,brest,50,False
ligue2,2005,stadelavallois,stadelavallois,100,True
ligue2,2005,stadereims,reims,67,False
ligue2,2005,uscreteillusitanos,uscreteill,71,True
ligue2,2005,valenciennesfc,valenciennes,92,True
ligue2,2006,acajaccio,acajaccio,100,True
ligue2,2006,amienssc,amienssc,100,True
ligue2,2006,chamoisniortaisfc,chamoisniort,83,True
ligue2,2006,dijonfco,dijon,77,True
ligue2,2006,eaguingamp,guingamp,89,True
ligue2,2006,fcgueugnon,fcgueugnon,100,True
ligue2,2006,fcistresouestprovence,fcistres,55,False
ligue2,2006,fclibournesaintseurin,libstseurin,69,False
ligue2,2006,fcmetz,fcmetz,100,True
ligue2,2006,grenoblefoot38,grenoble,73,True
ligue2,2006,lbchateauroux,lbchateauroux,100,True
ligue2,2006,lehavreac,lehavre,88,True
ligue2,2006,montpellierhsc,montpellier,88,True
ligue2,2006,rcstrasbourgalsace,strasbourg,71,True
ligue2,2006,scbastia,scbastia,100,True
ligue2,2006,smcaen,smcaen,100,True
ligue2,2006,stadebrestois29,brest,50,False
ligue2,2006,stadereims,reims,67,False
ligue2,2006,toursfc,toursfc,100,True
ligue2,2006,uscreteillusitanos,uscreteill,71,True
ligue2,2007,acajaccio,acajaccio,100,True
ligue2,2007,amienssc,amienssc,100,True
ligue2,2007,angerssco,angers,80,True
ligue2,2007,chamoisniortaisfc,chamoisniort,83,True
ligue2,2007,clermontfootauvergne63,clermontfoot,71,True
ligue2,2007,cssedanardennes,cssedan,64,False
ligue2,2007,dijonfco,dijon,77,True
ligue2,2007,eaguingamp,guingamp,89,True
ligue2,2007,estactroyes,troyes,71,True
ligue2,2007,fcgueugnon,fcgueugnon,100,True
ligue2,2007,fclibournesaintseurin,libstseurin,69,False
ligue2,2007,fcnantes,nantes,86,True
ligue2,2007,grenoblefoot38,grenoble,73,True
ligue2,2007,lbchateauroux,lbchateauroux,100,True
ligue2,2007,lehavreac,lehavre,88,True
ligue2,2007,montpellierhsc,montpellier,88,True
ligue2,2007,scbastia,scbastia,100,True
ligue2,2007,stadebrestois29,brest,50,False
ligue2,2007,stadereims,reims,67,False
ligue2,2007,usboulogne,usboulogne,100,True
ligue2,2008,acajaccio,acajaccio,100,True
ligue2,2008,amienssc,amienssc,100,True
ligue2,2008,angerssco,angers,80,True
ligue2,2008,clermontfootauvergne63,clermontfoot,71,True
ligue2,2008,cssedanardennes,cssedan,64,False
ligue2,2008,dijonfco,dijon,77,True
ligue2,2008,eaguingamp,guingamp,89,True
ligue2,2008,estactroyes,troyes,71,True
ligue2,2008,fcmetz,fcmetz,100,True
ligue2,2008,lbchateauroux,lbchateauroux,100,True
ligue2,2008,montpellierhsc,montpellier,88,True
ligue2,2008,nimesolympique,nimesolympique,100,True
ligue2,2008,rclens,lens,80,True
ligue2,2008,rcstrasbourgalsace,strasbourg,71,True
ligue2,2008,scbastia,scbastia,100,True
ligue2,2008,stadebrestois29,brest,50,False
ligue2,2008,stadereims,reims,67,False
ligue2,2008,toursfc,toursfc,100,True
ligue2,2008,usboulogne,usboulogne,100,True
ligue2,2008,vannesoc,vannes,86,True
ligue2,2009,acajaccio,acajaccio,100,True
ligue2,2009,acarlesavignon,acarlesavignon,100,True
ligue2,2009,angerssco,angers,80,True
ligue2,2009,clermontfootauvergne63,clermontfoot,71,True
ligue2,2009,cssedanardennes,cssedan,64,False
ligue2,2009,dijonfco,dijon,77,True
ligue2,2009,eaguingamp,guingamp,89,True
ligue2,2009,fcistresouestprovence,fcistres,55,False
ligue2,2009,fcmetz,fcmetz,100,True
ligue2,2009,fcnantes,nantes,86,True
ligue2,2009,lbchateauroux,lbchateauroux,100,True
ligue2,2009,lehavreac,lehavre,88,True
ligue2,2009,nimesolympique,nimesolympique,100,True
ligue2,2009,rcstrasbourgalsace,strasbourg,71,True
ligue2,2009,scbastia,scbastia,100,True
ligue2,2009,smcaen,smcaen,100,True
ligue2,2009,stadebrestois29,brest,50,False
ligue2,2009,stadelavallois,stadelavallois,100,True
ligue2,2009,toursfc,toursfc,100,True
ligue2,2009,vannesoc,vannes,86,True
ligue2,2010,acajaccio,acajaccio,100,True
ligue2,2010,angerssco,angers,80,True
ligue2,2010,clermontfootauvergne63,clermontfoot,71,True
ligue2,2010,cssedanardennes,cssedan,64,False
ligue2,2010,dijonfco,dijon,77,True
ligue2,2010,estactroyes,troyes,71,True
ligue2,2010,fcevianthonongaillard,evian,38,False
ligue2,2010,fcistresouestprovence,fcistres,55,False
ligue2,2010,fcmetz,fcmetz,100,True
ligue2,2010,fcnantes,nantes,86,True
ligue2,2010,grenoblefoot38,grenoble,73,True
ligue2,2010,lbchateauroux,lbchateauroux,100,True
ligue2,2010,lehavreac,lehavre,88,True
ligue2,2010,lemansfc,lemansfc,100,True
ligue2,2010,nimesolympique,nimesolympique,100,True
ligue2,2010,stadelavallois,stadelavallois,100,True
ligue2,2010,stadereims,reims,67,False
ligue2,2010,toursfc,toursfc,100,True
ligue2,2010,usboulogne,usboulogne,100,True
ligue2,2010,vannesoc,vannes,86,True
ligue2,2011,acarlesavignon,acarlesavignon,100,True
ligue2,2011,amienssc,amienssc,100,True
ligue2,2011,angerssco,angers,80,True
ligue2,2011,asmonaco,monaco,86,True
ligue2,2011,clermontfootauvergne63,clermontfoot,71,True
ligue2,2011,cssedanardennes,cssedan,64,False
ligue2,2011,eaguingamp,guingamp,89,True
ligue2,2011,estactroyes,troyes,71,True
ligue2,2011,fcistresouestprovence,fcistres,55,False
ligue2,2011,fcmetz,fcmetz,100,True
ligue2,2011,fcnantes,nantes,86,True
ligue2,2011,lbchateauroux,lbchateauroux,100,True
ligue2,2011,lehavreac,lehavre,88,True
ligue2,2011,lemansfc,lemansfc,100,True
ligue2,2011,rclens,lens,80,True
ligue2,2011,scbastia,scbastia,100,True
ligue2,2011,stadelavallois,stadelavallois,100,True
ligue2,2011,stadereims,reims,67,False
ligue2,2011,toursfc,toursfc,100,True
ligue2,2011,usboulogne,usboulogne,100,True
ligue2,2012,acarlesavignon,acarlesavignon,100,True
ligue2,2012,ajauxerre,auxerre,88,True
ligue2,2012,angerssco,angers,80,True
ligue2,2012,asmonaco,monaco,86,True
ligue2,2012,chamoisniortaisfc,chamoisniort,83,True
ligue2,2012,clermontfootauvergne63,clermontfoot,71,True
ligue2,2012,cssedanardennes,cssedan,64,False
ligue2,2012,dijonfco,dijon,77,True
ligue2,2012,eaguingamp,guingamp,89,True
ligue2,2012,fcistresouestprovence,fcistres,55,False
ligue2,2012,fcnantes,nantes,86,True
ligue2,2012,gfcoajaccio,gajaccio,84,True
ligue2,2012,lbchateauroux,lbchateauroux,100,True
ligue2,2012,lehavreac,lehavre,88,True
ligue2,2012,lemansfc,lemansfc,100,True
ligue2,2012,nimesolympique,nimesolympique,100,True
ligue2,2012,rclens,lens,80,True
ligue2,2012,smcaen,smcaen,100,True
ligue2,2012,stadelavallois,stadelavallois,100,True
ligue2,2012,toursfc,toursfc,100,True
ligue2,2013,acarlesavignon,acarlesavignon,100,True
ligue2,2013,ajauxerre,auxerre,88,True
ligue2,2013,angerssco,angers,80,True
ligue2,2013,asnancylorraine,asnancy,64,False
ligue2,2013,cabastia2017,cabastia,80,True
ligue2,2013,chamoisniortaisfc,chamoisniort,83,True
ligue2,2013,clermontfoot63,clermontfoot,92,True
ligue2,2013,dijonfco,dijon,77,True
ligue2,2013,estactroyes,troyes,71,True
ligue2,2013,fcistresouestprovence,fcistres,55,False
ligue2,2013,fcmetz,fcmetz,100,True
ligue2,2013,lbchateauroux,lbchateauroux,100,True
ligue2,2013,lehavreac,lehavre,88,True
ligue2,2013,nimesolympique,nimesolympique,100,True
ligue2,2013,rclens,lens,80,True
ligue2,2013,smcaen,smcaen,100,True
ligue2,2013,stadebrestois29,brest,50,False
ligue2,2013,stadelavallois,stadelavallois,100,True
ligue2,2013,toursfc,toursfc,100,True
ligue2,2013,uscreteillusitanos,uscreteill,71,True
ligue2,2014,acajaccio,acajaccio,100,True
ligue2,2014,acarlesavignon,acarlesavignon,100,True
ligue2,2014,ajauxerre,auxerre,88,True
ligue2,2014,angerssco,angers,80,True
ligue2,2014,asnancylorraine,asnancy,64,False
ligue2,2014,chamoisniortaisfc,chamoisniort,83,True
ligue2,2014,clermontfoot63,clermontfoot,92,True
ligue2,2014,dijonfco,dijon,77,True
ligue2,2014,estactroyes,troyes,71,True
ligue2,2014,fcsochauxmontbeliard,fcsochaux,62,False
ligue2,2014,gfcoajaccio,gajaccio,84,True
ligue2,2014,lbchateauroux,lbchateauroux,100,True
ligue2,2014,lehavreac,lehavre,88,True
ligue2,2014,nimesolympique,nimesolympique,100,True
ligue2,2014,stadebrestois29,brest,50,False
ligue2,2014,stadelavallois,stadelavallois,100,True
ligue2,2014,toursfc,toursfc,100,True
ligue2,2014,uscreteillusitanos,uscreteill,71,True
ligue2,2014,usorleans,usorleans,100,True
ligue2,2014,valenciennesfc,valenciennes,92,True
ligue2,2015,acajaccio,acajaccio,100,True
ligue2,2015,ajauxerre,auxerre,88,True
ligue2,2015,asnancylorraine,asnancy,64,False
ligue2,2015,chamoisniortaisfc,chamoisniort,83,True
ligue2,2015,clermontfoot63,clermontfoot,92,True
ligue2,2015,dijonfco,dijon,77,True
ligue2,2015,fcevianthonongaillard,evian,38,False
ligue2,2015,fcmetz,fcmetz,100,True
ligue2,2015,fcsochauxmontbeliard,fcsochaux,62,False
ligue2,2015,footballbourgenbresseperonnas01,bourgenbresse,59,False
ligue2,2015,lehavreac,lehavre,88,True
ligue2,2015,nimesolympique,nimesolympique,100,True
ligue2,2015,parisfc,parisfc,100,True
ligue2,2015,rclens,lens,80,True
ligue2,2015,redstarfc,redstarfc,100,True
ligue2,2015,stadebrestois29,brest,50,False
ligue2,2015,stadelavallois,stadelavallois,100,True
ligue2,2015,toursfc,toursfc,100,True
ligue2,2015,uscreteillusitanos,uscreteill,71,True
ligue2,2015,valenciennesfc,valenciennes,92,True
ligue2,2016,acajaccio,acajaccio,100,True
ligue2,2016,ajauxerre,auxerre,88,True
ligue2,2016,amienssc,amienssc,100,True
ligue2,2016,chamoisniortaisfc,chamoisniort,83,True
ligue2,2016,clermontfoot63,clermontfoot,92,True
ligue2,2016,estactroyes,troyes,71,True
ligue2,2016,fcsochauxmontbeliard,fcsochaux,62,False
ligue2,2016,footballbourgenbresseperonnas01,bourgenbresse,59,False
ligue2,2016,gfcoajaccio,gajaccio,84,True
ligue2,2016,lehavreac,lehavre,88,True
ligue2,2016,nimesolympique,nimesolympique,100,True
ligue2,2016,rclens,lens,80,True
ligue2,2016,rcstrasbourgalsace,strasbourg,71,True
ligue2,2016,redstarfc,redstarfc,100,True
ligue2,2016,stadebrestois29,brest,50,False
ligue2,2016,stadelavallois,stadelavallois,100,True
ligue2,2016,stadereims,reims,67,False
ligue2,2016,toursfc,toursfc,100,True
ligue2,2016,usorleans,usorleans,100,True
ligue2,2016,valenciennesfc,valenciennes,92,True
ligue2,2017,acajaccio,acajaccio,100,True
ligue2,2017,ajauxerre,auxerre,88,True
ligue2,2017,asnancylorraine,asnancy,64,False
ligue2,2017,chamoisniortaisfc,chamoisniort,83,True
ligue2,2017,clermontfoot63,clermontfoot,92,True
ligue2,2017,fclorient,fclorient,100,True
ligue2,2017,fcsochauxmontbeliard,fcsochaux,62,False
ligue2,2017,footballbourgenbresseperonnas01,bourgenbresse,59,False
ligue2,2017,gfcoajaccio,gajaccio,84,True
ligue2,2017,lbchateauroux,lbchateauroux,100,True
ligue2,2017,lehavreac,lehavre,88,True
ligue2,2017,nimesolympique,nimesolympique,100,True
ligue2,2017,parisfc,parisfc,100,True
ligue2,2017,quevillyrouenmetropole,quevillyrouen,74,True
ligue2,2017,rclens,lens,80,True
ligue2,2017,stadebrestois29,brest,50,False
ligue2,2017,stadereims,reims,67,False
ligue2,2017,toursfc,toursfc,100,True
ligue2,2017,usorleans,usorleans,100,True
ligue2,2017,valenciennesfc,valenciennes,92,True
ligue2,2018,acajaccio,acajaccio,100,True
ligue2,2018,ajauxerre,auxerre,88,True
ligue2,2018,asbeziers,asbeziers,100,True
ligue2,2018,asnancylorraine,asnancy,64,False
ligue2,2018,chamoisniortaisfc,chamoisniort,83,True
ligue2,2018,clermontfoot63,clermontfoot,92,True
ligue2,2018,estactroyes,troyes,71,True
ligue2,2018,fclorient,fclorient,100,True
ligue2,2018,fcmetz,fcmetz,100,True
ligue2,2018,fcsochauxmontbeliard,fcsochaux,62,False
ligue2,2018,gfcoajaccio,gajaccio,84,True
ligue2,2018,grenoblefoot38,grenoble,73,True
ligue2,2018,lbchateauroux,lbchateauroux,100,True
ligue2,2018,lehavreac,lehavre,88,True
ligue2,2018,parisfc,parisfc,100,True
ligue2,2018,rclens,lens,80,True
ligue2,2018,redstarfc,redstarfc,100,True
ligue2,2018,stadebrestois29,brest,50,False
ligue2,2018,usorleans,usorleans,100,True
ligue2,2018,valenciennesfc,valenciennes,92,True
ligue2,2019,acajaccio,acajaccio,100,True
ligue2,2019,ajauxerre,auxerre,88,True
ligue2,2019,asnancylorraine,asnancy,64,False
ligue2,2019,chamoisniortaisfc,chamoisniort,83,True
ligue2,2019,clermontfoot63,clermontfoot,92,True
ligue2,2019,eaguingamp,guingamp,89,True
ligue2,2019,estactroyes,troyes,71,True
ligue2,2019,fcchamblyoise,fcchamblyoise,100,True
ligue2,2019,fclorient,fclorient,100,True
ligue2,2019,fcsochauxmontbeliard,fcsochaux,62,False
ligue2,2019,grenoblefoot38,grenoble,73,True
ligue2,2019,lbchateauroux,lbchateauroux,100,True
ligue2,2019,lehavreac,lehavre,88,True
ligue2,2019,lemansfc,lemansfc,100,True
ligue2,2019,parisfc,parisfc,100,True
ligue2,2019,rclens,lens,80,True
ligue2,2019,rodezaf,rodezaf,100,True
ligue2,2019,smcaen,smcaen,100,True
ligue2,2019,usorleans,usorleans,100,True
ligue2,2019,valenciennesfc,valenciennes,92,True
ligue2,2020,acajaccio,acajaccio,100,True
ligue2,2020,ajauxerre,auxerre,88,True
ligue2,2020,amienssc,amienssc,100,True
ligue2,2020,asnancylorraine,asnancy,64,False
ligue2,2020,chamoisniortaisfc,chamoisniort,83,True
ligue2,2020,clermontfoot63,clermontfoot,92,True
ligue2,2020,eaguingamp,guingamp,89,True
ligue2,2020,estactroyes,troyes,71,True
ligue2,2020,fcchamblyoise,fcchamblyoise,100,True
ligue2,2020,fcsochauxmontbeliard,fcsochaux,62,False
ligue2,2020,fctoulouse,toulouse,89,True
ligue2,2020,grenoblefoot38,grenoble,73,True
ligue2,2020,lbchateauroux,lbchateauroux,100,True
ligue2,2020,lehavreac,lehavre,88,True
ligue2,2020,parisfc,parisfc,100,True
ligue2,2020,paufc,paufc,100,True
ligue2,2020,rodezaf,rodezaf,100,True
ligue2,2020,smcaen,smcaen,100,True
ligue2,2020,usldunkerque,usldunkerque,100,True
ligue2,2020,valenciennesfc,valenciennes,92,True
ligue2,2021,acajaccio,acajaccio,100,True
ligue2,2021,ajauxerre,auxerre,88,True
ligue2,2021,amienssc,amienssc,100,True
ligue2,2021,asnancylorraine,asnancy,64,False
ligue2,2021,chamoisniortaisfc,chamoisniort,83,True
ligue2,2021,dijonfco,dijon,77,True
ligue2,2021,eaguingamp,guingamp,89,True
ligue2,2021,fcsochauxmontbeliard,fcsochaux,62,False
ligue2,2021,fctoulouse,toulouse,89,True
ligue2,2021,grenoblefoot38,grenoble,73,True
ligue2,2021,lehavreac,lehavre,88,True
ligue2,2021,nimesolympique,nimesolympique,100,True
ligue2,2021,parisfc,parisfc,100,True
ligue2,2021,paufc,paufc,100,True
ligue2,2021,quevillyrouenmetropole,quevillyrouen,74,True
ligue2,2021,rodezaf,rodezaf,100,True
ligue2,2021,scbastia,scbastia,100,True
ligue2,2021,smcaen,smcaen,100,True
ligue2,2021,usldunkerque,usldunkerque,100,True
ligue2,2021,valenciennesfc,valenciennes,92,True
ligue2,2022,amienssc,amienssc,100,True
ligue2,2022,assaintetienne,saintetienne,92,True
ligue2,2022,chamoisniortaisfc,chamoisniort,83,True
ligue2,2022,dijonfco,dijon,77,True
ligue2,2022,eaguingamp,guingamp,89,True
ligue2,2022,fcannecy,fcannecy,100,True
ligue2,2022,fcgbordeaux,bordeaux,84,True
ligue2,2022,fcmetz,fcmetz,100,True
ligue2,2022,fcsochauxmontbeliard,fcsochaux,62,False
ligue2,2022,grenoblefoot38,grenoble,73,True
ligue2,2022,lehavreac,lehavre,88,True
ligue2,2022,nimesolympique,nimesolympique,100,True
ligue2,2022,parisfc,parisfc,100,True
ligue2,2022,paufc,paufc,100,True
ligue2,2022,quevillyrouenmetropole,quevillyrouen,74,True
ligue2,2022,rodezaf,rodezaf,100,True
ligue2,2022,scbastia,scbastia,100,True
ligue2,2022,smcaen,smcaen,100,True
ligue2,2022,stadelavallois,stadelavallois,100,True
ligue2,2022,valenciennesfc,valenciennes,92,True
ligue2,2023,acajaccio,acajaccio,100,True
ligue2,2023,ajauxerre,auxerre,88,True
ligue2,2023,amienssc,amienssc,100,True
ligue2,2023,angerssco,angers,80,True
ligue2,2023,assaintetienne,saintetienne,92,True
ligue2,2023,eaguingamp,guingamp,89,True
ligue2,2023,estactroyes,troyes,71,True
ligue2,2023,fcannecy,fcannecy,100,True
ligue2,2023,fcgbordeaux,bordeaux,84,True
ligue2,2023,grenoblefoot38,grenoble,73,True
ligue2,2023,parisfc,parisfc,100,True
ligue2,2023,paufc,paufc,100,True
ligue2,2023,quevillyrouenmetropole,qrm,24,False
ligue2,2023,rodezaf,rodezaf,100,True
ligue2,2023,scbastia,scbastia,100,True
ligue2,2023,smcaen,smcaen,100,True
ligue2,2023,stadelavallois,stadelavallois,100,True
ligue2,2023,usconcarneau,concarneau,91,True
ligue2,2023,usldunkerque,usldunkerque,100,True
ligue2,2023,valenciennesfc,valenciennes,92,True
ligue2,2024,acajaccio,acajaccio,100,True
ligue2,2024,amienssc,amienssc,100,True
ligue2,2024,clermontfoot63,clermontfoot,92,True
ligue2,2024,eaguingamp,guingamp,89,True
ligue2,2024,estactroyes,troyes,71,True
ligue2,2024,fcannecy,fcannecy,100,True
ligue2,2024,fclorient,fclorient,100,True
ligue2,2024,fcmartigues,fcmartigues,100,True
ligue2,2024,fcmetz,fcmetz,100,True
ligue2,2024,grenoblefoot38,grenoble,73,True
ligue2,2024,parisfc,parisfc,100,True
ligue2,2024,paufc,paufc,100,True
ligue2,2024,redstarfc,redstarfc,100,True
ligue2,2024,rodezaf,rodezaf,100,True
ligue2,2024,scbastia,scbastia,100,True
ligue2,2024,smcaen,smcaen,100,True
ligue2,2024,stadelavallois,stadelavallois,100,True
ligue2,2024,usldunkerque,usldunkerque,100,True
premierleague,1992,astonvillafc,astonvilla,91,True
premierleague,1992,blackburnrovers,blackburn,75,True
premierleague,1992,chelseafc,chelsea,88,True
premierleague,1992,coventrycity,coventrycity,100,True
premierleague,1992,crystalpalacefc,crystalpalace,93,True
premierleague,1992,fcarsenal,arsenal,88,True
premierleague,1992,fceverton,everton,88,True
premierleague,1992,fcliverpool,liverpool,90,True
premierleague,1992,fcmiddlesbrough,middlesbrough,93,True
premierleague,1992,fcsouthampton,southampton,92,True
premierleague,1992,ipswichtownfc,ipswich,70,True
premierleague,1992,leedsunitedfc,leeds,56,False
premierleague,1992,manchestercityfc,mancity,61,False
premierleague,1992,manchesterunitedfc,manutd,50,False
premierleague,1992,norwichcity,norwich,78,True
premierleague,1992,nottinghamforest,nottmforest,81,True
premierleague,1992,oldhamathletic,oldhamathletic,100,True
premierleague,1992,queensparkrangers,qpr,30,False
premierleague,1992,sheffieldunited,sheffutd,70,True
premierleague,1992,sheffieldwednesday,sheffwed,62,False
premierleague,1992,tottenhamhotspur,tottenham,72,True
premierleague,1992,wimbledonfc2004,wimbledonfc,85,True
premierleague,1993,astonvillafc,astonvilla,91,True
premierleague,1993,blackburnrovers,blackburn,75,True
premierleague,1993,chelseafc,chelsea,88,True
premierleague,1993,coventrycity,coventrycity,100,True
premierleague,1993,fcarsenal,arsenal,88,True
premierleague,1993,fceverton,everton,88,True
premierleague,1993,fcliverpool,liverpool,90,True
premierleague,1993,fcsouthampton,southampton,92,True
premierleague,1993,ipswichtownfc,ipswich,70,True
premierleague,1993,leedsunitedfc,leeds,56,False
premierleague,1993,manchestercityfc,mancity,61,False
premierleague,1993,manchesterunitedfc,manutd,50,False
premierleague,1993,newcastleunited,newcastle,75,True
premierleague,1993,norwichcity,norwich,78,True
premierleague,1993,oldhamathletic,oldhamathletic,100,True
premierleague,1993,queensparkrangers,qpr,30,False
premierleague,1993,sheffieldunited,sheffutd,70,True
premierleague,1993,sheffieldwednesday,sheffwed,62,False
premierleague,1993,swindontownfc,swindontown,92,True
premierleague,1993,tottenhamhotspur,tottenham,72,True
premierleague,1993,westhamunited,westham,70,True
premierleague,1993,wimbledonfc2004,wimbledonfc,85,True
premierleague,1994,astonvillafc,astonvilla,91,True
premierleague,1994,blackburnrovers,blackburn,75,True
premierleague,1994,chelseafc,chelsea,88,True
premierleague,1994,coventrycity,coventrycity,100,True
premierleague,1994,crystalpalacefc,crystalpalace,93,True
premierleague,1994,fcarsenal,arsenal,88,True
premierleague,1994,fceverton,everton,88,True
premierleague,1994,fcliverpool,liverpool,90,True
premierleague,1994,fcsouthampton,southampton,92,True
premierleague,1994,ipswichtownfc,ipswich,70,True
premierleague,1994,leedsunitedfc,leeds,56,False
premierleague,1994,leicestercityfc,leicester,75,True
premierleague,1994,manchestercityfc,mancity,61,False
premierleague,1994,manchesterunitedfc,manutd,50,False
premierleague,1994,newcastleunited,newcastle,75,True
premierleague,1994,norwichcity,norwich,78,True
premierleague,1994,nottinghamforest,nottmforest,81,True
premierleague,1994,queensparkrangers,qpr,30,False
premierleague,1994,sheffieldwednesday,sheffwed,62,False
premierleague,1994,tottenhamhotspur,tottenham,72,True
premierleague,1994,westhamunited,westham,70,True
premierleague,1994,wimbledonfc2004,wimbledonfc,85,True
premierleague,1995,astonvillafc,astonvilla,91,True
premierleague,1995,blackburnrovers,blackburn,75,True
premierleague,1995,boltonwanderers,bolton,57,False
premierleague,1995,chelseafc,chelsea,88,True
premierleague,1995,coventrycity,coventrycity,100,True
premierleague,1995,fcarsenal,arsenal,88,True
premierleague,1995,fceverton,everton,88,True
premierleague,1995,fcliverpool,liverpool,90,True
premierleague,1995,fcmiddlesbrough,middlesbrough,93,True
premierleague,1995,fcsouthampton,southampton,92,True
premierleague,1995,leedsunitedfc,leeds,56,False
premierleague,1995,manchestercityfc,mancity,61,False
premierleague,1995,manchesterunitedfc,manutd,50,False
premierleague,1995,newcastleunited,newcastle,75,True
premierleague,1995,nottinghamforest,nottmforest,81,True
premierleague,1995,queensparkrangers,qpr,30,False
premierleague,1995,sheffieldwednesday,sheffwed,62,False
premierleague,1995,tottenhamhotspur,tottenham,72,True
premierleague,1995,westhamunited,westham,70,True
premierleague,1995,wimbledonfc2004,wimbledonfc,85,True
premierleague,1996,afcsunderland,afcsunderland,100,True
premierleague,1996,astonvillafc,astonvilla,91,True
premierleague,1996,blackburnrovers,blackburn,75,True
premierleague,1996,chelseafc,chelsea,88,True
premierleague,1996,coventrycity,coventrycity,100,True
premierleague,1996,derbycounty,derby,62,False
premierleague,1996,fcarsenal,arsenal,88,True
premierleague,1996,fceverton,everton,88,True
premierleague,1996,fcliverpool,liverpool,90,True
premierleague,1996,fcmiddlesbrough,middlesbrough,93,True
premierleague,1996,fcsouthampton,southampton,92,True
premierleague,1996,leedsunitedfc,leeds,56,False
premierleague,1996,leicestercityfc,leicester,75,True
premierleague,1996,manchesterunitedfc,manutd,50,False
premierleague,1996,newcastleunited,newcastle,75,True
premierleague,1996,nottinghamforest,nottmforest,81,True
premierleague,1996,sheffieldwednesday,sheffwed,62,False
premierleague,1996,tottenhamhotspur,tottenham,72,True
premierleague,1996,westhamunited,westham,70,True
premierleague,1996,wimbledonfc2004,wimbledonfc,85,True
premierleague,1997,astonvillafc,astonvilla,91,True
premierleague,1997,barnsleyfc,barnsleyfc,100,True
premierleague,1997,blackburnrovers,blackburn,75,True
premierleague,1997,boltonwanderers,bolton,57,False
premierleague,1997,chelseafc,chelsea,88,True
premierleague,1997,coventrycity,coventrycity,100,True
premierleague,1997,crystalpalacefc,crystalpalace,93,True
premierleague,1997,derbycounty,derby,62,False
premierleague,1997,fcarsenal,arsenal,88,True
premierleague,1997,fceverton,everton,88,True
premierleague,1997,fcliverpool,liverpool,90,True
premierleague,1997,fcsouthampton,southampton,92,True
premierleague,1997,leedsunitedfc,leeds,56,False
premierleague,1997,leicestercityfc,leicester,75,True
premierleague,1997,manchesterunitedfc,manutd,50,False
premierleague,1997,newcastleunited,newcastle,75,True
premierleague,1997,sheffieldwednesday,sheffwed,62,False
premierleague,1997,tottenhamhotspur,tottenham,72,True
premierleague,1997,westhamunited,westham,70,True
premierleague,1997,wimbledonfc2004,wimbledonfc,85,True
premierleague,1998,astonvillafc,astonvilla,91,True
premierleague,1998,blackburnrovers,blackburn,75,True
premierleague,1998,charltonathletic,charlton,67,False
premierleague,1998,chelseafc,chelsea,88,True
premierleague,1998,coventrycity,coventrycity,100,True
premierleague,1998,derbycounty,derby,62,False
premierleague,1998,fcarsenal,arsenal,88,True
premierleague,1998,fceverton,everton,88,True
premierleague,1998,fcliverpool,liverpool,90,True
premierleague,1998,fcmiddlesbrough,middlesbrough,93,True
premierleague,1998,fcsouthampton,southampton,92,True
premierleague,1998,leedsunitedfc,leeds,56,False
premierleague,1998,leicestercityfc,leicester,75,True
premierleague,1998,manchesterunitedfc,manutd,50,False
premierleague,1998,newcastleunited,newcastle,75,True
premierleague,1998,nottinghamforest,nottmforest,81,True
premierleague,1998,sheffieldwednesday,sheffwed,62,False
premierleague,1998,tottenhamhotspur,tottenham,72,True
premierleague,1998,westhamunited,westham,70,True
premierleague,1998,wimbledonfc2004,wimbledonfc,85,True
premierleague,1999,afcsunderland,afcsunderland,100,True
premierleague,1999,astonvillafc,astonvilla,91,True
premierleague,1999,bradfordcityafc,bradford,70,True
premierleague,1999,chelseafc,chelsea,88,True
premierleague,1999,coventrycity,coventrycity,100,True
premierleague,1999,derbycounty,derby,62,False
premierleague,1999,fcarsenal,arsenal,88,True
premierleague,1999,fceverton,everton,88,True
premierleague,1999,fcliverpool,liverpool,90,True
premierleague,1999,fcmiddlesbrough,middlesbrough,93,True
premierleague,1999,fcsouthampton,southampton,92,True
premierleague,1999,fcwatford,watford,88,True
premierleague,1999,leedsunitedfc,leeds,56,False
premierleague,1999,leicestercityfc,leicester,75,True
premierleague,1999,manchesterunitedfc,manutd,50,False
premierleague,1999,newcastleunited,newcastle,75,True
premierleague,1999,sheffieldwednesday,sheffwed,62,False
premierleague,1999,tottenhamhotspur,tottenham,72,True
premierleague,1999,westhamunited,westham,70,True
premierleague,1999,wimbledonfc2004,wimbledonfc,85,True
premierleague,2000,afcsunderland,afcsunderland,100,True
premierleague,2000,astonvillafc,astonvilla,91,True
premierleague,2000,bradfordcityafc,bradford,70,True
premierleague,2000,charltonathletic,charlton,67,False
premierleague,2000,chelseafc,chelsea,88,True
premierleague,2000,coventrycity,coventrycity,100,True
premierleague,2000,derbycounty,derby,62,False
premierleague,2000,fcarsenal,arsenal,88,True
premierleague,2000,fceverton,everton,88,True
premierleague,2000,fcliverpool,liverpool,90,True
premierleague,2000,fcmiddlesbrough,middlesbrough,93,True
premierleague,2000,fcsouthampton,southampton,92,True
premierleague,2000,ipswichtownfc,ipswich,70,True
premierleague,2000,leedsunitedfc,leeds,56,False
premierleague,2000,leicestercityfc,leicester,75,True
premierleague,2000,manchestercityfc,mancity,61,False
premierleague,2000,manchesterunitedfc,manutd,50,False
premierleague,2000,newcastleunited,newcastle,75,True
premierleague,2000,tottenhamhotspur,tottenham,72,True
premierleague,2000,westhamunited,westham,70,True
premierleague,2001,afcsunderland,afcsunderland,100,True
premierleague,2001,astonvillafc,astonvilla,91,True
premierleague,2001,blackburnrovers,blackburn,75,True
premierleague,2001,boltonwanderers,bolton,57,False
premierleague,2001,charltonathletic,charlton,67,False
premierleague,2001,chelseafc,chelsea,88,True
premierleague,2001,derbycounty,derby,62,False
premierleague,2001,fcarsenal,arsenal,88,True
premierleague,2001,fceverton,everton,88,True
premierleague,2001,fcfulham,fulham,86,True
premierleague,2001,fcliverpool,liverpool,90,True
premierleague,2001,fcmiddlesbrough,middlesbrough,93,True
premierleague,2001,fcsouthampton,southampton,92,True
premierleague,2001,ipswichtownfc,ipswich,70,True
premierleague,2001,leedsunitedfc,leeds,56,False
premierleague,2001,leicestercityfc,leicester,75,True
premierleague,2001,manchesterunitedfc,manutd,50,False
premierleague,2001,newcastleunited,newcastle,75,True
premierleague,2001,tottenhamhotspur,tottenham,72,True
premierleague,2001,westhamunited,westham,70,True
premierleague,2002,afcsunderland,afcsunderland,100,True
premierleague,2002,astonvillafc,astonvilla,91,True
premierleague,2002,birminghamcity,birmingham,83,True
premierleague,2002,blackburnrovers,blackburn,75,True
premierleague,2002,boltonwanderers,bolton,57,False
premierleague,2002,charltonathletic,charlton,67,False
premierleague,2002,chelseafc,chelsea,88,True
premierleague,2002,fcarsenal,arsenal,88,True
premierleague,2002,fceverton,everton,88,True
premierleague,2002,fcfulham,fulham,86,True
premierleague,2002,fcliverpool,liverpool,90,True
premierleague,2002,fcmiddlesbrough,middlesbrough,93,True
premierleague,2002,fcsouthampton,southampton,92,True
premierleague,2002,leedsunitedfc,leeds,56,False
premierleague,2002,manchestercityfc,mancity,61,False
premierleague,2002,manchesterunitedfc,manutd,50,False
premierleague,2002,newcastleunited,newcastle,75,True
premierleague,2002,tottenhamhotspur,tottenham,72,True
premierleague,2002,westbromwichalbion,westbrom,62,False
premierleague,2002,westhamunited,westham,70,True
premierleague,2003,astonvillafc,astonvilla,91,True
premierleague,2003,birminghamcity,birmingham,83,True
premierleague,2003,blackburnrovers,blackburn,75,True
premierleague,2003,boltonwanderers,bolton,57,False
premierleague,2003,charltonathletic,charlton,67,False
premierleague,2003,chelseafc,chelsea,88,True
premierleague,2003,fcarsenal,arsenal,88,True
premierleague,2003,fceverton,everton,88,True
premierleague,2003,fcfulham,fulham,86,True
premierleague,2003,fcliverpool,liverpool,90,True
premierleague,2003,fcmiddlesbrough,middlesbrough,93,True
premierleague,2003,fcportsmouth,fcportsmouth,100,True
premierleague,2003,fcsouthampton,southampton,92,True
premierleague,2003,leedsunitedfc,leeds,56,False
premierleague,2003,leicestercityfc,leicester,75,True
premierleague,2003,manchestercityfc,mancity,61,False
premierleague,2003,manchesterunitedfc,manutd,50,False
premierleague,2003,newcastleunited,newcastle,75,True
premierleague,2003,tottenhamhotspur,tottenham,72,True
premierleague,2003,wolverhamptonwanderers,wolves,43,False
premierleague,2004,astonvillafc,astonvilla,91,True
premierleague,2004,birminghamcity,birmingham,83,True
premierleague,2004,blackburnrovers,blackburn,75,True
premierleague,2004,boltonwanderers,bolton,57,False
premierleague,2004,charltonathletic,charlton,67,False
premierleague,2004,chelseafc,chelsea,88,True
premierleague,2004,crystalpalacefc,crystalpalace,93,True
premierleague,2004,fcarsenal,arsenal,88,True
premierleague,2004,fceverton,everton,88,True
premierleague,2004,fcfulham,fulham,86,True
premierleague,2004,fcliverpool,liverpool,90,True
premierleague,2004,fcmiddlesbrough,middlesbrough,93,True
premierleague,2004,fcportsmouth,fcportsmouth,100,True
premierleague,2004,fcsouthampton,southampton,92,True
premierleague,2004,manchestercityfc,mancity,61,False
premierleague,2004,manchesterunitedfc,manutd,50,False
premierleague,2004,newcastleunited,newcastle,75,True
premierleague,2004,norwichcity,norwich,78,True
premierleague,2004,tottenhamhotspur,tottenham,72,True
premierleague,2004,westbromwichalbion,westbrom,62,False
premierleague,2005,afcsunderland,afcsunderland,100,True
premierleague,2005,astonvillafc,astonvilla,91,True
premierleague,2005,birminghamcity,birmingham,83,True
premierleague,2005,blackburnrovers,blackburn,75,True
premierleague,2005,boltonwanderers,bolton,57,False
premierleague,2005,charltonathletic,charlton,67,False
premierleague,2005,chelseafc,chelsea,88,True
premierleague,2005,fcarsenal,arsenal,88,True
premierleague,2005,fceverton,everton,88,True
premierleague,2005,fcfulham,fulham,86,True
premierleague,2005,fcliverpool,liverpool,90,True
premierleague,2005,fcmiddlesbrough,middlesbrough,93,True
premierleague,2005,fcportsmouth,fcportsmouth,100,True
premierleague,2005,manchestercityfc,mancity,61,False
premierleague,2005,manchesterunitedfc,manutd,50,False
premierleague,2005,newcastleunited,newcastle,75,True
premierleague,2005,tottenhamhotspur,tottenham,72,True
premierleague,2005,westbromwichalbion,westbrom,62,False
premierleague,2005,westhamunited,westham,70,True
premierleague,2005,wiganathletic,wigan,56,False
premierleague,2006,astonvillafc,astonvilla,91,True
premierleague,2006,blackburnrovers,blackburn,75,True
premierleague,2006,boltonwanderers,bolton,57,False
premierleague,2006,charltonathletic,charlton,67,False
premierleague,2006,chelseafc,chelsea,88,True
premierleague,2006,fcarsenal,arsenal,88,True
premierleague,2006,fceverton,everton,88,True
premierleague,2006,fcfulham,fulham,86,True
premierleague,2006,fcliverpool,liverpool,90,True
premierleague,2006,fcmiddlesbrough,middlesbrough,93,True
premierleague,2006,fcportsmouth,fcportsmouth,100,True
premierleague,2006,fcreading,reading,88,True
premierleague,2006,fcwatford,watford,88,True
premierleague,2006,manchestercityfc,mancity,61,False
premierleague,2006,manchesterunitedfc,manutd,50,False
premierleague,2006,newcastleunited,newcastle,75,True
premierleague,2006,sheffieldunited,sheffutd,70,True
premierleague,2006,tottenhamhotspur,tottenham,72,True
premierleague,2006,westhamunited,westham,70,True
premierleague,2006,wiganathletic,wigan,56,False
premierleague,2007,afcsunderland,afcsunderland,100,True
premierleague,2007,astonvillafc,astonvilla,91,True
premierleague,2007,birminghamcity,birmingham,83,True
premierleague,2007,blackburnrovers,blackburn,75,True
premierleague,2007,boltonwanderers,bolton,57,False
premierleague,2007,chelseafc,chelsea,88,True
premierleague,2007,derbycounty,derby,62,False
premierleague,2007,fcarsenal,arsenal,88,True
premierleague,2007,fceverton,everton,88,True
premierleague,2007,fcfulham,fulham,86,True
premierleague,2007,fcliverpool,liverpool,90,True
premierleague,2007,fcmiddlesbrough,middlesbrough,93,True
premierleague,2007,fcportsmouth,fcportsmouth,100,True
premierleague,2007,fcreading,reading,88,True
premierleague,2007,manchestercityfc,mancity,61,False
premierleague,2007,manchesterunitedfc,manutd,50,False
premierleague,2007,newcastleunited,newcastle,75,True
premierleague,2007,tottenhamhotspur,tottenham,72,True
premierleague,2007,westhamunited,westham,70,True
premierleague,2007,wiganathletic,wigan,56,False
premierleague,2008,afcsunderland,afcsunderland,100,True
premierleague,2008,astonvillafc,astonvilla,91,True
premierleague,2008,blackburnrovers,blackburn,75,True
premierleague,2008,boltonwanderers,bolton,57,False
premierleague,2008,chelseafc,chelsea,88,True
premierleague,2008,fcarsenal,arsenal,88,True
premierleague,2008,fceverton,everton,88,True
premierleague,2008,fcfulham,fulham,86,True
premierleague,2008,fcliverpool,liverpool,90,True
premierleague,2008,fcmiddlesbrough,middlesbrough,93,True
premierleague,2008,fcportsmouth,fcportsmouth,100,True
premierleague,2008,hullcity,hullcity,100,True
premierleague,2008,manchestercityfc,mancity,61,False
premierleague,2008,manchesterunitedfc,manutd,50,False
premierleague,2008,newcastleunited,newcastle,75,True
premierleague,2008,stokecity,stoke,71,True
premierleague,2008,tottenhamhotspur,tottenham,72,True
premierleague,2008,westbromwichalbion,westbrom,62,False
premierleague,2008,westhamunited,westham,70,True
premierleague,2008,wiganathletic,wigan,56,False
premierleague,2009,afcsunderland,afcsunderland,100,True
premierleague,2009,astonvillafc,astonvilla,91,True
premierleague,2009,birminghamcity,birmingham,83,True
premierleague,2009,blackburnrovers,blackburn,75,True
premierleague,2009,boltonwanderers,bolton,57,False
premierleague,2009,chelseafc,chelsea,88,True
premierleague,2009,fcarsenal,arsenal,88,True
premierleague,2009,fcburnley,fcburnley,100,True
premierleague,2009,fceverton,everton,88,True
premierleague,2009,fcfulham,fulham,86,True
premierleague,2009,fcliverpool,liverpool,90,True
premierleague,2009,fcportsmouth,fcportsmouth,100,True
premierleague,2009,hullcity,hullcity,100,True
premierleague,2009,manchestercityfc,mancity,61,False
premierleague,2009,manchesterunitedfc,manutd,50,False
premierleague,2009,stokecity,stoke,71,True
premierleague,2009,tottenhamhotspur,tottenham,72,True
premierleague,2009,westhamunited,westham,70,True
premierleague,2009,wiganathletic,wigan,56,False
premierleague,2009,wolverhamptonwanderers,wolves,43,False
premierleague,2010,afcsunderland,afcsunderland,100,True
premierleague,2010,astonvillafc,astonvilla,91,True
premierleague,2010,birminghamcity,birmingham,83,True
premierleague,2010,blackburnrovers,blackburn,75,True
premierleague,2010,blackpoolfc,blackpool,90,True
premierleague,2010,boltonwanderers,bolton,57,False
premierleague,2010,chelseafc,chelsea,88,True
premierleague,2010,fcarsenal,arsenal,88,True
premierleague,2010,fceverton,everton,88,True
premierleague,2010,fcfulham,fulham,86,True
premierleague,2010,fcliverpool,liverpool,90,True
premierleague,2010,manchestercityfc,mancity,61,False
premierleague,2010,manchesterunitedfc,manutd,50,False
premierleague,2010,newcastleunited,newcastle,75,True
premierleague,2010,stokecity,stoke,71,True
premierleague,2010,tottenhamhotspur,tottenham,72,True
premierleague,2010,westbromwichalbion,westbrom,62,False
premierleague,2010,westhamunited,westham,70,True
premierleague,2010,wiganathletic,wigan,56,False
premierleague,2010,wolverhamptonwanderers,wolves,43,False
premierleague,2011,afcsunderland,afcsunderland,100,True
premierleague,2011,astonvillafc,astonvilla,91,True
premierleague,2011,blackburnrovers,blackburn,75,True
premierleague,2011,boltonwanderers,bolton,57,False
premierleague,2011,chelseafc,chelsea,88,True
premierleague,2011,fcarsenal,arsenal,88,True
premierleague,2011,fceverton,everton,88,True
premierleague,2011,fcfulham,fulham,86,True
premierleague,2011,fcliverpool,liverpool,90,True
premierleague,2011,manchestercityfc,mancity,61,False
premierleague,2011,manchesterunitedfc,manutd,50,False
premierleague,2011,newcastleunited,newcastle,75,True
premierleague,2011,norwichcity,norwich,78,True
premierleague,2011,queensparkrangers,qpr,30,False
premierleague,2011,stokecity,stoke,71,True
premierleague,2011,swanseacityafc,swansea,67,False
premierleague,2011,tottenhamhotspur,tottenham,72,True
premierleague,2011,westbromwichalbion,westbrom,62,False
premierleague,2011,wiganathletic,wigan,56,False
premierleague,2011,wolverhamptonwanderers,wolves,43,False
premierleague,2012,afcsunderland,afcsunderland,100,True
premierleague,2012,astonvillafc,astonvilla,91,True
premierleague,2012,chelseafc,chelsea,88,True
premierleague,2012,fcarsenal,arsenal,88,True
premierleague,2012,fceverton,everton,88,True
premierleague,2012,fcfulham,fulham,86,True
premierleague,2012,fcliverpool,liverpool,90,True
premierleague,2012,fcreading,reading,88,True
premierleague,2012,fcsouthampton,southampton,92,True
premierleague,2012,manchestercityfc,mancity,61,False
premierleague,2012,manchesterunitedfc,manutd,50,False
premierleague,2012,newcastleunited,newcastle,75,True
premierleague,2012,norwichcity,norwich,78,True
premierleague,2012,queensparkrangers,qpr,30,False
premierleague,2012,stokecity,stoke,71,True
premierleague,2012,swanseacityafc,swansea,67,False
premierleague,2012,tottenhamhotspur,tottenham,72,True
premierleague,2012,westbromwichalbion,westbrom,62,False
premierleague,2012,westhamunited,westham,70,True
premierleague,2012,wiganathletic,wigan,56,False
premierleague,2013,afcsunderland,afcsunderland,100,True
premierleague,2013,astonvillafc,astonvilla,91,True
premierleague,2013,cardiffcity,cardiff,78,True
premierleague,2013,chelseafc,chelsea,88,True
premierleague,2013,crystalpalacefc,crystalpalace,93,True
premierleague,2013,fcarsenal,arsenal,88,True
premierleague,2013,fceverton,everton,88,True
premierleague,2013,fcfulham,fulham,86,True
premierleague,2013,fcliverpool,liverpool,90,True
premierleague,2013,fcsouthampton,southampton,92,True
premierleague,2013,hullcity,hullcity,100,True
premierleague,2013,manchestercityfc,mancity,61,False
premierleague,2013,manchesterunitedfc,manutd,50,False
premierleague,2013,newcastleunited,newcastle,75,True
premierleague,2013,norwichcity,norwich,78,True
premierleague,2013,stokecity,stoke,71,True
premierleague,2013,swanseacityafc,swansea,67,False
premierleague,2013,tottenhamhotspur,tottenham,72,True
premierleague,2013,westbromwichalbion,westbrom,62,False
premierleague,2013,westhamunited,westham,70,True
premierleague,2014,afcsunderland,afcsunderland,100,True
premierleague,2014,astonvillafc,astonvilla,91,True
premierleague,2014,chelseafc,chelsea,88,True
premierleague,2014,crystalpalacefc,crystalpalace,93,True
premierleague,2014,fcarsenal,arsenal,88,True
premierleague,2014,fcburnley,fcburnley,100,True
premierleague,2014,fceverton,everton,88,True
premierleague,2014,fcliverpool,liverpool,90,True
premierleague,2014,fcsouthampton,southampton,92,True
premierleague,2014,hullcity,hullcity,100,True
premierleague,2014,leicestercityfc,leicester,75,True
premierleague,2014,manchestercityfc,mancity,61,False
premierleague,2014,manchesterunitedfc,manutd,50,False
premierleague,2014,newcastleunited,newcastle,75,True
premierleague,2014,queensparkrangers,qpr,30,False
premierleague,2014,stokecity,stoke,71,True
premierleague,2014,swanseacityafc,swansea,67,False
premierleague,2014,tottenhamhotspur,tottenham,72,True
premierleague,2014,westbromwichalbion,westbrom,62,False
premierleague,2014,westhamunited,westham,70,True
premierleague,2015,afcbournemouth,bournemouth,88,True
premierleague,2015,afcsunderland,afcsunderland,100,True
premierleague,2015,astonvillafc,astonvilla,91,True
premierleague,2015,chelseafc,chelsea,88,True
premierleague,2015,crystalpalacefc,crystalpalace,93,True
premierleague,2015,fcarsenal,arsenal,88,True
premierleague,2015,fceverton,everton,88,True
premierleague,2015,fcliverpool,liverpool,90,True
premierleague,2015,fcsouthampton,southampton,92,True
premierleague,2015,fcwatford,watford,88,True
premierleague,2015,leicestercityfc,leicester,75,True
premierleague,2015,manchestercityfc,mancity,61,False
premierleague,2015,manchesterunitedfc,manutd,50,False
premierleague,2015,newcastleunited,newcastle,75,True
premierleague,2015,norwichcity,norwich,78,True
premierleague,2015,stokecity,stoke,71,True
premierleague,2015,swanseacityafc,swansea,67,False
premierleague,2015,tottenhamhotspur,tottenham,72,True
premierleague,2015,westbromwichalbion,westbrom,62,False
premierleague,2015,westhamunited,westham,70,True
premierleague,2016,afcbournemouth,bournemouth,88,True
premierleague,2016,afcsunderland,afcsunderland,100,True
premierleague,2016,chelseafc,chelsea,88,True
premierleague,2016,crystalpalacefc,crystalpalace,93,True
premierleague,2016,fcarsenal,arsenal,88,True
premierleague,2016,fcburnley,fcburnley,100,True
premierleague,2016,fceverton,everton,88,True
premierleague,2016,fcliverpool,liverpool,90,True
premierleague,2016,fcmiddlesbrough,middlesbrough,93,True
premierleague,2016,fcsouthampton,southampton,92,True
premierleague,2016,fcwatford,watford,88,True
premierleague,2016,hullcity,hullcity,100,True
premierleague,2016,leicestercityfc,leicester,75,True
premierleague,2016,manchestercityfc,mancity,61,False
premierleague,2016,manchesterunitedfc,manutd,50,False
premierleague,2016,stokecity,stoke,71,True
premierleague,2016,swanseacityafc,swansea,67,False
premierleague,2016,tottenhamhotspur,tottenham,72,True
premierleague,2016,westbromwichalbion,westbrom,62,False
premierleague,2016,westhamunited,westham,70,True
premierleague,2017,afcbournemouth,bournemouth,88,True
premierleague,2017,brightonhovealbion,brighton,62,False
premierleague,2017,chelseafc,chelsea,88,True
premierleague,2017,crystalpalacefc,crystalpalace,93,True
premierleague,2017,fcarsenal,arsenal,88,True
premierleague,2017,fcburnley,fcburnley,100,True
premierleague,2017,fceverton,everton,88,True
premierleague,2017,fcliverpool,liverpool,90,True
premierleague,2017,fcsouthampton,southampton,92,True
premierleague,2017,fcwatford,watford,88,True
premierleague,2017,huddersfieldtown,huddersfield,86,True
premierleague,2017,leicestercityfc,leicester,75,True
premierleague,2017,manchestercityfc,mancity,61,False
premierleague,2017,manchesterunitedfc,manutd,50,False
premierleague,2017,newcastleunited,newcastle,75,True
premierleague,2017,stokecity,stoke,71,True
premierleague,2017,swanseacityafc,swansea,67,False
premierleague,2017,tottenhamhotspur,tottenham,72,True
premierleague,2017,westbromwichalbion,westbrom,62,False
premierleague,2017,westhamunited,westham,70,True
premierleague,2018,afcbournemouth,bournemouth,88,True
premierleague,2018,brightonhovealbion,brighton,62,False
premierleague,2018,cardiffcity,cardiff,78,True
premierleague,2018,chelseafc,chelsea,88,True
premierleague,2018,crystalpalacefc,crystalpalace,93,True
premierleague,2018,fcarsenal,arsenal,88,True
premierleague,2018,fcburnley,fcburnley,100,True
premierleague,2018,fceverton,everton,88,True
premierleague,2018,fcfulham,fulham,86,True
premierleague,2018,fcliverpool,liverpool,90,True
premierleague,2018,fcsouthampton,southampton,92,True
premierleague,2018,fcwatford,watford,88,True
premierleague,2018,huddersfieldtown,huddersfield,86,True
premierleague,2018,leicestercityfc,leicester,75,True
premierleague,2018,manchestercityfc,mancity,61,False
premierleague,2018,manchesterunitedfc,manutd,50,False
premierleague,2018,newcastleunited,newcastle,75,True
premierleague,2018,tottenhamhotspur,tottenham,72,True
premierleague,2018,westhamunited,westham,70,True
premierleague,2018,wolverhamptonwanderers,wolves,43,False
premierleague,2019,afcbournemouth,bournemouth,88,True
premierleague,2019,astonvillafc,astonvilla,91,True
premierleague,2019,brightonhovealbion,brighton,62,False
premierleague,2019,chelseafc,chelsea,88,True
premierleague,2019,crystalpalacefc,crystalpalace,93,True
premierleague,2019,fcarsenal,arsenal,88,True
premierleague,2019,fcburnley,fcburnley,100,True
premierleague,2019,fceverton,everton,88,True
premierleague,2019,fcliverpool,liverpool,90,True
premierleague,2019,fcsouthampton,southampton,92,True
premierleague,2019,fcwatford,watford,88,True
premierleague,2019,leicestercityfc,leicester,75,True
premierleague,2019,manchestercityfc,mancity,61,False
premierleague,2019,manchesterunitedfc,manutd,50,False
premierleague,2019,newcastleunited,newcastle,75,True
premierleague,2019,norwichcity,norwich,78,True
premierleague,2019,sheffieldunited,sheffutd,70,True
premierleague,2019,tottenhamhotspur,tottenham,72,True
premierleague,2019,westhamunited,westham,70,True
premierleague,2019,wolverhamptonwanderers,wolves,43,False
premierleague,2020,astonvillafc,astonvilla,91,True
premierleague,2020,brightonhovealbion,brighton,62,False
premierleague,2020,chelseafc,chelsea,88,True
premierleague,2020,crystalpalacefc,crystalpalace,93,True
premierleague,2020,fcarsenal,arsenal,88,True
premierleague,2020,fcburnley,fcburnley,100,True
premierleague,2020,fceverton,everton,88,True
premierleague,2020,fcfulham,fulham,86,True
premierleague,2020,fcliverpool,liverpool,90,True
premierleague,2020,fcsouthampton,southampton,92,True
premierleague,2020,leedsunitedfc,leeds,56,False
premierleague,2020,leicestercityfc,leicester,75,True
premierleague,2020,manchestercityfc,mancity,61,False
premierleague,2020,manchesterunitedfc,manutd,50,False
premierleague,2020,newcastleunited,newcastle,75,True
premierleague,2020,sheffieldunited,sheffutd,70,True
premierleague,2020,tottenhamhotspur,tottenham,72,True
premierleague,2020,westbromwichalbion,westbrom,62,False
premierleague,2020,westhamunited,westham,70,True
premierleague,2020,wolverhamptonwanderers,wolves,43,False
premierleague,2021,astonvillafc,astonvilla,91,True
premierleague,2021,brentfordfc,brentford,90,True
premierleague,2021,brightonhovealbion,brighton,62,False
premierleague,2021,chelseafc,chelsea,88,True
premierleague,2021,crystalpalacefc,crystalpalace,93,True
premierleague,2021,fcarsenal,arsenal,88,True
premierleague,2021,fcburnley,fcburnley,100,True
premierleague,2021,fceverton,everton,88,True
premierleague,2021,fcliverpool,liverpool,90,True
premierleague,2021,fcsouthampton,southampton,92,True
premierleague,2021,fcwatford,watford,88,True
premierleague,2021,leedsunitedfc,leeds,56,False
premierleague,2021,leicestercityfc,leicester,75,True
premierleague,2021,manchestercityfc,mancity,61,False
premierleague,2021,manchesterunitedfc,manutd,50,False
premierleague,2021,newcastleunited,newcastle,75,True
premierleague,2021,norwichcity,norwich,78,True
premierleague,2021,tottenhamhotspur,tottenham,72,True
premierleague,2021,westhamunited,westham,70,True
premierleague,2021,wolverhamptonwanderers,wolves,43,False
premierleague,2022,afcbournemouth,bournemouth,88,True
premierleague,2022,astonvillafc,astonvilla,91,True
premierleague,2022,brentfordfc,brentford,90,True
premierleague,2022,brightonhovealbion,brighton,62,False
premierleague,2022,chelseafc,chelsea,88,True
premierleague,2022,crystalpalacefc,crystalpalace,93,True
premierleague,2022,fcarsenal,arsenal,88,True
premierleague,2022,fceverton,everton,88,True
premierleague,2022,fcfulham,fulham,86,True
premierleague,2022,fcliverpool,liverpool,90,True
premierleague,2022,fcsouthampton,southampton,92,True
premierleague,2022,leedsunitedfc,leeds,56,False
premierleague,2022,leicestercityfc,leicester,75,True
premierleague,2022,manchestercityfc,mancity,61,False
premierleague,2022,manchesterunitedfc,manutd,50,False
premierleague,2022,newcastleunited,newcastle,75,True
premierleague,2022,nottinghamforest,nottmforest,81,True
premierleague,2022,tottenhamhotspur,tottenham,72,True
premierleague,2022,westhamunited,westham,70,True
premierleague,2022,wolverhamptonwanderers,wolves,43,False
premierleague,2023,afcbournemouth,bournemouth,88,True
premierleague,2023,astonvillafc,astonvilla,91,True
premierleague,2023,brentfordfc,brentford,90,True
premierleague,2023,brightonhovealbion,brighton,62,False
premierleague,2023,chelseafc,chelsea,88,True
premierleague,2023,crystalpalacefc,crystalpalace,93,True
premierleague,2023,fcarsenal,arsenal,88,True
premierleague,2023,fcburnley,fcburnley,100,True
premierleague,2023,fceverton,everton,88,True
premierleague,2023,fcfulham,fulham,86,True
premierleague,2023,fcliverpool,liverpool,90,True
premierleague,2023,lutontown,luton,71,True
premierleague,2023,manchestercityfc,mancity,61,False
premierleague,2023,manchesterunitedfc,manutd,50,False
premierleague,2023,newcastleunited,newcastle,75,True
premierleague,2023,nottinghamforest,nottmforest,81,True
premierleague,2023,sheffieldunited,sheffutd,70,True
premierleague,2023,tottenhamhotspur,tottenham,72,True
premierleague,2023,westhamunited,westham,70,True
premierleague,2023,wolverhamptonwanderers,wolves,43,False
premierleague,2024,afcbournemouth,bournemouth,88,True
premierleague,2024,astonvillafc,astonvilla,91,True
premierleague,2024,brentfordfc,brentford,90,True
premierleague,2024,brightonhovealbion,brighton,62,False
premierleague,2024,chelseafc,chelsea,88,True
premierleague,2024,crystalpalacefc,crystalpalace,93,True
premierleague,2024,fcarsenal,arsenal,88,True
premierleague,2024,fceverton,everton,88,True
premierleague,2024,fcfulham,fulham,86,True
premierleague,2024,fcliverpool,liverpool,90,True
premierleague,2024,fcsouthampton,southampton,92,True
premierleague,2024,ipswichtownfc,ipswich,70,True
premierleague,2024,leicestercityfc,leicester,75,True
premierleague,2024,manchestercityfc,mancity,61,False
premierleague,2024,manchesterunitedfc,manutd,50,False
premierleague,2024,newcastleunited,newcastle,75,True
premierleague,2024,nottinghamforest,nottmforest,81,True
premierleague,2024,tottenhamhotspur,tottenham,72,True
premierleague,2024,westhamunited,westham,70,True
premierleague,2024,wolverhamptonwanderers,wolves,43,False
saudiproleague,2014,alahlisfc,alahli,80,True
saudiproleague,2014,alfaisalyfc,alfaisaly,90,True
saudiproleague,2014,alfatehsc,alfateh,88,True
saudiproleague,2014,alhilalsfc,alhilal,82,True
saudiproleague,2014,alittihadclub,alittihad,82,True
saudiproleague,2014,alkhaleejfc,alkhaleej,90,True
saudiproleague,2014,alnassrfc,alnassr,88,True
saudiproleague,2014,alorobahfc,alorobah,89,True
saudiproleague,2014,alraedsfc,alraed,80,True
saudiproleague,2014,alshababfc,alshabab,89,True
saudiproleague,2014,alshoullafc,alshoulla,90,True
saudiproleague,2014,altaawounfc,altaawoun,90,True
saudiproleague,2014,hajerclub,hajer,71,True
saudiproleague,2014,najransc,najransc,100,True
saudiproleague,2015,alahlisfc,alahli,80,True
saudiproleague,2015,alfaisalyfc,alfaisaly,90,True
saudiproleague,2015,alfatehsc,alfateh,88,True
saudiproleague,2015,alhilalsfc,alhilal,82,True
saudiproleague,2015,alittihadclub,alittihad,82,True
saudiproleague,2015,alkhaleejfc,alkhaleej,90,True
saudiproleague,2015,alnassrfc,alnassr,88,True
saudiproleague,2015,alqadsiahfc,alqadsiah,90,True
saudiproleague,2015,alraedsfc,alraed,80,True
saudiproleague,2015,alshababfc,alshabab,89,True
saudiproleague,2015,altaawounfc,altaawoun,90,True
saudiproleague,2015,alwehdafc,alwehda,88,True
saudiproleague,2015,hajerclub,hajer,71,True
saudiproleague,2015,najransc,najransc,100,True
saudiproleague,2016,alahlisfc,alahli,80,True
saudiproleague,2016,albatinfc,albatin,88,True
saudiproleague,2016,alettifaqfc,alettifaq,90,True
saudiproleague,2016,alfaisalyfc,alfaisaly,90,True
saudiproleague,2016,alfatehsc,alfateh,88,True
saudiproleague,2016,alhilalsfc,alhilal,82,True
saudiproleague,2016,alittihadclub,alittihad,82,True
saudiproleague,2016,alkhaleejfc,alkhaleej,90,True
saudiproleague,2016,alnassrfc,alnassr,88,True
saudiproleague,2016,alqadsiahfc,alqadsiah,90,True
saudiproleague,2016,alraedsfc,alraed,80,True
saudiproleague,2016,alshababfc,alshabab,89,True
saudiproleague,2016,altaawounfc,altaawoun,90,True
saudiproleague,2016,alwehdafc,alwehda,88,True
saudiproleague,2017,alahlisfc,alahli,80,True
saudiproleague,2017,albatinfc,albatin,88,True
saudiproleague,2017,alettifaqfc,alettifaq,90,True
saudiproleague,2017,alfaisalyfc,alfaisaly,90,True
saudiproleague,2017,alfatehsc,alfateh,88,True
saudiproleague,2017,alfayhafc,alfayha,88,True
saudiproleague,2017,alhilalsfc,alhilal,82,True
saudiproleague,2017,alittihadclub,alittihad,82,True
saudiproleague,2017,alnassrfc,alnassr,88,True
saudiproleague,2017,alqadsiahfc,alqadsiah,90,True
saudiproleague,2017,alraedsfc,alraed,80,True
saudiproleague,2017,alshababfc,alshabab,89,True
saudiproleague,2017,altaawounfc,altaawoun,90,True
saudiproleague,2017,ohodclub,ohodclub,100,True
saudiproleague,2018,alahlisfc,alahli,80,True
saudiproleague,2018,albatinfc,albatin,88,True
saudiproleague,2018,alettifaqfc,alettifaq,90,True
saudiproleague,2018,alfaisalyfc,alfaisaly,90,True
saudiproleague,2018,alfatehsc,alfateh,88,True
saudiproleague,2018,alfayhafc,alfayha,88,True
saudiproleague,2018,alhazemsc,alhazem,88,True
saudiproleague,2018,alhilalsfc,alhilal,82,True
saudiproleague,2018,alittihadclub,alittihad,82,True
saudiproleague,2018,alnassrfc,alnassr,88,True
saudiproleague,2018,alqadsiahfc,alqadsiah,90,True
saudiproleague,2018,alraedsfc,alraed,80,True
saudiproleague,2018,alshababfc,alshabab,89,True
saudiproleague,2018,altaawounfc,altaawoun,90,True
saudiproleague,2018,alwehdafc,alwehda,88,True
saudiproleague,2018,ohodclub,ohodclub,100,True
saudiproleague,2019,abhaclub,abha,67,False
saudiproleague,2019,aladalahfc,aladalah,89,True
saudiproleague,2019,alahlisfc,alahli,80,True
saudiproleague,2019,alettifaqfc,alettifaq,90,True
saudiproleague,2019,alfaisalyfc,alfaisaly,90,True
saudiproleague,2019,alfatehsc,alfateh,88,True
saudiproleague,2019,alfayhafc,alfayha,88,True
saudiproleague,2019,alhazemsc,alhazem,88,True
saudiproleague,2019,alhilalsfc,alhilal,82,True
saudiproleague,2019,alittihadclub,alittihad,82,True
saudiproleague,2019,alnassrfc,alnassr,88,True
saudiproleague,2019,alraedsfc,alraed,80,True
saudiproleague,2019,alshababfc,alshabab,89,True
saudiproleague,2019,altaawounfc,altaawoun,90,True
saudiproleague,2019,alwehdafc,alwehda,88,True
saudiproleague,2019,damacfc,damacfc,100,True
saudiproleague,2020,abhaclub,abha,67,False
saudiproleague,2020,alahlisfc,alahli,80,True
saudiproleague,2020,alainsfc,alain,77,True
saudiproleague,2020,albatinfc,albatin,88,True
saudiproleague,2020,alettifaqfc,alettifaq,90,True
saudiproleague,2020,alfaisalyfc,alfaisaly,90,True
saudiproleague,2020,alfatehsc,alfateh,88,True
saudiproleague,2020,alhilalsfc,alhilal,82,True
saudiproleague,2020,alittihadclub,alittihad,82,True
saudiproleague,2020,alnassrfc,alnassr,88,True
saudiproleague,2020,alqadsiahfc,alqadsiah,90,True
saudiproleague,2020,alraedsfc,alraed,80,True
saudiproleague,2020,alshababfc,alshabab,89,True
saudiproleague,2020,altaawounfc,altaawoun,90,True
saudiproleague,2020,alwehdafc,alwehda,88,True
saudiproleague,2020,damacfc,damacfc,100,True
saudiproleague,2021,abhaclub,abha,67,False
saudiproleague,2021,alahlisfc,alahli,80,True
saudiproleague,2021,albatinfc,albatin,88,True
saudiproleague,2021,alettifaqfc,alettifaq,90,True
saudiproleague,2021,alfaisalyfc,alfaisaly,90,True
saudiproleague,2021,alfatehsc,alfateh,88,True
saudiproleague,2021,alfayhafc,alfayha,88,True
saudiproleague,2021,alhazemsc,alhazem,88,True
saudiproleague,2021,alhilalsfc,alhilal,82,True
saudiproleague,2021,alittihadclub,alittihad,82,True
saudiproleague,2021,alnassrfc,alnassr,88,True
saudiproleague,2021,alraedsfc,alraed,80,True
saudiproleague,2021,alshababfc,alshabab,89,True
saudiproleague,2021,altaawounfc,altaawoun,90,True
saudiproleague,2021,altaifc,altai,83,True
saudiproleague,2021,damacfc,damacfc,100,True
saudiproleague,2022,abhaclub,abha,67,False
saudiproleague,2022,aladalahfc,aladalah,89,True
saudiproleague,2022,albatinfc,albatin,88,True
saudiproleague,2022,alettifaqfc,alettifaq,90,True
saudiproleague,2022,alfatehsc,alfateh,88,True
saudiproleague,2022,alfayhafc,alfayha,88,True
saudiproleague,2022,alhilalsfc,alhilal,82,True
saudiproleague,2022,alittihadclub,alittihad,82,True
saudiproleague,2022,alkhaleejfc,alkhaleej,90,True
saudiproleague,2022,alnassrfc,alnassr,88,True
saudiproleague,2022,alraedsfc,alraed,80,True
saudiproleague,2022,alshababfc,alshabab,89,True
saudiproleague,2022,altaawounfc,altaawoun,90,True
saudiproleague,2022,altaifc,altai,83,True
saudiproleague,2022,alwehdafc,alwehda,88,True
saudiproleague,2022,damacfc,damacfc,100,True
saudiproleague,2023,abhaclub,abha,67,False
saudiproleague,2023,alahlisfc,alahli,80,True
saudiproleague,2023,alettifaqfc,alettifaq,90,True
saudiproleague,2023,alfatehsc,alfateh,88,True
saudiproleague,2023,alfayhafc,alfayha,88,True
saudiproleague,2023,alhazemsc,alhazem,88,True
saudiproleague,2023,alhilalsfc,alhilal,82,True
saudiproleague,2023,alittihadclub,alittihad,82,True
saudiproleague,2023,alkhaleejfc,alkhaleej,90,True
saudiproleague,2023,alnassrfc,alnassr,88,True
saudiproleague,2023,alokhdoodclub,alokhdood,82,True
saudiproleague,2023,alraedsfc,alraed,80,True
saudiproleague,2023,alriyadhsc,alriyadh,89,True
saudiproleague,2023,alshababfc,alshabab,89,True
saudiproleague,2023,altaawounfc,altaawoun,90,True
saudiproleague,2023,altaifc,altai,83,True
saudiproleague,2023,alwehdafc,alwehda,88,True
saudiproleague,2023,damacfc,damacfc,100,True
saudiproleague,2024,alahlisfc,alahli,80,True
saudiproleague,2024,alettifaqfc,alettifaq,90,True
saudiproleague,2024,alfatehsc,alfateh,88,True
saudiproleague,2024,alfayhafc,alfayha,88,True
saudiproleague,2024,alhilalsfc,alhilal,82,True
saudiproleague,2024,alittihadclub,alittihad,82,True
saudiproleague,2024,alkhaleejfc,alkhaleej,90,True
saudiproleague,2024,alkholoodclub,alkholood,82,True
saudiproleague,2024,alnassrfc,alnassr,88,True
saudiproleague,2024,alokhdoodclub,alokhdood,82,True
saudiproleague,2024,alorobahfc,alorobah,89,True
saudiproleague,2024,alqadsiahfc,alqadsiah,90,True
saudiproleague,2024,alraedsfc,alraed,80,True
saudiproleague,2024,alriyadhsc,alriyadh,89,True
saudiproleague,2024,alshababfc,alshabab,89,True
saudiproleague,2024,altaawounfc,altaawoun,90,True
saudiproleague,2024,alwehdafc,alwehda,88,True
saudiproleague,2024,damacfc,damacfc,100,True
seriea,1990,accesena,cesena,86,True
seriea,1990,acflorenz,florenz,88,True
seriea,1990,acmilan,milan,83,True
seriea,1990,acparma,acparma,100,True
seriea,1990,acpisa1909,acpisa1909,100,True
seriea,1990,asbari,bari,80,True
seriea,1990,asroma,roma,80,True
seriea,1990,atalantabc,atalanta,89,True
seriea,1990,bologna,bologna,100,True
seriea,1990,cagliaricalcio,cagliari,73,True
seriea,1990,genoa1893,genoa,71,True
seriea,1990,interdemilao,inter,59,False
seriea,1990,juventusfc,juventus,89,True
seriea,1990,sscnapoli,napoli,80,True
seriea,1990,sslazio,lazio,83,True
seriea,1990,torinocalcio,torino,67,False
seriea,1990,ucsampdoria,sampdoria,90,True
seriea,1990,uslecce,lecce,83,True
seriea,1991,acflorenz,florenz,88,True
seriea,1991,acmilan,milan,83,True
seriea,1991,acparma,acparma,100,True
seriea,1991,asbari,bari,80,True
seriea,1991,ascolicalcio1898,ascoli,55,False
seriea,1991,asroma,roma,80,True
seriea,1991,atalantabc,atalanta,89,True
seriea,1991,cagliaricalcio,cagliari,73,True
seriea,1991,foggiacalcio,foggia,67,False
seriea,1991,genoa1893,genoa,71,True
seriea,1991,interdemilao,inter,59,False
seriea,1991,juventusfc,juventus,89,True
seriea,1991,sscnapoli,napoli,80,True
seriea,1991,sslazio,lazio,83,True
seriea,1991,torinocalcio,torino,67,False
seriea,1991,ucsampdoria,sampdoria,90,True
seriea,1991,uscremonese,cremonese,90,True
seriea,1991,veronafc,verona,86,True
seriea,1992,acflorenz,florenz,88,True
seriea,1992,acmilan,milan,83,True
seriea,1992,acparma,acparma,100,True
seriea,1992,anconacalcio,ancona,67,False
seriea,1992,asroma,roma,80,True
seriea,1992,atalantabc,atalanta,89,True
seriea,1992,bresciacalcio,brescia,70,True
seriea,1992,cagliaricalcio,cagliari,73,True
seriea,1992,foggiacalcio,foggia,67,False
seriea,1992,genoa1893,genoa,71,True
seriea,1992,interdemilao,inter,59,False
seriea,1992,juventusfc,juventus,89,True
seriea,1992,pescaracalcio,pescara,70,True
seriea,1992,sscnapoli,napoli,80,True
seriea,1992,sslazio,lazio,83,True
seriea,1992,torinocalcio,torino,67,False
seriea,1992,ucsampdoria,sampdoria,90,True
seriea,1992,udinesecalcio,udinese,70,True
seriea,1993,acmilan,milan,83,True
seriea,1993,acparma,acparma,100,True
seriea,1993,acreggiana,reggiana,89,True
seriea,1993,asroma,roma,80,True
seriea,1993,atalantabc,atalanta,89,True
seriea,1993,cagliaricalcio,cagliari,73,True
seriea,1993,foggiacalcio,foggia,67,False
seriea,1993,genoa1893,genoa,71,True
seriea,1993,interdemilao,inter,59,False
seriea,1993,juventusfc,juventus,89,True
seriea,1993,piacenzafc,piacenza,89,True
seriea,1993,sscnapoli,napoli,80,True
seriea,1993,sslazio,lazio,83,True
seriea,1993,torinocalcio,torino,67,False
seriea,1993,ucsampdoria,sampdoria,90,True
seriea,1993,udinesecalcio,udinese,70,True
seriea,1993,uscremonese,cremonese,90,True
seriea,1993,uslecce,lecce,83,True
seriea,1994,acflorenz,florenz,88,True
seriea,1994,acmilan,milan,83,True
seriea,1994,acparma,acparma,100,True
seriea,1994,acreggiana,reggiana,89,True
seriea,1994,asbari,bari,80,True
seriea,1994,asroma,roma,80,True
seriea,1994,bresciacalcio,brescia,70,True
seriea,1994,cagliaricalcio,cagliari,73,True
seriea,1994,calciopadova,padova,67,False
seriea,1994,foggiacalcio,foggia,67,False
seriea,1994,genoa1893,genoa,71,True
seriea,1994,interdemilao,inter,59,False
seriea,1994,juventusfc,juventus,89,True
seriea,1994,sscnapoli,napoli,80,True
seriea,1994,sslazio,lazio,83,True
seriea,1994,torinocalcio,torino,67,False
seriea,1994,ucsampdoria,sampdoria,90,True
seriea,1994,uscremonese,cremonese,90,True
seriea,1995,acflorenz,florenz,88,True
seriea,1995,acmilan,milan,83,True
seriea,1995,acparma,acparma,100,True
seriea,1995,asbari,bari,80,True
seriea,1995,asroma,roma,80,True
seriea,1995,atalantabc,atalanta,89,True
seriea,1995,cagliaricalcio,cagliari,73,True
seriea,1995,calciopadova,padova,67,False
seriea,1995,interdemilao,inter,59,False
seriea,1995,juventusfc,juventus,89,True
seriea,1995,piacenzafc,piacenza,89,True
seriea,1995,sscnapoli,napoli,80,True
seriea,1995,sslazio,lazio,83,True
seriea,1995,torinocalcio,torino,67,False
seriea,1995,ucsampdoria,sampdoria,90,True
seriea,1995,udinesecalcio,udinese,70,True
seriea,1995,uscremonese,cremonese,90,True
seriea,1995,vicenzacalcio,vicenza,70,True
seriea,1996,acflorenz,florenz,88,True
seriea,1996,acmilan,milan,83,True
seriea,1996,acparma,acparma,100,True
seriea,1996,acperugia,perugia,88,True
seriea,1996,acreggiana,reggiana,89,True
seriea,1996,asroma,roma,80,True
seriea,1996,atalantabc,atalanta,89,True
seriea,1996,bologna,bologna,100,True
seriea,1996,cagliaricalcio,cagliari,73,True
seriea,1996,hellasverona,verona,67,False
seriea,1996,interdemilao,inter,59,False
seriea,1996,juventusfc,juventus,89,True
seriea,1996,piacenzafc,piacenza,89,True
seriea,1996,sscnapoli,napoli,80,True
seriea,1996,sslazio,lazio,83,True
seriea,1996,ucsampdoria,sampdoria,90,True
seriea,1996,udinesecalcio,udinese,70,True
seriea,1996,vicenzacalcio,vicenza,70,True
seriea,1997,acflorenz,florenz,88,True
seriea,1997,acmilan,milan,83,True
seriea,1997,acparma,acparma,100,True
seriea,1997,asbari,bari,80,True
seriea,1997,asroma,roma,80,True
seriea,1997,atalantabc,atalanta,89,True
seriea,1997,bologna,bologna,100,True
seriea,1997,bresciacalcio,brescia,70,True
seriea,1997,fcempoli,empoli,86,True
seriea,1997,interdemilao,inter,59,False
seriea,1997,juventusfc,juventus,89,True
seriea,1997,piacenzafc,piacenza,89,True
seriea,1997,sscnapoli,napoli,80,True
seriea,1997,sslazio,lazio,83,True
seriea,1997,ucsampdoria,sampdoria,90,True
seriea,1997,udinesecalcio,udinese,70,True
seriea,1997,uslecce,lecce,83,True
seriea,1997,vicenzacalcio,vicenza,70,True
seriea,1998,acflorenz,florenz,88,True
seriea,1998,acmilan,milan,83,True
seriea,1998,acparma,acparma,100,True
seriea,1998,acperugia,perugia,88,True
seriea,1998,acvenezia1907,acvenezia1907,100,True
seriea,1998,asbari,bari,80,True
seriea,1998,asroma,roma,80,True
seriea,1998,bologna,bologna,100,True
seriea,1998,cagliaricalcio,cagliari,73,True
seriea,1998,fcempoli,empoli,86,True
seriea,1998,interdemilao,inter,59,False
seriea,1998,juventusfc,juventus,89,True
seriea,1998,piacenzafc,piacenza,89,True
seriea,1998,sslazio,lazio,83,True
seriea,1998,ucsampdoria,sampdoria,90,True
seriea,1998,udinesecalcio,udinese,70,True
seriea,1998,ussalernitana,salernitana,92,True
seriea,1998,vicenzacalcio,vicenza,70,True
seriea,1999,acflorenz,florenz,88,True
seriea,1999,acmilan,milan,83,True
seriea,1999,acparma,acparma,100,True
seriea,1999,acperugia,perugia,88,True
seriea,1999,acvenezia1907,acvenezia1907,100,True
seriea,1999,asbari,bari,80,True
seriea,1999,asroma,roma,80,True
seriea,1999,bologna,bologna,100,True
seriea,1999,cagliaricalcio,cagliari,73,True
seriea,1999,hellasverona,verona,67,False
seriea,1999,interdemilao,inter,59,False
seriea,1999,juventusfc,juventus,89,True
seriea,1999,piacenzafc,piacenza,89,True
seriea,1999,regginacalcio,reggina,70,True
seriea,1999,sslazio,lazio,83,True
seriea,1999,torinocalcio,torino,67,False
seriea,1999,udinesecalcio,udinese,70,True
seriea,1999,uslecce,lecce,83,True
seriea,2000,acflorenz,florenz,88,True
seriea,2000,acmilan,milan,83,True
seriea,2000,acparma,acparma,100,True
seriea,2000,acperugia,perugia,88,True
seriea,2000,asbari,bari,80,True
seriea,2000,asroma,roma,80,True
seriea,2000,atalantabc,atalanta,89,True
seriea,2000,bologna,bologna,100,True
seriea,2000,bresciacalcio,brescia,70,True
seriea,2000,hellasverona,verona,67,False
seriea,2000,interdemilao,inter,59,False
seriea,2000,juventusfc,juventus,89,True
seriea,2000,regginacalcio,reggina,70,True
seriea,2000,sscnapoli,napoli,80,True
seriea,2000,sslazio,lazio,83,True
seriea,2000,udinesecalcio,udinese,70,True
seriea,2000,uslecce,lecce,83,True
seriea,2000,vicenzacalcio,vicenza,70,True
seriea,2001,acflorenz,florenz,88,True
seriea,2001,acmilan,milan,83,True
seriea,2001,acparma,acparma,100,True
seriea,2001,acperugia,perugia,88,True
seriea,2001,acvenezia1907,acvenezia1907,100,True
seriea,2001,asroma,roma,80,True
seriea,2001,atalantabc,atalanta,89,True
seriea,2001,bologna,bologna,100,True
seriea,2001,bresciacalcio,brescia,70,True
seriea,2001,chievoverona,chievoverona,100,True
seriea,2001,hellasverona,verona,67,False
seriea,2001,interdemilao,inter,59,False
seriea,2001,juventusfc,juventus,89,True
seriea,2001,piacenzafc,piacenza,89,True
seriea,2001,sslazio,lazio,83,True
seriea,2001,torinocalcio,torino,67,False
seriea,2001,udinesecalcio,udinese,70,True
seriea,2001,uslecce,lecce,83,True
seriea,2002,acmilan,milan,83,True
seriea,2002,acparma,acparma,100,True
seriea,2002,acperugia,perugia,88,True
seriea,2002,asroma,roma,80,True
seriea,2002,atalantabc,atalanta,89,True
seriea,2002,bologna,bologna,100,True
seriea,2002,bresciacalcio,brescia,70,True
seriea,2002,chievoverona,chievoverona,100,True
seriea,2002,comocalcio,como,57,False
seriea,2002,fcempoli,empoli,86,True
seriea,2002,interdemilao,inter,59,False
seriea,2002,juventusfc,juventus,89,True
seriea,2002,modenafc,modena,86,True
seriea,2002,piacenzafc,piacenza,89,True
seriea,2002,regginacalcio,reggina,70,True
seriea,2002,sslazio,lazio,83,True
seriea,2002,torinocalcio,torino,67,False
seriea,2002,udinesecalcio,udinese,70,True
seriea,2003,acmilan,milan,83,True
seriea,2003,acparma,acparma,100,True
seriea,2003,acperugia,perugia,88,True
seriea,2003,acsiena,acsiena,100,True
seriea,2003,anconacalcio,ancona,67,False
seriea,2003,asroma,roma,80,True
seriea,2003,bologna,bologna,100,True
seriea,2003,bresciacalcio,brescia,70,True
seriea,2003,chievoverona,chievoverona,100,True
seriea,2003,fcempoli,empoli,86,True
seriea,2003,interdemilao,inter,59,False
seriea,2003,juventusfc,juventus,89,True
seriea,2003,modenafc,modena,86,True
seriea,2003,regginacalcio,reggina,70,True
seriea,2003,sslazio,lazio,83,True
seriea,2003,ucsampdoria,sampdoria,90,True
seriea,2003,udinesecalcio,udinese,70,True
seriea,2003,uslecce,lecce,83,True
seriea,2004,acffiorentina,fiorentina,87,True
seriea,2004,acmilan,milan,83,True
seriea,2004,acsiena,acsiena,100,True
seriea,2004,aslivorno,aslivorno,100,True
seriea,2004,asroma,roma,80,True
seriea,2004,atalantabc,atalanta,89,True
seriea,2004,bologna,bologna,100,True
seriea,2004,bresciacalcio,brescia,70,True
seriea,2004,cagliaricalcio,cagliari,73,True
seriea,2004,chievoverona,chievoverona,100,True
seriea,2004,fcmessinapeloro,messinapeloro,93,True
seriea,2004,interdemilao,inter,59,False
seriea,2004,juventusfc,juventus,89,True
seriea,2004,parmafc,parma,83,True
seriea,2004,regginacalcio,reggina,70,True
seriea,2004,sslazio,lazio,83,True
seriea,2004,ucsampdoria,sampdoria,90,True
seriea,2004,udinesecalcio,udinese,70,True
seriea,2004,uslecce,lecce,83,True
seriea,2004,uspalermo,uspalermo,100,True
seriea,2005,acffiorentina,fiorentina,87,True
seriea,2005,acmilan,milan,83,True
seriea,2005,acsiena,acsiena,100,True
seriea,2005,ascolicalcio1898,ascoli,55,False
seriea,2005,aslivorno,aslivorno,100,True
seriea,2005,asroma,roma,80,True
seriea,2005,cagliaricalcio,cagliari,73,True
seriea,2005,chievoverona,chievoverona,100,True
seriea,2005,fcempoli,empoli,86,True
seriea,2005,fcmessinapeloro,messinapeloro,93,True
seriea,2005,interdemilao,inter,59,False
seriea,2005,juventusfc,juventus,89,True
seriea,2005,parmafc,parma,83,True
seriea,2005,regginacalcio,reggina,70,True
seriea,2005,sslazio,lazio,83,True
seriea,2005,trevisofbc1993,treviso,67,False
seriea,2005,ucsampdoria,sampdoria,90,True
seriea,2005,udinesecalcio,udinese,70,True
seriea,2005,uslecce,lecce,83,True
seriea,2005,uspalermo,uspalermo,100,True
seriea,2006,acffiorentina,fiorentina,87,True
seriea,2006,acmilan,milan,83,True
seriea,2006,acsiena,acsiena,100,True
seriea,2006,ascolicalcio1898,ascoli,55,False
seriea,2006,aslivorno,aslivorno,100,True
seriea,2006,asroma,roma,80,True
seriea,2006,atalantabc,atalanta,89,True
seriea,2006,cagliaricalcio,cagliari,73,True
seriea,2006,cataniacalcio,cataniacalcio,100,True
seriea,2006,chievoverona,chievoverona,100,True
seriea,2006,fcempoli,empoli,86,True
seriea,2006,fcmessinapeloro,messinapeloro,93,True
seriea,2006,interdemilao,inter,59,False
seriea,2006,parmafc,parma,83,True
seriea,2006,regginacalcio,reggina,70,True
seriea,2006,sslazio,lazio,83,True
seriea,2006,torinofc,torino,86,True
seriea,2006,ucsampdoria,sampdoria,90,True
seriea,2006,udinesecalcio,udinese,70,True
seriea,2006,uspalermo,uspalermo,100,True
seriea,2007,acffiorentina,fiorentina,87,True
seriea,2007,acmilan,milan,83,True
seriea,2007,acsiena,acsiena,100,True
seriea,2007,aslivorno,aslivorno,100,True
seriea,2007,asroma,roma,80,True
seriea,2007,atalantabc,atalanta,89,True
seriea,2007,cagliaricalcio,cagliari,73,True
seriea,2007,cataniacalcio,cataniacalcio,100,True
seriea,2007,fcempoli,empoli,86,True
seriea,2007,genoa,genoa,100,True
seriea,2007,interdemilao,inter,59,False
seriea,2007,juventusfc,juventus,89,True
seriea,2007,parmafc,parma,83,True
seriea,2007,regginacalcio,reggina,70,True
seriea,2007,sscnapoli,napoli,80,True
seriea,2007,sslazio,lazio,83,True
seriea,2007,torinofc,torino,86,True
seriea,2007,ucsampdoria,sampdoria,90,True
seriea,2007,udinesecalcio,udinese,70,True
seriea,2007,uspalermo,uspalermo,100,True
seriea,2008,acffiorentina,fiorentina,87,True
seriea,2008,acmilan,milan,83,True
seriea,2008,acsiena,acsiena,100,True
seriea,2008,asroma,roma,80,True
seriea,2008,atalantabc,atalanta,89,True
seriea,2008,bologna,bologna,100,True
seriea,2008,cagliaricalcio,cagliari,73,True
seriea,2008,cataniacalcio,cataniacalcio,100,True
seriea,2008,chievoverona,chievoverona,100,True
seriea,2008,genoa,genoa,100,True
seriea,2008,interdemilao,inter,59,False
seriea,2008,juventusfc,juventus,89,True
seriea,2008,regginacalcio,reggina,70,True
seriea,2008,sscnapoli,napoli,80,True
seriea,2008,sslazio,lazio,83,True
seriea,2008,torinofc,torino,86,True
seriea,2008,ucsampdoria,sampdoria,90,True
seriea,2008,udinesecalcio,udinese,70,True
seriea,2008,uslecce,lecce,83,True
seriea,2008,uspalermo,uspalermo,100,True
seriea,2009,acffiorentina,fiorentina,87,True
seriea,2009,acmilan,milan,83,True
seriea,2009,acsiena,acsiena,100,True
seriea,2009,asbari,bari,80,True
seriea,2009,aslivorno,aslivorno,100,True
seriea,2009,asroma,roma,80,True
seriea,2009,atalantabc,atalanta,89,True
seriea,2009,bologna,bologna,100,True
seriea,2009,cagliaricalcio,cagliari,73,True
seriea,2009,cataniacalcio,cataniacalcio,100,True
seriea,2009,chievoverona,chievoverona,100,True
seriea,2009,genoa,genoa,100,True
seriea,2009,interdemilao,inter,59,False
seriea,2009,juventusfc,juventus,89,True
seriea,2009,parmafc,parma,83,True
seriea,2009,sscnapoli,napoli,80,True
seriea,2009,sslazio,lazio,83,True
seriea,2009,ucsampdoria,sampdoria,90,True
seriea,2009,udinesecalcio,udinese,70,True
seriea,2009,uspalermo,uspalermo,100,True
seriea,2010,accesena,cesena,86,True
seriea,2010,acffiorentina,fiorentina,87,True
seriea,2010,acmilan,milan,83,True
seriea,2010,asbari,bari,80,True
seriea,2010,asroma,roma,80,True
seriea,2010,bologna,bologna,100,True
seriea,2010,bresciacalcio,brescia,70,True
seriea,2010,cagliaricalcio,cagliari,73,True
seriea,2010,cataniacalcio,cataniacalcio,100,True
seriea,2010,chievoverona,chievoverona,100,True
seriea,2010,genoa,genoa,100,True
seriea,2010,interdemilao,inter,59,False
seriea,2010,juventusfc,juventus,89,True
seriea,2010,parmafc,parma,83,True
seriea,2010,sscnapoli,napoli,80,True
seriea,2010,sslazio,lazio,83,True
seriea,2010,ucsampdoria,sampdoria,90,True
seriea,2010,udinesecalcio,udinese,70,True
seriea,2010,uslecce,lecce,83,True
seriea,2010,uspalermo,uspalermo,100,True
seriea,2011,accesena,cesena,86,True
seriea,2011,acffiorentina,fiorentina,87,True
seriea,2011,acmilan,milan,83,True
seriea,2011,acsiena,acsiena,100,True
seriea,2011,asroma,roma,80,True
seriea,2011,atalantabc,atalanta,89,True
seriea,2011,bologna,bologna,100,True
seriea,2011,cagliaricalcio,cagliari,73,True
seriea,2011,cataniacalcio,cataniacalcio,100,True
seriea,2011,chievoverona,chievoverona,100,True
seriea,2011,genoa,genoa,100,True
seriea,2011,interdemilao,inter,59,False
seriea,2011,juventusfc,juventus,89,True
seriea,2011,novaracalcio1908,novaracalcio,86,True
seriea,2011,parmafc,parma,83,True
seriea,2011,sscnapoli,napoli,80,True
seriea,2011,sslazio,lazio,83,True
seriea,2011,udinesecalcio,udinese,70,True
seriea,2011,uslecce,lecce,83,True
seriea,2011,uspalermo,uspalermo,100,True
seriea,2012,acffiorentina,fiorentina,87,True
seriea,2012,acmilan,milan,83,True
seriea,2012,acsiena,acsiena,100,True
seriea,2012,asroma,roma,80,True
seriea,2012,atalantabc,atalanta,89,True
seriea,2012,bologna,bologna,100,True
seriea,2012,cagliaricalcio,cagliari,73,True
seriea,2012,cataniacalcio,cataniacalcio,100,True
seriea,2012,chievoverona,chievoverona,100,True
seriea,2012,delfinopescara1936,pescara,56,False
seriea,2012,genoa,genoa,100,True
seriea,2012,interdemilao,inter,59,False
seriea,2012,juventusfc,juventus,89,True
seriea,2012,parmafc,parma,83,True
seriea,2012,sscnapoli,napoli,80,True
seriea,2012,sslazio,lazio,83,True
seriea,2012,torinofc,torino,86,True
seriea,2012,ucsampdoria,sampdoria,90,True
seriea,2012,udinesecalcio,udinese,70,True
seriea,2012,uspalermo,uspalermo,100,True
seriea,2013,acffiorentina,fiorentina,87,True
seriea,2013,acmilan,milan,83,True
seriea,2013,aslivorno,aslivorno,100,True
seriea,2013,asroma,roma,80,True
seriea,2013,atalantabc,atalanta,89,True
seriea,2013,bologna,bologna,100,True
seriea,2013,cagliaricalcio,cagliari,73,True
seriea,2013,cataniacalcio,cataniacalcio,100,True
seriea,2013,chievoverona,chievoverona,100,True
seriea,2013,genoa,genoa,100,True
seriea,2013,hellasverona,verona,67,False
seriea,2013,interdemilao,inter,59,False
seriea,2013,juventusfc,juventus,89,True
seriea,2013,parmafc,parma,83,True
seriea,2013,sscnapoli,napoli,80,True
seriea,2013,sslazio,lazio,83,True
seriea,2013,torinofc,torino,86,True
seriea,2013,ucsampdoria,sampdoria,90,True
seriea,2013,udinesecalcio,udinese,70,True
seriea,2013,ussassuolo,sassuolo,89,True
seriea,2014,accesena,cesena,86,True
seriea,2014,acffiorentina,fiorentina,87,True
seriea,2014,acmilan,milan,83,True
seriea,2014,asroma,roma,80,True
seriea,2014,atalantabc,atalanta,89,True
seriea,2014,cagliaricalcio,cagliari,73,True
seriea,2014,chievoverona,chievoverona,100,True
seriea,2014,fcempoli,empoli,86,True
seriea,2014,genoa,genoa,100,True
seriea,2014,hellasverona,verona,67,False
seriea,2014,interdemilao,inter,59,False
seriea,2014,juventusfc,juventus,89,True
seriea,2014,parmafc,parma,83,True
seriea,2014,sscnapoli,napoli,80,True
seriea,2014,sslazio,lazio,83,True
seriea,2014,torinofc,torino,86,True
seriea,2014,ucsampdoria,sampdoria,90,True
seriea,2014,udinesecalcio,udinese,70,True
seriea,2014,uspalermo,uspalermo,100,True
seriea,2014,ussassuolo,sassuolo,89,True
seriea,2015,acffiorentina,fiorentina,87,True
seriea,2015,acmilan,milan,83,True
seriea,2015,asroma,roma,80,True
seriea,2015,atalantabc,atalanta,89,True
seriea,2015,bologna,bologna,100,True
seriea,2015,carpifc1909,carpi,62,False
seriea,2015,chievoverona,chievoverona,100,True
seriea,2015,fcempoli,empoli,86,True
seriea,2015,frosinonecalcio,frosinone,75,True
seriea,2015,genoa,genoa,100,True
seriea,2015,hellasverona,verona,67,False
seriea,2015,interdemilao,inter,59,False
seriea,2015,juventusfc,juventus,89,True
seriea,2015,sscnapoli,napoli,80,True
seriea,2015,sslazio,lazio,83,True
seriea,2015,torinofc,torino,86,True
seriea,2015,ucsampdoria,sampdoria,90,True
seriea,2015,udinesecalcio,udinese,70,True
seriea,2015,uspalermo,uspalermo,100,True
seriea,2015,ussassuolo,sassuolo,89,True
seriea,2016,acffiorentina,fiorentina,87,True
seriea,2016,acmilan,milan,83,True
seriea,2016,asroma,roma,80,True
seriea,2016,atalantabc,atalanta,89,True
seriea,2016,bologna,bologna,100,True
seriea,2016,cagliaricalcio,cagliari,73,True
seriea,2016,chievoverona,chievoverona,100,True
seriea,2016,delfinopescara1936,pescara,56,False
seriea,2016,fccrotone,crotone,88,True
seriea,2016,fcempoli,empoli,86,True
seriea,2016,genoa,genoa,100,True
seriea,2016,interdemilao,inter,59,False
seriea,2016,juventusfc,juventus,89,True
seriea,2016,sscnapoli,napoli,80,True
seriea,2016,sslazio,lazio,83,True
seriea,2016,torinofc,torino,86,True
seriea,2016,ucsampdoria,sampdoria,90,True
seriea,2016,udinesecalcio,udinese,70,True
seriea,2016,uspalermo,uspalermo,100,True
seriea,2016,ussassuolo,sassuolo,89,True
seriea,2017,acffiorentina,fiorentina,87,True
seriea,2017,acmilan,milan,83,True
seriea,2017,asroma,roma,80,True
seriea,2017,atalantabc,atalanta,89,True
seriea,2017,beneventocalcio,benevento,75,True
seriea,2017,bologna,bologna,100,True
seriea,2017,cagliaricalcio,cagliari,73,True
seriea,2017,chievoverona,chievoverona,100,True
seriea,2017,fccrotone,crotone,88,True
seriea,2017,genoa,genoa,100,True
seriea,2017,hellasverona,verona,67,False
seriea,2017,interdemilao,inter,59,False
seriea,2017,juventusfc,juventus,89,True
seriea,2017,spal2013,spal,67,False
seriea,2017,sscnapoli,napoli,80,True
seriea,2017,sslazio,lazio,83,True
seriea,2017,torinofc,torino,86,True
seriea,2017,ucsampdoria,sampdoria,90,True
seriea,2017,udinesecalcio,udinese,70,True
seriea,2017,ussassuolo,sassuolo,89,True
seriea,2018,acffiorentina,fiorentina,87,True
seriea,2018,acmilan,milan,83,True
seriea,2018,asroma,roma,80,True
seriea,2018,atalantabc,atalanta,89,True
seriea,2018,bologna,bologna,100,True
seriea,2018,cagliaricalcio,cagliari,73,True
seriea,2018,chievoverona,chievoverona,100,True
seriea,2018,fcempoli,empoli,86,True
seriea,2018,frosinonecalcio,frosinone,75,True
seriea,2018,genoa,genoa,100,True
seriea,2018,interdemilao,inter,59,False
seriea,2018,juventusfc,juventus,89,True
seriea,2018,parmacalcio1913,parma,50,False
seriea,2018,spal,spal,100,True
seriea,2018,sscnapoli,napoli,80,True
seriea,2018,sslazio,lazio,83,True
seriea,2018,torinofc,torino,86,True
seriea,2018,ucsampdoria,sampdoria,90,True
seriea,2018,udinesecalcio,udinese,70,True
seriea,2018,ussassuolo,sassuolo,89,True
seriea,2019,acffiorentina,fiorentina,87,True
seriea,2019,acmilan,milan,83,True
seriea,2019,asroma,roma,80,True
seriea,2019,atalantabc,atalanta,89,True
seriea,2019,bologna,bologna,100,True
seriea,2019,bresciacalcio2025,brescia,58,False
seriea,2019,cagliaricalcio,cagliari,73,True
seriea,2019,genoa,genoa,100,True
seriea,2019,hellasverona,verona,67,False
seriea,2019,interdemilao,inter,59,False
seriea,2019,juventusfc,juventus,89,True
seriea,2019,parmacalcio1913,parma,50,False
seriea,2019,spal,spal,100,True
seriea,2019,sscnapoli,napoli,80,True
seriea,2019,sslazio,lazio,83,True
seriea,2019,torinofc,torino,86,True
seriea,2019,ucsampdoria,sampdoria,90,True
seriea,2019,udinesecalcio,udinese,70,True
seriea,2019,uslecce,lecce,83,True
seriea,2019,ussassuolo,sassuolo,89,True
seriea,2020,acffiorentina,fiorentina,87,True
seriea,2020,acmilan,milan,83,True
seriea,2020,asroma,roma,80,True
seriea,2020,atalantabc,atalanta,89,True
seriea,2020,beneventocalcio,benevento,75,True
seriea,2020,bologna,bologna,100,True
seriea,2020,cagliaricalcio,cagliari,73,True
seriea,2020,fccrotone,crotone,88,True
seriea,2020,genoa,genoa,100,True
seriea,2020,hellasverona,verona,67,False
seriea,2020,interdemilao,inter,59,False
seriea,2020,juventusfc,juventus,89,True
seriea,2020,parmacalcio1913,parma,50,False
seriea,2020,speziacalcio,speziacalcio,100,True
seriea,2020,sscnapoli,napoli,80,True
seriea,2020,sslazio,lazio,83,True
seriea,2020,torinofc,torino,86,True
seriea,2020,ucsampdoria,sampdoria,90,True
seriea,2020,udinesecalcio,udinese,70,True
seriea,2020,ussassuolo,sassuolo,89,True
seriea,2021,acffiorentina,fiorentina,87,True
seriea,2021,acmilan,milan,83,True
seriea,2021,asroma,roma,80,True
seriea,2021,atalantabc,atalanta,89,True
seriea,2021,bologna,bologna,100,True
seriea,2021,cagliaricalcio,cagliari,73,True
seriea,2021,fcempoli,empoli,86,True
seriea,2021,genoa,genoa,100,True
seriea,2021,hellasverona,verona,67,False
seriea,2021,interdemilao,inter,59,False
seriea,2021,juventusfc,juventus,89,True
seriea,2021,salernitanacalcio1919,salernitana,69,False
seriea,2021,speziacalcio,speziacalcio,100,True
seriea,2021,sscnapoli,napoli,80,True
seriea,2021,sslazio,lazio,83,True
seriea,2021,torinofc,torino,86,True
seriea,2021,ucsampdoria,sampdoria,90,True
seriea,2021,udinesecalcio,udinese,70,True
seriea,2021,ussassuolo,sassuolo,89,True
seriea,2021,veneziafc,venezia,88,True
seriea,2022,acffiorentina,fiorentina,87,True
seriea,2022,acmilan,milan,83,True
seriea,2022,acmonza,monza,83,True
seriea,2022,asroma,roma,80,True
seriea,2022,atalantabc,atalanta,89,True
seriea,2022,bologna,bologna,100,True
seriea,2022,fcempoli,empoli,86,True
seriea,2022,hellasverona,verona,67,False
seriea,2022,interdemilao,inter,59,False
seriea,2022,juventusfc,juventus,89,True
seriea,2022,salernitanacalcio1919,salernitana,69,False
seriea,2022,speziacalcio,speziacalcio,100,True
seriea,2022,sscnapoli,napoli,80,True
seriea,2022,sslazio,lazio,83,True
seriea,2022,torinofc,torino,86,True
seriea,2022,ucsampdoria,sampdoria,90,True
seriea,2022,udinesecalcio,udinese,70,True
seriea,2022,uscremonese,cremonese,90,True
seriea,2022,uslecce,lecce,83,True
seriea,2022,ussassuolo,sassuolo,89,True
seriea,2023,acffiorentina,fiorentina,87,True
seriea,2023,acmilan,milan,83,True
seriea,2023,acmonza,monza,83,True
seriea,2023,asroma,roma,80,True
seriea,2023,atalantabc,atalanta,89,True
seriea,2023,bologna,bologna,100,True
seriea,2023,cagliaricalcio,cagliari,73,True
seriea,2023,fcempoli,empoli,86,True
seriea,2023,frosinonecalcio,frosinone,75,True
seriea,2023,genoa,genoa,100,True
seriea,2023,hellasverona,verona,67,False
seriea,2023,interdemilao,inter,59,False
seriea,2023,juventusfc,juventus,89,True
seriea,2023,salernitanacalcio1919,salernitana,69,False
seriea,2023,sscnapoli,napoli,80,True
seriea,2023,sslazio,lazio,83,True
seriea,2023,torinofc,torino,86,True
seriea,2023,udinesecalcio,udinese,70,True
seriea,2023,uslecce,lecce,83,True
seriea,2023,ussassuolo,sassuolo,89,True
seriea,2024,acffiorentina,fiorentina,87,True
seriea,2024,acmilan,milan,83,True
seriea,2024,acmonza,monza,83,True
seriea,2024,asroma,roma,80,True
seriea,2024,atalantabc,atalanta,89,True
seriea,2024,bologna,bologna,100,True
seriea,2024,cagliaricalcio,cagliari,73,True
seriea,2024,como1907,como,67,False
seriea,2024,fcempoli,empoli,86,True
seriea,2024,genoa,genoa,100,True
seriea,2024,hellasverona,verona,67,False
seriea,2024,interdemilao,inter,59,False
seriea,2024,juventusfc,juventus,89,True
seriea,2024,napoli,napoli,100,True
seriea,2024,parmacalcio1913,parma,50,False
seriea,2024,sslazio,lazio,83,True
seriea,2024,torinofc,torino,86,True
seriea,2024,udinesecalcio,udinese,70,True
seriea,2024,uslecce,lecce,83,True
seriea,2024,veneziafc,venezia,88,True
serieb,2002,acsiena,acsiena,100,True
serieb,2002,acvenezia1907,acvenezia1907,100,True
serieb,2002,anconacalcio,ancona,67,False
serieb,2002,asbari,bari,80,True
serieb,2002,ascolicalcio1898,ascoli,55,False
serieb,2002,aslivorno,aslivorno,100,True
serieb,2002,cagliaricalcio,cagliari,73,True
serieb,2002,cataniacalcio,cataniacalcio,100,True
serieb,2002,cosenzacalcio1914,cosenza,58,False
serieb,2002,fcmessinapeloro,messinapeloro,93,True
serieb,2002,genoa,genoa,100,True
serieb,2002,hellasverona,verona,67,False
serieb,2002,sscnapoli,napoli,80,True
serieb,2002,ternanacalcio,ternana,70,True
serieb,2002,ucsampdoria,sampdoria,90,True
serieb,2002,uslecce,lecce,83,True
serieb,2002,uspalermo,uspalermo,100,True
serieb,2002,ussalernitana,salernitana,92,True
serieb,2002,ustriestina,triestina,90,True
serieb,2002,vicenzacalcio,vicenza,70,True
serieb,2003,acffiorentina,fiorentina,87,True
serieb,2003,acvenezia1907,acvenezia1907,100,True
serieb,2003,asbari,bari,80,True
serieb,2003,ascolicalcio1898,ascoli,55,False
serieb,2003,aslivorno,aslivorno,100,True
serieb,2003,atalantabc,atalanta,89,True
serieb,2003,cagliaricalcio,cagliari,73,True
serieb,2003,cataniacalcio,cataniacalcio,100,True
serieb,2003,comocalcio,como,57,False
serieb,2003,fcmessinapeloro,messinapeloro,93,True
serieb,2003,genoa,genoa,100,True
serieb,2003,hellasverona,verona,67,False
serieb,2003,pescaracalcio,pescara,70,True
serieb,2003,piacenzafc,piacenza,89,True
serieb,2003,sscnapoli,napoli,80,True
serieb,2003,ternanacalcio,ternana,70,True
serieb,2003,torinocalcio,torino,67,False
serieb,2003,trevisofbc1993,treviso,67,False
serieb,2003,ucalbinoleffe,ucalbinoleffe,100,True
serieb,2003,usavellino,avellino,89,True
serieb,2003,uspalermo,uspalermo,100,True
serieb,2003,ussalernitana,salernitana,92,True
serieb,2003,ustriestina,triestina,90,True
serieb,2003,vicenzacalcio,vicenza,70,True
serieb,2004,acarezzo,arezzo,86,True
serieb,2004,accesena,cesena,86,True
serieb,2004,acperugia,perugia,88,True
serieb,2004,acvenezia1907,acvenezia1907,100,True
serieb,2004,asbari,bari,80,True
serieb,2004,ascolicalcio1898,ascoli,55,False
serieb,2004,cataniacalcio,cataniacalcio,100,True
serieb,2004,fccrotone,fccrotone,100,True
serieb,2004,fcempoli,empoli,86,True
serieb,2004,genoa,genoa,100,True
serieb,2004,hellasverona,verona,67,False
serieb,2004,modenafc,modena,86,True
serieb,2004,pescaracalcio,pescara,70,True
serieb,2004,piacenzafc,piacenza,89,True
serieb,2004,ternanacalcio,ternana,70,True
serieb,2004,torinocalcio,torino,67,False
serieb,2004,trevisofbc1993,treviso,67,False
serieb,2004,ucalbinoleffe,ucalbinoleffe,100,True
serieb,2004,uscatanzaro,catanzaro,90,True
serieb,2004,ussalernitana,salernitana,92,True
serieb,2004,ustriestina,triestina,90,True
serieb,2004,vicenzacalcio,vicenza,70,True
serieb,2005,acarezzo,arezzo,86,True
serieb,2005,accesena,cesena,86,True
serieb,2005,acmantova1911,mantova,70,True
serieb,2005,asbari,bari,80,True
serieb,2005,atalantabc,atalanta,89,True
serieb,2005,bologna,bologna,100,True
serieb,2005,bresciacalcio,brescia,70,True
serieb,2005,cataniacalcio,cataniacalcio,100,True
serieb,2005,fccrotone,fccrotone,100,True
serieb,2005,hellasverona,verona,67,False
serieb,2005,modenafc,modena,86,True
serieb,2005,pescaracalcio,pescara,70,True
serieb,2005,piacenzafc,piacenza,89,True
serieb,2005,riminifc,rimini,86,True
serieb,2005,ternanacalcio,ternana,70,True
serieb,2005,torinofc,torino,86,True
serieb,2005,ucalbinoleffe,ucalbinoleffe,100,True
serieb,2005,usavellino,avellino,89,True
serieb,2005,uscatanzaro,catanzaro,90,True
serieb,2005,uscremonese,cremonese,90,True
serieb,2005,ustriestina,triestina,90,True
serieb,2005,vicenzacalcio,vicenza,70,True
serieb,2006,acarezzo,arezzo,86,True
serieb,2006,accesena,cesena,86,True
serieb,2006,acmantova1911,mantova,70,True
serieb,2006,asbari,bari,80,True
serieb,2006,bologna,bologna,100,True
serieb,2006,bresciacalcio,brescia,70,True
serieb,2006,fccrotone,fccrotone,100,True
serieb,2006,frosinonecalcio,frosinone,75,True
serieb,2006,genoa,genoa,100,True
serieb,2006,hellasverona,verona,67,False
serieb,2006,juventusfc,juventus,89,True
serieb,2006,modenafc,modena,86,True
serieb,2006,pescaracalcio,pescara,70,True
serieb,2006,piacenzafc,piacenza,89,True
serieb,2006,riminifc,rimini,86,True
serieb,2006,speziacalcio1906,spezia,55,False
serieb,2006,sscnapoli,napoli,80,True
serieb,2006,trevisofbc1993,treviso,67,False
serieb,2006,ucalbinoleffe,ucalbinoleffe,100,True
serieb,2006,uslecce,lecce,83,True
serieb,2006,ustriestina,triestina,90,True
serieb,2006,vicenzacalcio,vicenza,70,True
serieb,2007,accesena,cesena,86,True
serieb,2007,acmantova1911,mantova,70,True
serieb,2007,acpisa1909,acpisa1909,100,True
serieb,2007,asbari,bari,80,True
serieb,2007,ascolicalcio1898,ascoli,55,False
serieb,2007,bologna,bologna,100,True
serieb,2007,bresciacalcio,brescia,70,True
serieb,2007,chievoverona,chievoverona,100,True
serieb,2007,fcmessinapeloro,messinapeloro,93,True
serieb,2007,frosinonecalcio,frosinone,75,True
serieb,2007,modenafc,modena,86,True
serieb,2007,piacenzafc,piacenza,89,True
serieb,2007,ravennacalcio,ravenna,70,True
serieb,2007,riminifc,rimini,86,True
serieb,2007,speziacalcio1906,spezia,55,False
serieb,2007,trevisofbc1993,treviso,67,False
serieb,2007,ucalbinoleffe,ucalbinoleffe,100,True
serieb,2007,usavellino,avellino,89,True
serieb,2007,usgrossetofc,grosseto,80,True
serieb,2007,uslecce,lecce,83,True
serieb,2007,ustriestina,triestina,90,True
serieb,2007,vicenzacalcio,vicenza,70,True
serieb,2008,acancona,ancona,86,True
serieb,2008,acmantova1911,mantova,70,True
serieb,2008,acpisa1909,acpisa1909,100,True
serieb,2008,asbari,bari,80,True
serieb,2008,ascittadella,cittadella,91,True
serieb,2008,ascolicalcio1898,ascoli,55,False
serieb,2008,aslivorno,aslivorno,100,True
serieb,2008,bresciacalcio,brescia,70,True
serieb,2008,fcempoli,empoli,86,True
serieb,2008,frosinonecalcio,frosinone,75,True
serieb,2008,modenafc,modena,86,True
serieb,2008,parmafc,parma,83,True
serieb,2008,piacenzafc,piacenza,89,True
serieb,2008,riminifc,rimini,86,True
serieb,2008,salernitanacalcio1919,salernitana,69,False
serieb,2008,trevisofbc1993,treviso,67,False
serieb,2008,ucalbinoleffe,ucalbinoleffe,100,True
serieb,2008,usavellino,avellino,89,True
serieb,2008,usgrossetofc,grosseto,80,True
serieb,2008,ussassuolo,sassuolo,89,True
serieb,2008,ustriestina,triestina,90,True
serieb,2008,vicenzacalcio,vicenza,70,True
serieb,2009,acancona,ancona,86,True
serieb,2009,accesena,cesena,86,True
serieb,2009,acmantova1911,mantova,70,True
serieb,2009,ascittadella,cittadella,91,True
serieb,2009,ascolicalcio1898,ascoli,55,False
serieb,2009,bresciacalcio,brescia,70,True
serieb,2009,calciopadova,padova,67,False
serieb,2009,fccrotone,fccrotone,100,True
serieb,2009,fcempoli,empoli,86,True
serieb,2009,frosinonecalcio,frosinone,75,True
serieb,2009,gallipolicalcio,gallipoli,75,True
serieb,2009,modenafc,modena,86,True
serieb,2009,piacenzafc,piacenza,89,True
serieb,2009,regginacalcio,reggina,70,True
serieb,2009,salernitanacalcio1919,salernitana,69,False
serieb,2009,torinofc,torino,86,True
serieb,2009,ucalbinoleffe,ucalbinoleffe,100,True
serieb,2009,usgrossetofc,grosseto,80,True
serieb,2009,uslecce,lecce,83,True
serieb,2009,ussassuolo,sassuolo,89,True
serieb,2009,ustriestina,triestina,90,True
serieb,2009,vicenzacalcio,vicenza,70,True
serieb,2010,acsiena,acsiena,100,True
serieb,2010,ascittadella,cittadella,91,True
serieb,2010,ascolicalcio1898,ascoli,55,False
serieb,2010,aslivorno,aslivorno,100,True
serieb,2010,atalantabc,atalanta,89,True
serieb,2010,calciopadova,padova,67,False
serieb,2010,calcioportogruarosummaga,portosummaga,67,False
serieb,2010,delfinopescara1936,pescara,56,False
serieb,2010,fccrotone,fccrotone,100,True
serieb,2010,fcempoli,empoli,86,True
serieb,2010,frosinonecalcio,frosinone,75,True
serieb,2010,modenafc,modena,86,True
serieb,2010,novaracalcio1908,novaracalcio,86,True
serieb,2010,piacenzafc,piacenza,89,True
serieb,2010,regginacalcio,reggina,70,True
serieb,2010,torinofc,torino,86,True
serieb,2010,ucalbinoleffe,ucalbinoleffe,100,True
serieb,2010,usgrossetofc,grosseto,80,True
serieb,2010,ussassuolo,sassuolo,89,True
serieb,2010,ustriestina,triestina,90,True
serieb,2010,varese1910,varese,75,True
serieb,2010,vicenzacalcio,vicenza,70,True
serieb,2011,asbari,bari,80,True
serieb,2011,ascittadella,cittadella,91,True
serieb,2011,ascolicalcio1898,ascoli,55,False
serieb,2011,asgnocerina,asgnocerina,100,True
serieb,2011,asgubbio1910,asgubbio,80,True
serieb,2011,aslivorno,aslivorno,100,True
serieb,2011,bresciacalcio2025,brescia,58,False
serieb,2011,calciopadova,padova,67,False
serieb,2011,delfinopescara1936,pescara,56,False
serieb,2011,fccrotone,crotone,88,True
serieb,2011,fcempoli,empoli,86,True
serieb,2011,hellasverona,verona,67,False
serieb,2011,modenafc,modena,86,True
serieb,2011,regginacalcio,reggina,70,True
serieb,2011,ssjuvestabia,juvestabia,91,True
serieb,2011,torinofc,torino,86,True
serieb,2011,ucalbinoleffe,ucalbinoleffe,100,True
serieb,2011,ucsampdoria,sampdoria,90,True
serieb,2011,usgrossetofc,grosseto,80,True
serieb,2011,ussassuolo,sassuolo,89,True
serieb,2011,varese1910,varese,75,True
serieb,2011,vicenzacalcio,vicenza,70,True
serieb,2012,accesena,cesena,86,True
serieb,2012,asbari,bari,80,True
serieb,2012,ascittadella,cittadella,91,True
serieb,2012,ascolicalcio1898,ascoli,55,False
serieb,2012,aslivorno,aslivorno,100,True
serieb,2012,bresciacalcio,brescia,70,True
serieb,2012,calciopadova,padova,67,False
serieb,2012,fccrotone,crotone,88,True
serieb,2012,fcempoli,empoli,86,True
serieb,2012,fcprovercelli1892,provercelli,79,True
serieb,2012,hellasverona,verona,67,False
serieb,2012,modenafc,modena,86,True
serieb,2012,novaracalcio1908,novaracalcio,86,True
serieb,2012,regginacalcio,reggina,70,True
serieb,2012,speziacalcio,speziacalcio,100,True
serieb,2012,ssjuvestabia,juvestabia,91,True
serieb,2012,ssvirtuslanciano1924,virtuslanciano,82,True
serieb,2012,ternanacalcio,ternana,70,True
serieb,2012,usgrossetofc,grosseto,80,True
serieb,2012,ussassuolo,sassuolo,89,True
serieb,2012,varese1910,varese,75,True
serieb,2012,vicenzacalcio,vicenza,70,True
serieb,2013,accesena,cesena,86,True
serieb,2013,acsiena,acsiena,100,True
serieb,2013,asavellino1912,asavellino,83,True
serieb,2013,asbari,bari,80,True
serieb,2013,ascittadella,cittadella,91,True
serieb,2013,bresciacalcio,brescia,70,True
serieb,2013,calciopadova,padova,67,False
serieb,2013,carpifc1909,carpi,62,False
serieb,2013,delfinopescara1936,pescara,56,False
serieb,2013,fccrotone,crotone,88,True
serieb,2013,fcempoli,empoli,86,True
serieb,2013,modenafc,modena,86,True
serieb,2013,novaracalcio1908,novaracalcio,86,True
serieb,2013,regginacalcio,reggina,70,True
serieb,2013,speziacalcio,speziacalcio,100,True
serieb,2013,ssjuvestabia,juvestabia,91,True
serieb,2013,ssvirtuslanciano1924,virtuslanciano,82,True
serieb,2013,ternanacalcio,ternana,70,True
serieb,2013,trapanicalcio,trapani,70,True
serieb,2013,uslatinacalcio,latinacalcio,92,True
serieb,2013,uspalermo,uspalermo,100,True
serieb,2013,varese1910,varese,75,True
serieb,2014,acdventellachiaveri,virtusentella,50,False
serieb,2014,acperugiacalcio,perugia,64,False
serieb,2014,asavellino1912,asavellino,83,True
serieb,2014,ascittadella,cittadella,91,True
serieb,2014,aslivorno,aslivorno,100,True
serieb,2014,bologna,bologna,100,True
serieb,2014,bresciacalcio,brescia,70,True
serieb,2014,carpifc1909,carpi,62,False
serieb,2014,cataniacalcio,cataniacalcio,100,True
serieb,2014,delfinopescara1936,pescara,56,False
serieb,2014,fcbari1908,bari,57,False
serieb,2014,fccrotone,crotone,88,True
serieb,2014,fcprovercelli1892,provercelli,79,True
serieb,2014,frosinonecalcio,frosinone,75,True
serieb,2014,modenafc,modena,86,True
serieb,2014,speziacalcio,speziacalcio,100,True
serieb,2014,ssvirtuslanciano1924,virtuslanciano,82,True
serieb,2014,ternanacalcio,ternana,70,True
serieb,2014,trapanicalcio,trapani,70,True
serieb,2014,uslatinacalcio,latinacalcio,92,True
serieb,2014,varese1910,varese,75,True
serieb,2014,vicenzacalcio,vicenza,70,True
serieb,2015,accesena,cesena,86,True
serieb,2015,acdventellachiaveri,virtusentella,50,False
serieb,2015,acperugiacalcio,perugia,64,False
serieb,2015,ascolipicchio,ascolipicchio,100,True
serieb,2015,aslivorno,aslivorno,100,True
serieb,2015,bresciacalcio,brescia,70,True
serieb,2015,cagliaricalcio,cagliari,73,True
serieb,2015,calciocomo,calciocomo,100,True
serieb,2015,delfinopescara1936,pescara,56,False
serieb,2015,fcbari1908,bari,57,False
serieb,2015,fccrotone,crotone,88,True
serieb,2015,fcprovercelli1892,provercelli,79,True
serieb,2015,modenafc,modena,86,True
serieb,2015,novaracalcio1908,novaracalcio,86,True
serieb,2015,speziacalcio,speziacalcio,100,True
serieb,2015,ssvirtuslanciano1924,virtuslanciano,82,True
serieb,2015,ternanacalcio,ternana,70,True
serieb,2015,trapanicalcio,trapani,70,True
serieb,2015,usavellino1912,avellino,73,True
serieb,2015,uslatinacalcio,latinacalcio,92,True
serieb,2015,ussalernitana1919,ussalernitana,87,True
serieb,2015,vicenzacalcio,vicenza,70,True
serieb,2016,accesena,cesena,86,True
serieb,2016,acdventellachiaveri,virtusentella,50,False
serieb,2016,acperugiacalcio,perugia,64,False
serieb,2016,acpisa1909,acpisa1909,100,True
serieb,2016,ascittadella,cittadella,91,True
serieb,2016,ascolipicchio,ascolipicchio,100,True
serieb,2016,beneventocalcio,benevento,75,True
serieb,2016,bresciacalcio,brescia,70,True
serieb,2016,carpifc1909,carpi,62,False
serieb,2016,fcbari1908,bari,57,False
serieb,2016,fcprovercelli1892,provercelli,79,True
serieb,2016,frosinonecalcio,frosinone,75,True
serieb,2016,hellasverona,verona,67,False
serieb,2016,novaracalcio1908,novaracalcio,86,True
serieb,2016,spal2013,spal,67,False
serieb,2016,speziacalcio,speziacalcio,100,True
serieb,2016,ternanacalcio,ternana,70,True
serieb,2016,trapanicalcio,trapani,70,True
serieb,2016,usavellino1912,avellino,73,True
serieb,2016,uslatinacalcio,latinacalcio,92,True
serieb,2016,ussalernitana1919,ussalernitana,87,True
serieb,2016,vicenzacalcio,vicenza,70,True
serieb,2017,accesena,cesena,86,True
serieb,2017,acdventellachiaveri,virtusentella,50,False
serieb,2017,acperugiacalcio,perugia,64,False
serieb,2017,ascittadella,cittadella,91,True
serieb,2017,ascolipicchio,ascolipicchio,100,True
serieb,2017,bresciacalcio2025,brescia,58,False
serieb,2017,carpifc1909,carpi,62,False
serieb,2017,delfinopescara1936,pescara,56,False
serieb,2017,fcbari1908,bari,57,False
serieb,2017,fcempoli,empoli,86,True
serieb,2017,fcprovercelli1892,provercelli,79,True
serieb,2017,foggiacalcio,foggia,67,False
serieb,2017,frosinonecalcio,frosinone,75,True
serieb,2017,novaracalcio1908,novaracalcio,86,True
serieb,2017,parmacalcio1913,parma,50,False
serieb,2017,speziacalcio,speziacalcio,100,True
serieb,2017,ternanaunicusanocalcio,ternanau,53,False
serieb,2017,usavellino1912,avellino,73,True
serieb,2017,uscremonese,cremonese,90,True
serieb,2017,uspalermo,uspalermo,100,True
serieb,2017,ussalernitana1919,ussalernitana,87,True
serieb,2017,veneziafc,venezia,88,True
serieb,2018,acperugiacalcio,perugia,64,False
serieb,2018,ascittadella,cittadella,91,True
serieb,2018,ascolicalcio,ascoli,67,False
serieb,2018,aslivorno,aslivorno,100,True
serieb,2018,beneventocalcio,benevento,75,True
serieb,2018,bresciacalcio2025,brescia,58,False
serieb,2018,calciopadova,padova,67,False
serieb,2018,carpifc1909,carpi,62,False
serieb,2018,cosenzacalcio,cosenza,70,True
serieb,2018,delfinopescara1936,pescara,56,False
serieb,2018,fccrotone,crotone,88,True
serieb,2018,foggiacalcio,foggia,67,False
serieb,2018,hellasverona,verona,67,False
serieb,2018,speziacalcio,speziacalcio,100,True
serieb,2018,uscremonese,cremonese,90,True
serieb,2018,uslecce,lecce,83,True
serieb,2018,uspalermo,uspalermo,100,True
serieb,2018,ussalernitana1919,ussalernitana,87,True
serieb,2018,veneziafc,venezia,88,True
serieb,2019,acdventellachiaveri,virtusentella,50,False
serieb,2019,acperugiacalcio,perugia,64,False
serieb,2019,acpisa1909,acpisa1909,100,True
serieb,2019,ascittadella,cittadella,91,True
serieb,2019,ascolicalcio,ascoli,67,False
serieb,2019,aslivorno,aslivorno,100,True
serieb,2019,beneventocalcio,benevento,75,True
serieb,2019,chievoverona,chievoverona,100,True
serieb,2019,cosenzacalcio,cosenza,70,True
serieb,2019,delfinopescara1936,pescara,56,False
serieb,2019,fccrotone,crotone,88,True
serieb,2019,fcempoli,empoli,86,True
serieb,2019,frosinonecalcio,frosinone,75,True
serieb,2019,pordenonecalcio,pordenone,75,True
serieb,2019,salernitanacalcio1919,salernitana,69,False
serieb,2019,speziacalcio,speziacalcio,100,True
serieb,2019,ssjuvestabia,juvestabia,91,True
serieb,2019,trapanicalcio,trapani,70,True
serieb,2019,uscremonese,cremonese,90,True
serieb,2019,veneziafc,venezia,88,True
serieb,2020,acdventellachiaveri,virtusentella,50,False
serieb,2020,acmonza,monza,83,True
serieb,2020,acpisa1909,acpisa1909,100,True
serieb,2020,acreggiana1919,reggiana,73,True
serieb,2020,ascittadella,cittadella,91,True
serieb,2020,ascolicalcio,ascoli,67,False
serieb,2020,bresciacalcio2025,brescia,58,False
serieb,2020,chievoverona,chievoverona,100,True
serieb,2020,cosenzacalcio,cosenza,70,True
serieb,2020,delfinopescara1936,pescara,56,False
serieb,2020,empolifc,empoli,86,True
serieb,2020,frosinonecalcio,frosinone,75,True
serieb,2020,lrvicenza,lrvicenza,100,True
serieb,2020,pordenonecalcio,pordenone,75,True
serieb,2020,reggina1914,reggina,78,True
serieb,2020,salernitanacalcio1919,salernitana,69,False
serieb,2020,spal,spal,100,True
serieb,2020,uscremonese,cremonese,90,True
serieb,2020,uslecce,lecce,83,True
serieb,2020,veneziafc,venezia,88,True
serieb,2021,acmonza,monza,83,True
serieb,2021,acperugiacalcio,perugia,64,False
serieb,2021,ascittadella,cittadella,91,True
serieb,2021,ascolicalcio,ascoli,67,False
serieb,2021,beneventocalcio,benevento,75,True
serieb,2021,bresciacalcio2025,brescia,58,False
serieb,2021,como1907,como,67,False
serieb,2021,cosenzacalcio,cosenza,70,True
serieb,2021,fccrotone,crotone,88,True
serieb,2021,frosinonecalcio,frosinone,75,True
serieb,2021,lrvicenza,lrvicenza,100,True
serieb,2021,parmacalcio1913,parma,50,False
serieb,2021,pisasportingclub,pisa,40,False
serieb,2021,pordenonecalcio,pordenone,75,True
serieb,2021,reggina1914,reggina,78,True
serieb,2021,spal,spal,100,True
serieb,2021,ternanacalcio,ternana,70,True
serieb,2021,usalessandriacalcio1912,alessandria,65,False
serieb,2021,uscremonese,cremonese,90,True
serieb,2021,uslecce,lecce,83,True
serieb,2022,acperugiacalcio,perugia,64,False
serieb,2022,ascittadella,cittadella,91,True
serieb,2022,ascolicalcio,ascoli,67,False
serieb,2022,beneventocalcio,benevento,75,True
serieb,2022,bresciacalcio2025,brescia,58,False
serieb,2022,cagliaricalcio,cagliari,73,True
serieb,2022,como1907,como,67,False
serieb,2022,cosenzacalcio,cosenza,70,True
serieb,2022,fcsudtirol,sudtirol,89,True
serieb,2022,frosinonecalcio,frosinone,75,True
serieb,2022,genoa,genoa,100,True
serieb,2022,modenafc,modena,86,True
serieb,2022,palermofc,palermo,88,True
serieb,2022,parmacalcio1913,parma,50,False
serieb,2022,pisasportingclub,pisa,40,False
serieb,2022,reggina1914,reggina,78,True
serieb,2022,spal,spal,100,True
serieb,2022,sscbari,bari,73,True
serieb,2022,ternanacalcio,ternana,70,True
serieb,2022,veneziafc,venezia,88,True
serieb,2023,acreggiana1919,reggiana,73,True
serieb,2023,ascittadella,cittadella,91,True
serieb,2023,ascolicalcio,ascoli,67,False
serieb,2023,bresciacalcio2025,brescia,58,False
serieb,2023,calciolecco1912,calciolecco19,93,True
serieb,2023,como1907,como,67,False
serieb,2023,cosenzacalcio,cosenza,70,True
serieb,2023,fccatanzaro,catanzaro,90,True
serieb,2023,fcsudtirol,sudtirol,89,True
serieb,2023,feralpisalo,feralpisalo,100,True
serieb,2023,modenafc,modena,86,True
serieb,2023,palermofc,palermo,88,True
serieb,2023,parmacalcio1913,parma,50,False
serieb,2023,pisasportingclub,pisa,40,False
serieb,2023,speziacalcio,speziacalcio,100,True
serieb,2023,sscbari,bari,73,True
serieb,2023,ternanacalcio,ternana,70,True
serieb,2023,ucsampdoria,sampdoria,90,True
serieb,2023,uscremonese,cremonese,90,True
serieb,2023,veneziafc,venezia,88,True
serieb,2024,acreggiana1919,reggiana,73,True
serieb,2024,ascittadella,cittadella,91,True
serieb,2024,bresciacalcio2025,brescia,58,False
serieb,2024,carraresecalcio1908,carrarese,64,False
serieb,2024,cesenafc,cesena,86,True
serieb,2024,cosenzacalcio,cosenza,70,True
serieb,2024,fccatanzaro,catanzaro,90,True
serieb,2024,fcsudtirol,sudtirol,89,True
serieb,2024,frosinonecalcio,frosinone,75,True
serieb,2024,mantova1911,mantova,78,True
serieb,2024,modenafc,modena,86,True
serieb,2024,palermofc,palermo,88,True
serieb,2024,pisasportingclub,pisa,40,False
serieb,2024,salernitanacalcio1919,salernitana,69,False
serieb,2024,speziacalcio,speziacalcio,100,True
serieb,2024,sscbari,bari,73,True
serieb,2024,ssjuvestabia,juvestabia,91,True
serieb,2024,ucsampdoria,sampdoria,90,True
serieb,2024,uscremonese,cremonese,90,True
serieb,2024,ussassuolo,sassuolo,89,True
superlig,2014,akhisarbelediyespor,akhisarbelediye,88,True
superlig,2014,balikesirspor,balikesirspor,100,True
superlig,2014,basaksehirfk,basaksehir,91,True
superlig,2014,besiktasjk,besiktas,89,True
superlig,2014,bursaspor,bursaspor,100,True
superlig,2014,caykurrizespor,crizespor,78,True
superlig,2014,eskisehirspor,eskisehirspor,100,True
superlig,2014,fenerbahce,fenerbahce,100,True
superlig,2014,galatasaray,galatasaray,100,True
superlig,2014,gaziantepspor,gaziantepspor,100,True
superlig,2014,genclerbirligiankara,genclerbirligi,82,True
superlig,2014,kardemirkarabukspor,karabukspor,73,True
superlig,2014,kasimpasa,kasimpasa,100,True
superlig,2014,kayserierciyesspor,kerciyesspor,80,True
superlig,2014,konyaspor,konyaspor,100,True
superlig,2014,mersinidmanyurdu,mersiniy,67,False
superlig,2014,sivasspor,sivasspor,100,True
superlig,2014,trabzonspor,trabzonspor,100,True
superlig,2015,akhisarbelediyespor,akhisarbelediye,88,True
superlig,2015,antalyaspor,antalyaspor,100,True
superlig,2015,basaksehirfk,basaksehir,91,True
superlig,2015,besiktasjk,besiktas,89,True
superlig,2015,bursaspor,bursaspor,100,True
superlig,2015,caykurrizespor,crizespor,78,True
superlig,2015,eskisehirspor,eskisehirspor,100,True
superlig,2015,fenerbahce,fenerbahce,100,True
superlig,2015,galatasaray,galatasaray,100,True
superlig,2015,gaziantepspor,gaziantepspor,100,True
superlig,2015,genclerbirligiankara,genclerbirligi,82,True
superlig,2015,kasimpasa,kasimpasa,100,True
superlig,2015,kayserispor,kayserispor,100,True
superlig,2015,konyaspor,konyaspor,100,True
superlig,2015,mersinidmanyurdu,mersiniy,67,False
superlig,2015,osmanlisporfk,osmanlisporfk,100,True
superlig,2015,sivasspor,sivasspor,100,True
superlig,2015,trabzonspor,trabzonspor,100,True
superlig,2016,adanaspor,adanaspor,100,True
superlig,2016,akhisarbelediyespor,akhisarbelediye,88,True
superlig,2016,alanyaspor,alanyaspor,100,True
superlig,2016,antalyaspor,antalyaspor,100,True
superlig,2016,basaksehirfk,basaksehir,91,True
superlig,2016,besiktasjk,besiktas,89,True
superlig,2016,bursaspor,bursaspor,100,True
superlig,2016,caykurrizespor,crizespor,78,True
superlig,2016,fenerbahce,fenerbahce,100,True
superlig,2016,galatasaray,galatasaray,100,True
superlig,2016,gaziantepspor,gaziantepspor,100,True
superlig,2016,genclerbirligiankara,genclerbirligi,82,True
superlig,2016,kardemirkarabukspor,karabukspor,73,True
superlig,2016,kasimpasa,kasimpasa,100,True
superlig,2016,kayserispor,kayserispor,100,True
superlig,2016,konyaspor,konyaspor,100,True
superlig,2016,osmanlisporfk,osmanlisporfk,100,True
superlig,2016,trabzonspor,trabzonspor,100,True
superlig,2017,akhisarspor,akhisarspor,100,True
superlig,2017,alanyaspor,alanyaspor,100,True
superlig,2017,antalyaspor,antalyaspor,100,True
superlig,2017,basaksehirfk,basaksehir,91,True
superlig,2017,besiktasjk,besiktas,89,True
superlig,2017,bursaspor,bursaspor,100,True
superlig,2017,fenerbahce,fenerbahce,100,True
superlig,2017,galatasaray,galatasaray,100,True
superlig,2017,genclerbirligiankara,genclerbirligi,82,True
superlig,2017,goztepe,goztepe,100,True
superlig,2017,kardemirkarabukspor,karabukspor,73,True
superlig,2017,kasimpasa,kasimpasa,100,True
superlig,2017,kayserispor,kayserispor,100,True
superlig,2017,konyaspor,konyaspor,100,True
superlig,2017,osmanlisporfk,osmanlisporfk,100,True
superlig,2017,sivasspor,sivasspor,100,True
superlig,2017,trabzonspor,trabzonspor,100,True
superlig,2017,yenimalatyaspor,ymalatyaspor,89,True
superlig,2018,akhisarspor,akhisarspor,100,True
superlig,2018,alanyaspor,alanyaspor,100,True
superlig,2018,antalyaspor,antalyaspor,100,True
superlig,2018,basaksehirfk,basaksehir,91,True
superlig,2018,besiktasjk,besiktas,89,True
superlig,2018,bursaspor,bursaspor,100,True
superlig,2018,buyuksehirbelediyeerzurumspor,bberzurumspor,62,False
superlig,2018,caykurrizespor,crizespor,78,True
superlig,2018,fenerbahce,fenerbahce,100,True
superlig,2018,galatasaray,galatasaray,100,True
superlig,2018,goztepe,goztepe,100,True
superlig,2018,kasimpasa,kasimpasa,100,True
superlig,2018,kayserispor,kayserispor,100,True
superlig,2018,konyaspor,konyaspor,100,True
superlig,2018,mkeankaragucu,ankaragucu,87,True
superlig,2018,sivasspor,sivasspor,100,True
superlig,2018,trabzonspor,trabzonspor,100,True
superlig,2018,yenimalatyaspor,ymalatyaspor,89,True
superlig,2019,alanyaspor,alanyaspor,100,True
superlig,2019,antalyaspor,antalyaspor,100,True
superlig,2019,basaksehirfk,basaksehir,91,True
superlig,2019,besiktasjk,besiktas,89,True
superlig,2019,caykurrizespor,crizespor,78,True
superlig,2019,denizlispor,denizlispor,100,True
superlig,2019,fenerbahce,fenerbahce,100,True
superlig,2019,galatasaray,galatasaray,100,True
superlig,2019,gaziantepfk,gaziantepfk,100,True
superlig,2019,genclerbirligiankara,genclerbirligi,82,True
superlig,2019,goztepe,goztepe,100,True
superlig,2019,kasimpasa,kasimpasa,100,True
superlig,2019,kayserispor,kayserispor,100,True
superlig,2019,konyaspor,konyaspor,100,True
superlig,2019,mkeankaragucu,ankaragucu,87,True
superlig,2019,sivasspor,sivasspor,100,True
superlig,2019,trabzonspor,trabzonspor,100,True
superlig,2019,yenimalatyaspor,ymalatyaspor,89,True
superlig,2020,alanyaspor,alanyaspor,100,True
superlig,2020,antalyaspor,antalyaspor,100,True
superlig,2020,basaksehirfk,basaksehir,91,True
superlig,2020,besiktasjk,besiktas,89,True
superlig,2020,buyuksehirbelediyeerzurumspor,bberzurumspor,62,False
superlig,2020,caykurrizespor,crizespor,78,True
superlig,2020,denizlispor,denizlispor,100,True
superlig,2020,fatihkaragumruk,karagumruk,80,True
superlig,2020,fenerbahce,fenerbahce,100,True
superlig,2020,galatasaray,galatasaray,100,True
superlig,2020,gaziantepfk,gaziantepfk,100,True
superlig,2020,genclerbirligiankara,genclerbirligi,82,True
superlig,2020,goztepe,goztepe,100,True
superlig,2020,hatayspor,hatayspor,100,True
superlig,2020,kasimpasa,kasimpasa,100,True
superlig,2020,kayserispor,kayserispor,100,True
superlig,2020,konyaspor,konyaspor,100,True
superlig,2020,mkeankaragucu,ankaragucu,87,True
superlig,2020,sivasspor,sivasspor,100,True
superlig,2020,trabzonspor,trabzonspor,100,True
superlig,2020,yenimalatyaspor,ymalatyaspor,89,True
superlig,2021,adanademirspor,adanademirspor,100,True
superlig,2021,alanyaspor,alanyaspor,100,True
superlig,2021,altaysk,altaysk,100,True
superlig,2021,antalyaspor,antalyaspor,100,True
superlig,2021,basaksehirfk,basaksehir,91,True
superlig,2021,besiktasjk,besiktas,89,True
superlig,2021,caykurrizespor,crizespor,78,True
superlig,2021,fatihkaragumruk,karagumruk,80,True
superlig,2021,fenerbahce,fenerbahce,100,True
superlig,2021,galatasaray,galatasaray,100,True
superlig,2021,gaziantepfk,gaziantepfk,100,True
superlig,2021,giresunspor,giresunspor,100,True
superlig,2021,goztepe,goztepe,100,True
superlig,2021,hatayspor,hatayspor,100,True
superlig,2021,kasimpasa,kasimpasa,100,True
superlig,2021,kayserispor,kayserispor,100,True
superlig,2021,konyaspor,konyaspor,100,True
superlig,2021,sivasspor,sivasspor,100,True
superlig,2021,trabzonspor,trabzonspor,100,True
superlig,2021,yenimalatyaspor,ymalatyaspor,89,True
superlig,2022,adanademirspor,adanademirspor,100,True
superlig,2022,alanyaspor,alanyaspor,100,True
superlig,2022,antalyaspor,antalyaspor,100,True
superlig,2022,basaksehirfk,basaksehir,91,True
superlig,2022,besiktasjk,besiktas,89,True
superlig,2022,fatihkaragumruk,karagumruk,80,True
superlig,2022,fenerbahce,fenerbahce,100,True
superlig,2022,galatasaray,galatasaray,100,True
superlig,2022,gaziantepfk,gaziantepfk,100,True
superlig,2022,giresunspor,giresunspor,100,True
superlig,2022,hatayspor,hatayspor,100,True
superlig,2022,istanbulspor,istanbulspor,100,True
superlig,2022,kasimpasa,kasimpasa,100,True
superlig,2022,kayserispor,kayserispor,100,True
superlig,2022,konyaspor,konyaspor,100,True
superlig,2022,mkeankaragucu,ankaragucu,87,True
superlig,2022,sivasspor,sivasspor,100,True
superlig,2022,trabzonspor,trabzonspor,100,True
superlig,2022,umraniyespor,umraniyespor,100,True
superlig,2023,adanademirspor,adanademirspor,100,True
superlig,2023,alanyaspor,alanyaspor,100,True
superlig,2023,antalyaspor,antalyaspor,100,True
superlig,2023,basaksehirfk,basaksehir,91,True
superlig,2023,besiktasjk,besiktas,89,True
superlig,2023,caykurrizespor,crizespor,78,True
superlig,2023,fatihkaragumruk,karagumruk,80,True
superlig,2023,fenerbahce,fenerbahce,100,True
superlig,2023,galatasaray,galatasaray,100,True
superlig,2023,gaziantepfk,gaziantepfk,100,True
superlig,2023,hatayspor,hatayspor,100,True
superlig,2023,istanbulspor,istanbulspor,100,True
superlig,2023,kasimpasa,kasimpasa,100,True
superlig,2023,kayserispor,kayserispor,100,True
superlig,2023,konyaspor,konyaspor,100,True
superlig,2023,mkeankaragucu,ankaragucu,87,True
superlig,2023,pendikspor,pendikspor,100,True
superlig,2023,samsunspor,samsunspor,100,True
superlig,2023,sivasspor,sivasspor,100,True
superlig,2023,trabzonspor,trabzonspor,100,True
superlig,2024,adanademirspor,adanademirspor,100,True
superlig,2024,alanyaspor,alanyaspor,100,True
superlig,2024,antalyaspor,antalyaspor,100,True
superlig,2024,basaksehirfk,basaksehir,91,True
superlig,2024,besiktasjk,besiktas,89,True
superlig,2024,bodrumfk,bodrumfk,100,True
superlig,2024,caykurrizespor,crizespor,78,True
superlig,2024,eyupspor,eyupspor,100,True
superlig,2024,fenerbahce,fenerbahce,100,True
superlig,2024,galatasaray,galatasaray,100,True
superlig,2024,gaziantepfk,gaziantepfk,100,True
superlig,2024,goztepe,goztepe,100,True
superlig,2024,hatayspor,hatayspor,100,True
superlig,2024,kasimpasa,kasimpasa,100,True
superlig,2024,kayserispor,kayserispor,100,True
superlig,2024,konyaspor,konyaspor,100,True
superlig,2024,samsunspor,samsunspor,100,True
superlig,2024,sivasspor,sivasspor,100,True
superlig,2024,trabzonspor,trabzonspor,100,True
