league_name,season_year,team_canonical,mean_attendance,max_attendance,average_occupancy
2bundesliga,1990,1fcsaarbrucken,6510.53,15000,0.43
2bundesliga,1990,1fcschweinfurt05,3194.74,14000,0.23
2bundesliga,1990,1fsvmainz05,4884.21,12000,0.41
2bundesliga,1990,blauwei90berlin,2300.00,7600,0.30
2bundesliga,1990,eintrachtbraunschweigtsv,6968.42,15000,0.46
2bundesliga,1990,fc08homburg,2778.95,10000,0.28
2bundesliga,1990,hannover96,7194.74,29400,0.24
2bundesliga,1990,msvduisburg,12931.58,32000,0.40
2bundesliga,1990,preuenmunster,8478.95,22000,0.39
2bundesliga,1990,rotweissessen,6663.16,20000,0.33
2bundesliga,1990,scfortunakoln,1747.37,12000,0.15
2bundesliga,1990,scfreiburg,4678.95,15000,0.31
2bundesliga,1990,schalke04,34884.21,70000,0.50
2bundesliga,1990,stuttgarterkickers,6536.21,33000,0.20
2bundesliga,1990,svdarmstadt98,4800.00,15000,0.32
2bundesliga,1990,svmeppen,6263.16,15000,0.42
2bundesliga,1990,svwaldhofmannheim,6315.79,14500,0.44
2bundesliga,1990,tsvhavelse,3884.21,28000,0.14
2bundesliga,1990,vfboldenburg,7710.53,17500,0.44
2bundesliga,1990,vflosnabruck,6026.32,18000,0.33
2bundesliga,1992,1fsvmainz05,3693.48,5500,0.67
2bundesliga,1992,chemnitzerfc,3564.96,5000,0.71
2bundesliga,1992,eintrachtbraunschweigtsv,7289.83,14799,0.49
2bundesliga,1992,fc08homburg,1997.83,3500,0.57
2bundesliga,1992,fccarlzeissjena,4020.70,6630,0.61
2bundesliga,1992,fchansarostock,3354.35,8000,0.42
2bundesliga,1992,fcremscheid,2704.35,10000,0.27
2bundesliga,1992,fcstpauli,14116.57,20551,0.69
2bundesliga,1992,fortunadusseldorf95,5726.09,14200,0.40
2bundesliga,1992,hannover96,6663.87,17355,0.38
2bundesliga,1992,herthaberlim,6132.09,11466,0.53
2bundesliga,1992,msvduisburg,11947.39,20000,0.60
2bundesliga,1992,scfortunakoln,2908.70,8000,0.36
2bundesliga,1992,scfreiburg,8926.09,15000,0.60
2bundesliga,1992,spvggunterhaching,2569.57,7000,0.37
2bundesliga,1992,stuttgarterkickers,3962.04,8500,0.47
2bundesliga,1992,svdarmstadt98,3323.26,6300,0.53
2bundesliga,1992,svmeppen,5478.26,10000,0.55
2bundesliga,1992,svwaldhofmannheim,6834.78,15200,0.45
2bundesliga,1992,vfbleipzig,5269.35,38000,0.14
2bundesliga,1992,vfboldenburg,5493.48,8500,0.65
2bundesliga,1992,vflosnabruck,5043.48,12000,0.42
2bundesliga,1992,vflwolfsburg,5023.65,8900,0.56
2bundesliga,1992,wuppertalersv,8647.83,14000,0.62
2bundesliga,1993,1fcsaarbrucken,5534.74,11200,0.49
2bundesliga,1993,1fsvmainz05,3468.42,6500,0.53
2bundesliga,1993,bayer05uerdingen,4994.74,10000,0.50
2bundesliga,1993,chemnitzerfc,3139.47,5200,0.60
2bundesliga,1993,fc08homburg,2436.84,11000,0.22
2bundesliga,1993,fccarlzeissjena,4004.95,7700,0.52
2bundesliga,1993,fchansarostock,3810.53,10500,0.36
2bundesliga,1993,fcstpauli,16782.58,20600,0.81
2bundesliga,1993,hannover96,7721.05,19500,0.40
2bundesliga,1993,herthaberlim,7684.21,16000,0.48
2bundesliga,1993,rotweissessen,7275.05,24000,0.30
2bundesliga,1993,scfortunakoln,2642.11,8500,0.31
2bundesliga,1993,stuttgarterkickers,4068.42,10000,0.41
2bundesliga,1993,svmeppen,5652.63,15600,0.36
2bundesliga,1993,svwaldhofmannheim,8415.79,27000,0.31
2bundesliga,1993,tennisborussiaberlin,2032.00,6800,0.30
2bundesliga,1993,tsv1860munique,19552.63,29000,0.67
2bundesliga,1993,vflbochum,17226.32,30000,0.57
2bundesliga,1993,vflwolfsburg,5627.53,13300,0.42
2bundesliga,1993,wuppertalersv,7431.58,15000,0.50
2bundesliga,1994,1fcnuremberg,17094.12,27000,0.63
2bundesliga,1994,1fcsaarbrucken,5005.88,11000,0.46
2bundesliga,1994,1fsvmainz05,3955.47,6783,0.58
2bundesliga,1994,chemnitzerfc,3854.12,10200,0.38
2bundesliga,1994,fc08homburg,2300.00,9000,0.26
2bundesliga,1994,fchansarostock,9594.12,25600,0.37
2bundesliga,1994,fcstpauli,17203.06,21000,0.82
2bundesliga,1994,fortunadusseldorf95,9658.82,19300,0.50
2bundesliga,1994,fsvfrankfurt,2205.88,9000,0.25
2bundesliga,1994,fsvzwickau,6440.06,11600,0.56
2bundesliga,1994,hannover96,9806.59,25780,0.38
2bundesliga,1994,herthaberlim,6998.82,21411,0.33
2bundesliga,1994,scfortunakoln,4005.88,8500,0.47
2bundesliga,1994,sgwattenscheid09,2399.00,4681,0.51
2bundesliga,1994,svmeppen,8352.94,16000,0.52
2bundesliga,1994,svwaldhofmannheim,12441.18,25000,0.50
2bundesliga,1994,vfbleipzig,3517.06,6600,0.53
2bundesliga,1994,vflwolfsburg,6821.12,13264,0.51
2bundesliga,1995,1fcnuremberg,15876.47,22200,0.72
2bundesliga,1995,1fsvmainz05,4273.18,12000,0.36
2bundesliga,1995,arminiabielefeld,13347.06,18200,0.73
2bundesliga,1995,chemnitzerfc,3914.12,8200,0.48
2bundesliga,1995,fccarlzeissjena,4960.35,7644,0.65
2bundesliga,1995,fsvzwickau,5691.94,8500,0.67
2bundesliga,1995,hannover96,9719.65,17890,0.54
2bundesliga,1995,herthaberlim,7172.94,18432,0.39
2bundesliga,1995,msvduisburg,11545.00,22000,0.52
2bundesliga,1995,scfortunakoln,2152.94,5000,0.43
2bundesliga,1995,sgwattenscheid09,2322.24,7938,0.29
2bundesliga,1995,spvggunterhaching,2735.29,8000,0.34
2bundesliga,1995,svmeppen,7617.65,13500,0.56
2bundesliga,1995,svwaldhofmannheim,7476.47,11000,0.68
2bundesliga,1995,vfbleipzig,5614.71,10600,0.53
2bundesliga,1995,vfblubeck,9794.12,17500,0.56
2bundesliga,1995,vflbochum,15573.18,25183,0.62
2bundesliga,1995,vflwolfsburg,4983.06,8700,0.57
2bundesliga,1996,1fckaiserslautern,36707.76,38000,0.97
2bundesliga,1996,1fsvmainz05,7126.29,13551,0.53
2bundesliga,1996,fccarlzeissjena,5569.29,9065,0.61
2bundesliga,1996,fcgutersloh19782000,6070.59,13000,0.47
2bundesliga,1996,fsvzwickau,6393.88,11980,0.53
2bundesliga,1996,herthaberlim,17530.24,75000,0.23
2bundesliga,1996,kfcuerdingen05,5316.47,10000,0.53
2bundesliga,1996,rotweissessen,7454.59,20200,0.37
2bundesliga,1996,scfortunakoln,3182.35,8500,0.37
2bundesliga,1996,sgeintrachtfrankfurt,16235.29,38000,0.43
2bundesliga,1996,spvggunterhaching,3000.00,7900,0.38
2bundesliga,1996,stuttgarterkickers,5026.41,27000,0.19
2bundesliga,1996,svmeppen,8525.88,16000,0.53
2bundesliga,1996,svwaldhofmannheim,7582.35,27000,0.28
2bundesliga,1996,vfbleipzig,5070.59,9300,0.55
2bundesliga,1996,vfblubeck,8773.53,15100,0.58
2bundesliga,1996,vfboldenburg,4969.12,12000,0.41
2bundesliga,1996,vflwolfsburg,6089.76,15300,0.40
2bundesliga,1997,1fcnuremberg,24788.24,46700,0.53
2bundesliga,1997,1fsvmainz05,7960.41,14638,0.54
2bundesliga,1997,fccarlzeissjena,4468.65,7973,0.56
2bundesliga,1997,fcenergiecottbus,8572.29,13719,0.62
2bundesliga,1997,fcgutersloh19782000,8470.59,13000,0.65
2bundesliga,1997,fcstpauli,16192.24,19900,0.81
2bundesliga,1997,fortunadusseldorf95,12123.53,25000,0.48
2bundesliga,1997,fsvzwickau,4171.24,6930,0.60
2bundesliga,1997,kfcuerdingen05,4834.47,10647,0.45
2bundesliga,1997,scfortunakoln,3200.00,8000,0.40
2bundesliga,1997,scfreiburg,18570.59,22500,0.83
2bundesliga,1997,sgeintrachtfrankfurt,23595.59,45000,0.52
2bundesliga,1997,sgwattenscheid09,3171.88,5824,0.54
2bundesliga,1997,spvgggreutherfurth,8358.82,25000,0.33
2bundesliga,1997,spvggunterhaching,2955.88,8000,0.37
2bundesliga,1997,stuttgarterkickers,4019.65,9474,0.42
2bundesliga,1997,svmeppen,5958.82,10300,0.58
2bundesliga,1997,vfbleipzig,5688.24,10400,0.55
2bundesliga,1998,1fccolonia,14488.24,32000,0.45
2bundesliga,1998,1fsvmainz05,7254.71,14730,0.49
2bundesliga,1998,arminiabielefeld,12116.59,22512,0.54
2bundesliga,1998,fcenergiecottbus,7645.82,11746,0.65
2bundesliga,1998,fcgutersloh19782000,7235.29,12500,0.58
2bundesliga,1998,fcstpauli,13421.53,15502,0.87
2bundesliga,1998,fortunadusseldorf95,8888.24,18000,0.49
2bundesliga,1998,hannover96,19228.76,48000,0.40
2bundesliga,1998,karlsruhersc,16082.35,24600,0.65
2bundesliga,1998,kfcuerdingen05,4275.41,10404,0.41
2bundesliga,1998,rotweioberhausen,4462.41,8163,0.55
2bundesliga,1998,scfortunakoln,6770.59,41000,0.17
2bundesliga,1998,sgwattenscheid09,2696.65,4821,0.56
2bundesliga,1998,spvgggreutherfurth,6927.76,9500,0.73
2bundesliga,1998,spvggunterhaching,3711.76,8200,0.45
2bundesliga,1998,ssvulm1846,11205.88,19000,0.59
2bundesliga,1998,stuttgarterkickers,4039.94,8421,0.48
2bundesliga,1998,tennisborussiaberlin,4458.88,10800,0.41
2bundesliga,1999,1fccolonia,28852.94,42500,0.68
2bundesliga,1999,1fcnuremberg,19897.41,43956,0.45
2bundesliga,1999,1fsvmainz05,7514.65,15600,0.48
2bundesliga,1999,alemanniaaachen,17911.06,22500,0.80
2bundesliga,1999,borussiamonchengladbach,22679.41,34000,0.67
2bundesliga,1999,chemnitzerfc,7901.53,12585,0.63
2bundesliga,1999,fcenergiecottbus,10479.35,20400,0.51
2bundesliga,1999,fcstpauli,14298.59,20751,0.69
2bundesliga,1999,hannover96,12629.35,36092,0.35
2bundesliga,1999,karlsruhersc,10591.18,21500,0.49
2bundesliga,1999,kickersoffenbach,15500.00,23500,0.66
2bundesliga,1999,rotweioberhausen,5152.47,17000,0.30
2bundesliga,1999,scfortunakoln,5368.71,34000,0.16
2bundesliga,1999,spvgggreutherfurth,7505.71,21000,0.36
2bundesliga,1999,stuttgarterkickers,4856.18,9185,0.53
2bundesliga,1999,svwaldhofmannheim,8985.29,19000,0.47
2bundesliga,1999,tennisborussiaberlin,3571.35,9621,0.37
2bundesliga,1999,vflbochum,16075.59,33063,0.49
2bundesliga,2000,1fcnuremberg,22417.65,44600,0.50
2bundesliga,2000,1fcsaarbrucken,10800.00,21700,0.50
2bundesliga,2000,1fsvmainz05,6042.35,11834,0.51
2bundesliga,2000,alemanniaaachen,12723.53,22500,0.57
2bundesliga,2000,arminiabielefeld,11513.41,21258,0.54
2bundesliga,2000,borussiamonchengladbach,23457.71,34500,0.68
2bundesliga,2000,chemnitzerfc,4625.94,7020,0.66
2bundesliga,2000,fcstpauli,17545.24,20735,0.85
2bundesliga,2000,hannover96,10881.12,22335,0.49
2bundesliga,2000,lrahlen,7295.76,11000,0.66
2bundesliga,2000,msvduisburg,7881.00,14253,0.55
2bundesliga,2000,rotweioberhausen,5180.82,13200,0.39
2bundesliga,2000,spvgggreutherfurth,8190.76,35100,0.23
2bundesliga,2000,ssvreutlingen05,8006.88,12740,0.63
2bundesliga,2000,ssvulm1846,7294.12,18000,0.41
2bundesliga,2000,stuttgarterkickers,5311.88,8751,0.61
2bundesliga,2000,svwaldhofmannheim,8670.59,23500,0.37
2bundesliga,2000,vflosnabruck,11396.41,20000,0.57
2bundesliga,2001,1fcsaarbrucken,5970.59,18000,0.33
2bundesliga,2001,1fcschweinfurt05,5708.29,11153,0.51
2bundesliga,2001,1fcunionberlim,9361.41,14532,0.64
2bundesliga,2001,1fsvmainz05,9866.88,15500,0.64
2bundesliga,2001,alemanniaaachen,11654.47,16800,0.69
2bundesliga,2001,arminiabielefeld,13311.82,26601,0.50
2bundesliga,2001,hannover96,20633.76,41519,0.50
2bundesliga,2001,karlsruhersc,11800.00,16000,0.74
2bundesliga,2001,lrahlen,5968.12,8818,0.68
2bundesliga,2001,msvduisburg,7817.88,12004,0.65
2bundesliga,2001,rotweioberhausen,4761.82,8417,0.57
2bundesliga,2001,sgeintrachtfrankfurt,14151.47,21500,0.66
2bundesliga,2001,spvgggreutherfurth,7117.29,11500,0.62
2bundesliga,2001,spvggunterhaching,4947.06,9000,0.55
2bundesliga,2001,ssvreutlingen05,6280.47,10137,0.62
2bundesliga,2001,svbabelsberg03,4538.94,14700,0.31
2bundesliga,2001,svwaldhofmannheim,6327.65,17000,0.37
2bundesliga,2001,vflbochum,12554.82,17523,0.72
2bundesliga,2002,1fccolonia,26400.00,30500,0.87
2bundesliga,2002,1fcunionberlim,8397.06,15011,0.56
2bundesliga,2002,1fsvmainz05,12936.00,18700,0.69
2bundesliga,2002,alemanniaaachen,11676.00,20800,0.56
2bundesliga,2002,eintrachtbraunschweigtsv,14593.35,23500,0.62
2bundesliga,2002,fcstpauli,19101.94,20629,0.93
2bundesliga,2002,karlsruhersc,11447.06,24500,0.47
2bundesliga,2002,lrahlen,5939.88,11000,0.54
2bundesliga,2002,msvduisburg,7536.18,16348,0.46
2bundesliga,2002,rotweioberhausen,5808.71,19135,0.30
2bundesliga,2002,scfreiburg,21029.41,24000,0.88
2bundesliga,2002,sgeintrachtfrankfurt,16582.35,25000,0.66
2bundesliga,2002,spvgggreutherfurth,6792.59,15031,0.45
2bundesliga,2002,ssvreutlingen05,6595.00,9766,0.68
2bundesliga,2002,sveintrachttrier05,7363.53,13500,0.55
2bundesliga,2002,svwackerburghausen,4650.00,8700,0.53
2bundesliga,2002,svwaldhofmannheim,5506.47,10150,0.54
2bundesliga,2002,vfblubeck,8233.47,17869,0.46
2bundesliga,2003,1fcnuremberg,16359.24,38200,0.43
2bundesliga,2003,1fcunionberlim,7657.71,14191,0.54
2bundesliga,2003,1fsvmainz05,14808.82,18700,0.79
2bundesliga,2003,alemanniaaachen,14024.24,21500,0.65
2bundesliga,2003,arminiabielefeld,13646.88,26601,0.51
2bundesliga,2003,fcenergiecottbus,12203.53,15700,0.78
2bundesliga,2003,fcerzgebirgeaue,11141.00,16500,0.68
2bundesliga,2003,jahnregensburg,7924.65,11200,0.71
2bundesliga,2003,karlsruhersc,12452.94,32000,0.39
2bundesliga,2003,lrahlen,5288.59,9987,0.53
2bundesliga,2003,msvduisburg,9466.12,12400,0.76
2bundesliga,2003,rotweioberhausen,6141.12,14100,0.44
2bundesliga,2003,spvgggreutherfurth,7660.53,14500,0.53
2bundesliga,2003,spvggunterhaching,4564.71,8000,0.57
2bundesliga,2003,sveintrachttrier05,6159.47,9600,0.64
2bundesliga,2003,svwackerburghausen,4644.12,8100,0.57
2bundesliga,2003,vfblubeck,7532.35,13800,0.55
2bundesliga,2003,vflosnabruck,10720.59,16250,0.66
2bundesliga,2004,1fccolonia,38834.94,50997,0.76
2bundesliga,2004,1fcsaarbrucken,9764.71,21500,0.45
2bundesliga,2004,alemanniaaachen,19080.12,21402,0.89
2bundesliga,2004,fcenergiecottbus,10159.71,18200,0.56
2bundesliga,2004,fcerzgebirgeaue,12817.94,16500,0.78
2bundesliga,2004,karlsruhersc,13582.35,21700,0.63
2bundesliga,2004,lrahlen,5221.59,10680,0.49
2bundesliga,2004,msvduisburg,16817.88,30700,0.55
2bundesliga,2004,rotweierfurt,11868.29,19500,0.61
2bundesliga,2004,rotweioberhausen,5593.65,14605,0.38
2bundesliga,2004,rotweissessen,14175.94,20650,0.69
2bundesliga,2004,sgdynamodresden,16362.94,23940,0.68
2bundesliga,2004,sgeintrachtfrankfurt,23866.00,42772,0.56
2bundesliga,2004,spvgggreutherfurth,8953.24,15500,0.58
2bundesliga,2004,spvggunterhaching,4691.35,15053,0.31
2bundesliga,2004,sveintrachttrier05,6738.82,10256,0.66
2bundesliga,2004,svwackerburghausen,5523.18,9900,0.56
2bundesliga,2004,tsv1860munique,20139.76,40200,0.50
2bundesliga,2005,1fcsaarbrucken,8111.76,17500,0.46
2bundesliga,2005,alemanniaaachen,19089.94,21632,0.88
2bundesliga,2005,eintrachtbraunschweigtsv,18167.06,22100,0.82
2bundesliga,2005,fcenergiecottbus,11103.82,22450,0.49
2bundesliga,2005,fcerzgebirgeaue,11535.29,17000,0.68
2bundesliga,2005,fchansarostock,15058.82,26000,0.58
2bundesliga,2005,karlsruhersc,17037.12,32331,0.53
2bundesliga,2005,kickersoffenbach,10246.00,16739,0.61
2bundesliga,2005,lrahlen,4592.12,8698,0.53
2bundesliga,2005,scfreiburg,13876.47,20000,0.69
2bundesliga,2005,scpaderborn07,6565.71,9322,0.70
2bundesliga,2005,sgdynamodresden,15614.18,22389,0.70
2bundesliga,2005,sportfreundesiegen,9183.35,17745,0.52
2bundesliga,2005,spvgggreutherfurth,7088.24,10900,0.65
2bundesliga,2005,spvggunterhaching,4670.59,13000,0.36
2bundesliga,2005,svwackerburghausen,4764.35,8714,0.55
2bundesliga,2005,tsv1860munique,41673.06,66000,0.63
2bundesliga,2005,vflbochum,18324.82,25374,0.72
2bundesliga,2006,1fccolonia,41870.59,49500,0.85
2bundesliga,2006,1fckaiserslautern,31690.53,48000,0.66
2bundesliga,2006,eintrachtbraunschweigtsv,15735.29,21500,0.73
2bundesliga,2006,fcaugsburg,16520.76,28000,0.59
2bundesliga,2006,fccarlzeissjena,8615.82,12500,0.69
2bundesliga,2006,fcerzgebirgeaue,11479.41,16000,0.72
2bundesliga,2006,fchansarostock,19494.12,29000,0.67
2bundesliga,2006,karlsruhersc,24846.47,32306,0.77
2bundesliga,2006,kickersoffenbach,11026.12,18100,0.61
2bundesliga,2006,msvduisburg,18028.35,31500,0.57
2bundesliga,2006,rotweissessen,13435.88,17052,0.79
2bundesliga,2006,scfreiburg,16323.53,24000,0.68
2bundesliga,2006,scpaderborn07,6138.00,10165,0.60
2bundesliga,2006,spvgggreutherfurth,7914.71,14000,0.57
2bundesliga,2006,spvggunterhaching,5152.94,15000,0.34
2bundesliga,2006,svwackerburghausen,5795.29,11000,0.53
2bundesliga,2006,tsv1860munique,36229.41,69000,0.53
2bundesliga,2006,tuskoblenz,10479.82,15000,0.70
2bundesliga,2007,1fccolonia,43990.65,50374,0.87
2bundesliga,2007,1fckaiserslautern,28049.65,48500,0.58
2bundesliga,2007,1fsvmainz05,19947.06,20300,0.98
2bundesliga,2007,alemanniaaachen,19556.24,21200,0.92
2bundesliga,2007,borussiamonchengladbach,40334.94,54067,0.75
2bundesliga,2007,fcaugsburg,17204.88,28000,0.61
2bundesliga,2007,fccarlzeissjena,9197.35,13486,0.68
2bundesliga,2007,fcerzgebirgeaue,10544.12,13600,0.78
2bundesliga,2007,fcstpauli,18512.18,22717,0.81
2bundesliga,2007,kickersoffenbach,11566.41,19051,0.61
2bundesliga,2007,scfreiburg,16082.35,24000,0.67
2bundesliga,2007,scpaderborn07,6353.06,12000,0.53
2bundesliga,2007,spvgggreutherfurth,8764.71,13000,0.67
2bundesliga,2007,svwehenwiesbaden,8977.29,12566,0.71
2bundesliga,2007,tsg1899hoffenheim,6028.06,6950,0.87
2bundesliga,2007,tsv1860munique,35023.53,60000,0.58
2bundesliga,2007,tuskoblenz,11254.94,15000,0.75
2bundesliga,2007,vflosnabruck,14414.71,17100,0.84
2bundesliga,2008,1fckaiserslautern,34412.24,46360,0.74
2bundesliga,2008,1fcnuremberg,33083.59,46780,0.71
2bundesliga,2008,1fsvmainz05,19605.88,20300,0.97
2bundesliga,2008,alemanniaaachen,19471.18,21200,0.92
2bundesliga,2008,fcaugsburg,15574.12,28000,0.56
2bundesliga,2008,fchansarostock,14782.35,27000,0.55
2bundesliga,2008,fcingolstadt04,5634.24,11418,0.49
2bundesliga,2008,fcstpauli,22342.47,23201,0.96
2bundesliga,2008,fsvfrankfurt,7225.41,16112,0.45
2bundesliga,2008,msvduisburg,14760.35,21069,0.70
2bundesliga,2008,rotweioberhausen,6953.00,16000,0.43
2bundesliga,2008,rotweissahlen,4836.53,7583,0.64
2bundesliga,2008,scfreiburg,16429.41,24000,0.68
2bundesliga,2008,spvgggreutherfurth,8445.29,15700,0.54
2bundesliga,2008,svwehenwiesbaden,7812.53,11721,0.67
2bundesliga,2008,tsv1860munique,28135.29,57200,0.49
2bundesliga,2008,tuskoblenz,9628.00,15000,0.64
2bundesliga,2008,vflosnabruck,14254.47,16250,0.88
2bundesliga,2009,1fckaiserslautern,35398.35,50300,0.70
2bundesliga,2009,1fcunionberlim,14173.88,19000,0.75
2bundesliga,2009,alemanniaaachen,22251.41,32900,0.68
2bundesliga,2009,arminiabielefeld,14782.35,23800,0.62
2bundesliga,2009,fcaugsburg,18328.53,30660,0.60
2bundesliga,2009,fcenergiecottbus,10766.06,15140,0.71
2bundesliga,2009,fchansarostock,14041.18,25000,0.56
2bundesliga,2009,fcstpauli,20890.12,23254,0.90
2bundesliga,2009,fortunadusseldorf95,28007.18,48250,0.58
2bundesliga,2009,fsvfrankfurt,5077.71,9664,0.53
2bundesliga,2009,karlsruhersc,17961.59,28400,0.63
2bundesliga,2009,msvduisburg,14069.71,27371,0.51
2bundesliga,2009,rotweioberhausen,6820.47,14948,0.46
2bundesliga,2009,rotweissahlen,4304.88,6612,0.65
2bundesliga,2009,scpaderborn07,8360.00,15000,0.56
2bundesliga,2009,spvgggreutherfurth,6591.76,15000,0.44
2bundesliga,2009,tsv1860munique,21973.53,37100,0.59
2bundesliga,2009,tuskoblenz,7818.00,15000,0.52
2bundesliga,2010,1fcunionberlim,14183.76,18432,0.77
2bundesliga,2010,alemanniaaachen,18095.53,20071,0.90
2bundesliga,2010,arminiabielefeld,13584.94,24123,0.56
2bundesliga,2010,fcaugsburg,20480.82,30660,0.67
2bundesliga,2010,fcenergiecottbus,11407.41,21350,0.53
2bundesliga,2010,fcerzgebirgeaue,10255.06,15000,0.68
2bundesliga,2010,fcingolstadt04,8078.41,15729,0.51
2bundesliga,2010,fortunadusseldorf95,21287.24,31400,0.68
2bundesliga,2010,fsvfrankfurt,4121.06,7467,0.55
2bundesliga,2010,herthaberlim,46130.65,77116,0.60
2bundesliga,2010,karlsruhersc,14717.82,26822,0.55
2bundesliga,2010,msvduisburg,14163.59,21777,0.65
2bundesliga,2010,rotweioberhausen,5946.88,12161,0.49
2bundesliga,2010,scpaderborn07,8004.53,12710,0.63
2bundesliga,2010,spvgggreutherfurth,7775.29,14530,0.54
2bundesliga,2010,tsv1860munique,19541.18,29200,0.67
2bundesliga,2010,vflbochum,15030.24,27448,0.55
2bundesliga,2010,vflosnabruck,13319.41,16200,0.82
2bundesliga,2011,1fcunionberlim,16159.71,18432,0.88
2bundesliga,2011,alemanniaaachen,18533.06,31180,0.59
2bundesliga,2011,eintrachtbraunschweigtsv,21320.71,23510,0.91
2bundesliga,2011,fcenergiecottbus,11201.00,20049,0.56
2bundesliga,2011,fcerzgebirgeaue,9384.12,15000,0.63
2bundesliga,2011,fchansarostock,14929.41,24300,0.61
2bundesliga,2011,fcingolstadt04,7478.29,13850,0.54
2bundesliga,2011,fcstpauli,23220.29,24487,0.95
2bundesliga,2011,fortunadusseldorf95,32035.53,51000,0.63
2bundesliga,2011,fsvfrankfurt,7891.29,50250,0.16
2bundesliga,2011,karlsruhersc,15342.65,26780,0.57
2bundesliga,2011,msvduisburg,13461.12,23117,0.58
2bundesliga,2011,scpaderborn07,10201.00,15001,0.68
2bundesliga,2011,sgdynamodresden,26111.41,29323,0.89
2bundesliga,2011,sgeintrachtfrankfurt,37335.29,50800,0.73
2bundesliga,2011,spvgggreutherfurth,10910.29,15500,0.70
2bundesliga,2011,tsv1860munique,22627.06,35000,0.65
2bundesliga,2011,vflbochum,13801.88,22913,0.60
2bundesliga,2012,1fccolonia,40773.88,49500,0.82
2bundesliga,2012,1fckaiserslautern,31720.35,49780,0.64
2bundesliga,2012,1fcunionberlim,17102.24,21410,0.80
2bundesliga,2012,eintrachtbraunschweigtsv,20571.18,22630,0.91
2bundesliga,2012,fcenergiecottbus,10405.59,20500,0.51
2bundesliga,2012,fcerzgebirgeaue,8685.29,14150,0.61
2bundesliga,2012,fcingolstadt04,7334.65,14319,0.51
2bundesliga,2012,fcstpauli,24201.24,29063,0.83
2bundesliga,2012,fsvfrankfurt,5354.12,10470,0.51
2bundesliga,2012,herthaberlim,40020.76,74244,0.54
2bundesliga,2012,jahnregensburg,7434.12,12500,0.59
2bundesliga,2012,msvduisburg,12875.53,27000,0.48
2bundesliga,2012,scpaderborn07,8821.47,15000,0.59
2bundesliga,2012,sgdynamodresden,24961.29,29703,0.84
2bundesliga,2012,svsandhausen,5155.88,12100,0.43
2bundesliga,2012,tsv1860munique,23323.53,45300,0.51
2bundesliga,2012,vflbochum,14515.71,28400,0.51
2bundesliga,2012,vfraalen,7703.35,12038,0.64
2bundesliga,2013,1fccolonia,46283.41,50000,0.93
2bundesliga,2013,1fckaiserslautern,29702.88,45293,0.66
2bundesliga,2013,1fcunionberlim,19889.00,21717,0.92
2bundesliga,2013,arminiabielefeld,16921.65,26500,0.64
2bundesliga,2013,fcenergiecottbus,9686.24,18500,0.52
2bundesliga,2013,fcerzgebirgeaue,9447.06,15000,0.63
2bundesliga,2013,fcingolstadt04,6785.47,13734,0.49
2bundesliga,2013,fcstpauli,28369.35,29063,0.98
2bundesliga,2013,fortunadusseldorf95,33984.24,52500,0.65
2bundesliga,2013,fsvfrankfurt,6287.53,12542,0.50
2bundesliga,2013,karlsruhersc,16218.76,27600,0.59
2bundesliga,2013,scpaderborn07,10996.41,15000,0.73
2bundesliga,2013,sgdynamodresden,26943.24,30084,0.90
2bundesliga,2013,spvgggreutherfurth,11926.47,16165,0.74
2bundesliga,2013,svsandhausen,5569.71,10600,0.53
2bundesliga,2013,tsv1860munique,19311.76,33600,0.57
2bundesliga,2013,vflbochum,16167.82,27555,0.59
2bundesliga,2013,vfraalen,7387.35,10500,0.70
2bundesliga,2014,1fcheidenheim1846,12600.00,15000,0.84
2bundesliga,2014,1fckaiserslautern,32996.47,49780,0.66
2bundesliga,2014,1fcnuremberg,30784.41,47501,0.65
2bundesliga,2014,1fcunionberlim,19129.06,21717,0.88
2bundesliga,2014,eintrachtbraunschweigtsv,21710.29,23325,0.93
2bundesliga,2014,fcerzgebirgeaue,9111.76,15300,0.60
2bundesliga,2014,fcingolstadt04,9968.76,15000,0.66
2bundesliga,2014,fcstpauli,24614.65,29063,0.85
2bundesliga,2014,fortunadusseldorf95,30013.00,41667,0.72
2bundesliga,2014,fsvfrankfurt,6630.59,12542,0.53
2bundesliga,2014,karlsruhersc,17381.00,27771,0.63
2bundesliga,2014,rbleipzig,25025.71,38660,0.65
2bundesliga,2014,spvgggreutherfurth,11777.06,17500,0.67
2bundesliga,2014,svdarmstadt98,14155.88,16500,0.86
2bundesliga,2014,svsandhausen,5902.82,12126,0.49
2bundesliga,2014,tsv1860munique,21917.65,68500,0.32
2bundesliga,2014,vflbochum,16886.82,25092,0.67
2bundesliga,2014,vfraalen,7544.94,14500,0.52
2bundesliga,2015,1fcheidenheim1846,12819.82,14800,0.87
2bundesliga,2015,1fckaiserslautern,25872.24,33036,0.78
2bundesliga,2015,1fcnuremberg,30723.65,50000,0.61
2bundesliga,2015,1fcunionberlim,19754.06,22012,0.90
2bundesliga,2015,arminiabielefeld,17534.41,25064,0.70
2bundesliga,2015,eintrachtbraunschweigtsv,21184.41,23050,0.92
2bundesliga,2015,fcstpauli,29355.47,29563,0.99
2bundesliga,2015,fortunadusseldorf95,25896.88,34688,0.75
2bundesliga,2015,fsvfrankfurt,6550.88,12500,0.52
2bundesliga,2015,karlsruhersc,16018.88,25297,0.63
2bundesliga,2015,msvduisburg,17688.06,28500,0.62
2bundesliga,2015,rbleipzig,29440.88,42559,0.69
2bundesliga,2015,scfreiburg,23317.65,24000,0.97
2bundesliga,2015,scpaderborn07,10969.18,15000,0.73
2bundesliga,2015,spvgggreutherfurth,10267.94,17200,0.60
2bundesliga,2015,svsandhausen,6229.18,10515,0.59
2bundesliga,2015,tsv1860munique,23358.82,54100,0.43
2bundesliga,2015,vflbochum,18003.12,27561,0.65
2bundesliga,2016,1fcheidenheim1846,12458.82,15000,0.83
2bundesliga,2016,1fckaiserslautern,26368.35,45761,0.58
2bundesliga,2016,1fcnuremberg,28834.35,44098,0.65
2bundesliga,2016,1fcunionberlim,20859.29,22012,0.95
2bundesliga,2016,arminiabielefeld,17506.06,25138,0.70
2bundesliga,2016,eintrachtbraunschweigtsv,21430.12,23325,0.92
2bundesliga,2016,fcerzgebirgeaue,8588.24,10000,0.86
2bundesliga,2016,fcstpauli,29401.29,29546,1.00
2bundesliga,2016,fortunadusseldorf95,25977.53,37320,0.70
2bundesliga,2016,hannover96,36705.65,49000,0.75
2bundesliga,2016,karlsruhersc,13855.12,27930,0.50
2bundesliga,2016,sgdynamodresden,28515.06,30530,0.93
2bundesliga,2016,spvgggreutherfurth,9524.88,13205,0.72
2bundesliga,2016,svsandhausen,6731.41,13083,0.51
2bundesliga,2016,tsv1860munique,25900.00,47100,0.55
2bundesliga,2016,vfbstuttgart,50717.47,60449,0.84
2bundesliga,2016,vflbochum,16932.82,27600,0.61
2bundesliga,2016,wurzburgerkickers,11144.59,13080,0.85
2bundesliga,2017,1fcheidenheim1846,11485.29,14850,0.77
2bundesliga,2017,1fckaiserslautern,22620.76,32243,0.70
2bundesliga,2017,1fcnuremberg,30558.29,50000,0.61
2bundesliga,2017,1fcunionberlim,21266.59,22012,0.97
2bundesliga,2017,arminiabielefeld,18001.94,23070,0.78
2bundesliga,2017,eintrachtbraunschweigtsv,20544.71,22700,0.91
2bundesliga,2017,fcerzgebirgeaue,9128.24,16080,0.57
2bundesliga,2017,fcingolstadt04,10239.06,15200,0.67
2bundesliga,2017,fcstpauli,29393.65,29546,0.99
2bundesliga,2017,fortunadusseldorf95,28963.88,54600,0.53
2bundesliga,2017,holsteinkiel,10502.18,11935,0.88
2bundesliga,2017,jahnregensburg,11080.65,15224,0.73
2bundesliga,2017,msvduisburg,16633.41,28000,0.59
2bundesliga,2017,sgdynamodresden,28016.82,30953,0.91
2bundesliga,2017,spvgggreutherfurth,9478.24,13550,0.70
2bundesliga,2017,svdarmstadt98,15964.47,17400,0.92
2bundesliga,2017,svsandhausen,6488.24,12537,0.52
2bundesliga,2017,vflbochum,16737.94,27599,0.61
2bundesliga,2018,1fccolonia,49547.06,50000,0.99
2bundesliga,2018,1fcheidenheim1846,11382.35,15000,0.76
2bundesliga,2018,1fcunionberlim,21230.94,22012,0.96
2bundesliga,2018,arminiabielefeld,19127.35,26515,0.72
2bundesliga,2018,fcerzgebirgeaue,10232.29,16080,0.64
2bundesliga,2018,fcingolstadt04,9028.18,13500,0.67
2bundesliga,2018,fcstpauli,29522.12,29546,1.00
2bundesliga,2018,hamburgersv,48889.12,57000,0.86
2bundesliga,2018,holsteinkiel,9963.24,13274,0.75
2bundesliga,2018,jahnregensburg,11769.41,15210,0.77
2bundesliga,2018,magdeburgo,20224.82,24156,0.84
2bundesliga,2018,msvduisburg,15366.29,26500,0.58
2bundesliga,2018,scpaderborn07,11507.88,15000,0.77
2bundesliga,2018,sgdynamodresden,28434.06,30803,0.92
2bundesliga,2018,spvgggreutherfurth,9976.76,14965,0.67
2bundesliga,2018,svdarmstadt98,13368.65,17400,0.77
2bundesliga,2018,svsandhausen,6938.71,14508,0.48
2bundesliga,2018,vflbochum,17749.76,26600,0.67
2bundesliga,2022,1fcheidenheim1846,11106.35,15000,0.74
2bundesliga,2022,1fckaiserslautern,40489.18,49327,0.82
2bundesliga,2022,1fcnuremberg,30341.00,41204,0.74
2bundesliga,2022,arminiabielefeld,21738.18,26875,0.81
2bundesliga,2022,eintrachtbraunschweigtsv,19308.12,23325,0.83
2bundesliga,2022,fchansarostock,24670.59,26500,0.93
2bundesliga,2022,fcstpauli,29357.18,29546,0.99
2bundesliga,2022,fortunadusseldorf95,29582.53,52200,0.57
2bundesliga,2022,hamburgersv,53469.53,57000,0.94
2bundesliga,2022,hannover96,30952.94,49000,0.63
2bundesliga,2022,holsteinkiel,12312.47,15034,0.82
2bundesliga,2022,jahnregensburg,10755.53,15210,0.71
2bundesliga,2022,karlsruhersc,18839.53,23885,0.79
2bundesliga,2022,magdeburgo,22602.47,27050,0.84
2bundesliga,2022,scpaderborn07,12203.41,15000,0.81
2bundesliga,2022,spvgggreutherfurth,11233.41,16626,0.68
2bundesliga,2022,svdarmstadt98,15685.24,17650,0.89
2bundesliga,2022,svsandhausen,6100.29,12320,0.50
2bundesliga,2023,1fckaiserslautern,43940.53,49327,0.89
2bundesliga,2023,1fcnuremberg,34416.41,50000,0.69
2bundesliga,2023,eintrachtbraunschweigtsv,20691.71,22636,0.91
2bundesliga,2023,fchansarostock,25973.53,27500,0.94
2bundesliga,2023,fcstpauli,29423.82,29546,1.00
2bundesliga,2023,fortunadusseldorf95,39672.24,52000,0.76
2bundesliga,2023,hamburgersv,55959.53,57000,0.98
2bundesliga,2023,hannover96,38288.24,49500,0.77
2bundesliga,2023,herthaberlim,50897.94,69156,0.74
2bundesliga,2023,holsteinkiel,13868.24,15034,0.92
2bundesliga,2023,karlsruhersc,27095.06,34302,0.79
2bundesliga,2023,magdeburgo,25059.65,28350,0.88
2bundesliga,2023,schalke04,61538.18,62278,0.99
2bundesliga,2023,scpaderborn07,13231.94,15000,0.88
2bundesliga,2023,spvgggreutherfurth,12491.06,16126,0.77
2bundesliga,2023,sv07elversberg,8912.76,11150,0.80
2bundesliga,2023,svwehenwiesbaden,9450.65,12100,0.78
2bundesliga,2023,vflosnabruck,15512.29,15741,0.99
2bundesliga,2024,1fccolonia,49929.41,50000,1.00
2bundesliga,2024,1fckaiserslautern,46347.88,49327,0.94
2bundesliga,2024,1fcnuremberg,37408.41,50000,0.75
2bundesliga,2024,eintrachtbraunschweigtsv,21080.12,23605,0.89
2bundesliga,2024,fortunadusseldorf95,41488.29,52000,0.80
2bundesliga,2024,hamburgersv,56324.06,57000,0.99
2bundesliga,2024,hannover96,38300.00,49000,0.78
2bundesliga,2024,herthaberlim,53190.53,71500,0.74
2bundesliga,2024,jahnregensburg,12627.88,15210,0.83
2bundesliga,2024,karlsruhersc,29491.53,32190,0.92
2bundesliga,2024,magdeburgo,25299.53,27863,0.91
2bundesliga,2024,preuenmunster,12253.59,12422,0.99
2bundesliga,2024,schalke04,61638.94,62094,0.99
2bundesliga,2024,scpaderborn07,14123.88,15000,0.94
2bundesliga,2024,spvgggreutherfurth,13070.88,16126,0.81
2bundesliga,2024,ssvulm1846,15795.82,17600,0.90
2bundesliga,2024,sv07elversberg,9489.41,10786,0.88
2bundesliga,2024,svdarmstadt98,17445.41,17810,0.98
bundesliga,1990,1fccolonia,21197.88,54364,0.39
bundesliga,1990,1fckaiserslautern,32132.53,38500,0.83
bundesliga,1990,1fcnuremberg,23336.59,51750,0.45
bundesliga,1990,bayer04leverkusen,13617.65,25800,0.53
bundesliga,1990,bayer05uerdingen,10547.06,23000,0.46
bundesliga,1990,borussiadortmund,35866.00,53000,0.68
bundesliga,1990,borussiamonchengladbach,19290.59,34000,0.57
bundesliga,1990,fcbayernmunique,35832.53,73153,0.49
bundesliga,1990,fcstpauli,18628.29,38200,0.49
bundesliga,1990,fortunadusseldorf95,16588.24,48000,0.35
bundesliga,1990,hamburgersv,23994.12,61000,0.39
bundesliga,1990,herthaberlim,15148.65,38752,0.39
bundesliga,1990,karlsruhersc,18294.12,33000,0.55
bundesliga,1990,sgeintrachtfrankfurt,24647.06,61000,0.40
bundesliga,1990,sgwattenscheid09,13612.06,43200,0.32
bundesliga,1990,vfbstuttgart,28882.35,68000,0.42
bundesliga,1990,vflbochum,18786.24,40051,0.47
bundesliga,1990,werderbremen,20419.65,32875,0.62
bundesliga,1991,1fccolonia,23157.89,47000,0.49
bundesliga,1991,1fckaiserslautern,33702.32,38500,0.88
bundesliga,1991,1fcnuremberg,38052.63,52500,0.72
bundesliga,1991,bayer04leverkusen,15178.95,26000,0.58
bundesliga,1991,borussiadortmund,44241.58,52616,0.84
bundesliga,1991,borussiamonchengladbach,21205.00,34000,0.62
bundesliga,1991,fcbayernmunique,32526.32,65000,0.50
bundesliga,1991,fchansarostock,13563.37,25000,0.54
bundesliga,1991,fortunadusseldorf95,14131.58,40000,0.35
bundesliga,1991,hamburgersv,22553.79,52400,0.43
bundesliga,1991,karlsruhersc,17184.21,28000,0.61
bundesliga,1991,msvduisburg,21286.32,30175,0.71
bundesliga,1991,schalke04,47445.26,70200,0.68
bundesliga,1991,sgdynamodresden,16642.11,30000,0.55
bundesliga,1991,sgeintrachtfrankfurt,29815.79,60500,0.49
bundesliga,1991,sgwattenscheid09,12757.89,40000,0.32
bundesliga,1991,stuttgarterkickers,12659.00,36500,0.35
bundesliga,1991,vfbstuttgart,33605.26,68000,0.49
bundesliga,1991,vflbochum,18653.26,41000,0.45
bundesliga,1991,werderbremen,17365.74,33000,0.53
bundesliga,1992,1fccolonia,29823.53,55000,0.54
bundesliga,1992,1fckaiserslautern,33402.88,38000,0.88
bundesliga,1992,1fcnuremberg,33221.00,50114,0.66
bundesliga,1992,1fcsaarbrucken,23148.94,36000,0.64
bundesliga,1992,bayer04leverkusen,17008.82,26900,0.63
bundesliga,1992,bayer05uerdingen,11564.71,26000,0.44
bundesliga,1992,borussiadortmund,40148.59,43000,0.93
bundesliga,1992,borussiamonchengladbach,23634.65,34500,0.69
bundesliga,1992,fcbayernmunique,46058.82,64000,0.72
bundesliga,1992,hamburgersv,23803.53,60500,0.39
bundesliga,1992,karlsruhersc,20666.47,35000,0.59
bundesliga,1992,schalke04,41723.53,70200,0.59
bundesliga,1992,sgdynamodresden,15655.88,29000,0.54
bundesliga,1992,sgeintrachtfrankfurt,25382.35,59000,0.43
bundesliga,1992,sgwattenscheid09,10841.18,28000,0.39
bundesliga,1992,vfbstuttgart,27841.18,55000,0.51
bundesliga,1992,vflbochum,23377.00,41021,0.57
bundesliga,1992,werderbremen,22389.47,40818,0.55
bundesliga,1993,1fccolonia,31064.71,54100,0.57
bundesliga,1993,1fckaiserslautern,34373.76,40500,0.85
bundesliga,1993,1fcnuremberg,36123.53,50200,0.72
bundesliga,1993,bayer04leverkusen,19111.76,27400,0.70
bundesliga,1993,borussiadortmund,42089.88,42800,0.98
bundesliga,1993,borussiamonchengladbach,27047.06,34500,0.78
bundesliga,1993,fcbayernmunique,47705.88,63000,0.76
bundesliga,1993,hamburgersv,31346.88,60000,0.52
bundesliga,1993,karlsruhersc,22011.76,35000,0.63
bundesliga,1993,msvduisburg,23146.00,31500,0.73
bundesliga,1993,scfreiburg,15000.00,15000,1.00
bundesliga,1993,schalke04,35533.53,65000,0.55
bundesliga,1993,sgdynamodresden,15977.65,25900,0.62
bundesliga,1993,sgeintrachtfrankfurt,31656.47,60360,0.52
bundesliga,1993,sgwattenscheid09,11911.76,32000,0.37
bundesliga,1993,vfbleipzig,11876.47,37000,0.32
bundesliga,1993,vfbstuttgart,28276.47,53700,0.53
bundesliga,1993,werderbremen,24409.82,40800,0.60
bundesliga,1994,1fccolonia,31764.71,55000,0.58
bundesliga,1994,1fckaiserslautern,37180.24,38500,0.97
bundesliga,1994,bayer04leverkusen,22829.41,27800,0.82
bundesliga,1994,bayer05uerdingen,17348.53,34500,0.50
bundesliga,1994,borussiadortmund,42619.41,42800,1.00
bundesliga,1994,borussiamonchengladbach,31403.76,34500,0.91
bundesliga,1994,fcbayernmunique,54176.47,63000,0.86
bundesliga,1994,hamburgersv,30437.47,60200,0.51
bundesliga,1994,karlsruhersc,28832.82,33758,0.85
bundesliga,1994,msvduisburg,21103.29,30128,0.70
bundesliga,1994,scfreiburg,18000.00,18000,1.00
bundesliga,1994,schalke04,39883.24,70925,0.56
bundesliga,1994,sgdynamodresden,16688.41,29253,0.57
bundesliga,1994,sgeintrachtfrankfurt,29917.65,58000,0.52
bundesliga,1994,tsv1860munique,30591.18,64000,0.48
bundesliga,1994,vfbstuttgart,31633.65,53700,0.59
bundesliga,1994,vflbochum,24946.76,38000,0.66
bundesliga,1994,werderbremen,32208.12,40633,0.79
bundesliga,1995,1fccolonia,32882.35,54000,0.61
bundesliga,1995,1fckaiserslautern,36400.00,38500,0.95
bundesliga,1995,bayer04leverkusen,22041.18,26500,0.83
bundesliga,1995,borussiadortmund,43980.53,48800,0.90
bundesliga,1995,borussiamonchengladbach,31172.94,34500,0.90
bundesliga,1995,fcbayernmunique,59352.94,69000,0.86
bundesliga,1995,fchansarostock,26836.18,58492,0.46
bundesliga,1995,fcstpauli,21989.59,51432,0.43
bundesliga,1995,fortunadusseldorf95,25079.41,55850,0.45
bundesliga,1995,hamburgersv,27959.06,57000,0.49
bundesliga,1995,karlsruhersc,26794.12,33800,0.79
bundesliga,1995,kfcuerdingen05,14540.94,34500,0.42
bundesliga,1995,scfreiburg,22500.00,22500,1.00
bundesliga,1995,schalke04,38309.94,70960,0.54
bundesliga,1995,sgeintrachtfrankfurt,29776.47,57300,0.52
bundesliga,1995,tsv1860munique,35511.76,70800,0.50
bundesliga,1995,vfbstuttgart,31189.29,53218,0.59
bundesliga,1995,werderbremen,27881.59,30000,0.93
bundesliga,1996,1fccolonia,31029.41,52000,0.60
bundesliga,1996,arminiabielefeld,21184.94,22512,0.94
bundesliga,1996,bayer04leverkusen,20670.59,22500,0.92
bundesliga,1996,borussiadortmund,53052.94,55000,0.96
bundesliga,1996,borussiamonchengladbach,30094.12,34500,0.87
bundesliga,1996,fcbayernmunique,58058.82,69000,0.84
bundesliga,1996,fchansarostock,19070.59,24200,0.79
bundesliga,1996,fcstpauli,23341.59,45957,0.51
bundesliga,1996,fortunadusseldorf95,21147.06,52000,0.41
bundesliga,1996,hamburgersv,29745.82,57590,0.52
bundesliga,1996,karlsruhersc,26912.88,33515,0.80
bundesliga,1996,msvduisburg,19240.35,30128,0.64
bundesliga,1996,scfreiburg,22376.47,22500,0.99
bundesliga,1996,schalke04,39540.06,71021,0.56
bundesliga,1996,tsv1860munique,38794.12,69000,0.56
bundesliga,1996,vfbstuttgart,42352.94,53000,0.80
bundesliga,1996,vflbochum,28466.06,36344,0.78
bundesliga,1996,werderbremen,30553.18,36200,0.84
bundesliga,1997,1fccolonia,29823.53,47000,0.63
bundesliga,1997,1fckaiserslautern,38000.00,38000,1.00
bundesliga,1997,arminiabielefeld,21459.82,22512,0.95
bundesliga,1997,bayer04leverkusen,22252.94,22500,0.99
bundesliga,1997,borussiadortmund,54264.71,55000,0.99
bundesliga,1997,borussiamonchengladbach,27435.29,34500,0.80
bundesliga,1997,fcbayernmunique,54529.41,69000,0.79
bundesliga,1997,fchansarostock,18841.18,24800,0.76
bundesliga,1997,hamburgersv,33105.82,58000,0.57
bundesliga,1997,herthaberlim,52895.18,76000,0.70
bundesliga,1997,karlsruhersc,26768.53,33600,0.80
bundesliga,1997,msvduisburg,16928.59,30128,0.56
bundesliga,1997,schalke04,50285.00,71017,0.71
bundesliga,1997,tsv1860munique,33623.53,69900,0.48
bundesliga,1997,vfbstuttgart,39582.35,53000,0.75
bundesliga,1997,vflbochum,26697.94,31500,0.85
bundesliga,1997,vflwolfsburg,17023.41,21600,0.79
bundesliga,1997,werderbremen,30213.24,35883,0.84
bundesliga,1998,1fckaiserslautern,41057.82,41500,0.99
bundesliga,1998,1fcnuremberg,36029.41,44500,0.81
bundesliga,1998,bayer04leverkusen,22435.29,22500,1.00
bundesliga,1998,borussiadortmund,65470.59,68600,0.95
bundesliga,1998,borussiamonchengladbach,26082.35,34500,0.76
bundesliga,1998,fcbayernmunique,56235.29,69000,0.82
bundesliga,1998,fchansarostock,15952.94,24500,0.65
bundesliga,1998,hamburgersv,24367.35,29052,0.84
bundesliga,1998,herthaberlim,52461.47,76000,0.69
bundesliga,1998,msvduisburg,17376.35,29000,0.60
bundesliga,1998,scfreiburg,22411.76,22500,1.00
bundesliga,1998,schalke04,43555.12,62109,0.70
bundesliga,1998,sgeintrachtfrankfurt,32447.06,58300,0.56
bundesliga,1998,tsv1860munique,32476.47,69000,0.47
bundesliga,1998,vfbstuttgart,30676.47,53000,0.58
bundesliga,1998,vflbochum,23739.24,33063,0.72
bundesliga,1998,vflwolfsburg,16694.94,21600,0.77
bundesliga,1998,werderbremen,29785.76,36000,0.83
bundesliga,1999,1fckaiserslautern,40223.24,41500,0.97
bundesliga,1999,arminiabielefeld,19448.29,26600,0.73
bundesliga,1999,bayer04leverkusen,22470.59,22500,1.00
bundesliga,1999,borussiadortmund,64629.41,68600,0.94
bundesliga,1999,fcbayernmunique,52588.24,69000,0.76
bundesliga,1999,fchansarostock,16182.35,24500,0.66
bundesliga,1999,hamburgersv,41313.65,53250,0.78
bundesliga,1999,herthaberlim,47334.29,75000,0.63
bundesliga,1999,msvduisburg,14973.65,30112,0.50
bundesliga,1999,scfreiburg,23852.94,24000,0.99
bundesliga,1999,schalke04,40517.82,62109,0.65
bundesliga,1999,sgeintrachtfrankfurt,35867.35,59500,0.60
bundesliga,1999,spvggunterhaching,9611.76,11300,0.85
bundesliga,1999,ssvulm1846,22387.82,23500,0.95
bundesliga,1999,tsv1860munique,32670.59,69000,0.47
bundesliga,1999,vfbstuttgart,28764.71,46500,0.62
bundesliga,1999,vflwolfsburg,17138.06,20400,0.84
bundesliga,1999,werderbremen,30180.53,36000,0.84
bundesliga,2000,1fccolonia,34838.82,42000,0.83
bundesliga,2000,1fckaiserslautern,39314.88,41500,0.95
bundesliga,2000,bayer04leverkusen,22411.76,22500,1.00
bundesliga,2000,borussiadortmund,63729.41,68600,0.93
bundesliga,2000,fcbayernmunique,49705.88,69000,0.72
bundesliga,2000,fcenergiecottbus,16455.41,20500,0.80
bundesliga,2000,fchansarostock,15041.18,22000,0.68
bundesliga,2000,hamburgersv,43011.18,55280,0.78
bundesliga,2000,herthaberlim,40337.71,57169,0.71
bundesliga,2000,scfreiburg,23941.18,24000,1.00
bundesliga,2000,schalke04,46599.00,65000,0.72
bundesliga,2000,sgeintrachtfrankfurt,29147.06,57000,0.51
bundesliga,2000,spvggunterhaching,10741.53,15300,0.70
bundesliga,2000,tsv1860munique,27982.35,69000,0.41
bundesliga,2000,vfbstuttgart,26305.88,51200,0.51
bundesliga,2000,vflbochum,19588.29,32645,0.60
bundesliga,2000,vflwolfsburg,15500.71,20400,0.76
bundesliga,2000,werderbremen,30304.18,36000,0.84
bundesliga,2001,1fccolonia,31137.41,42000,0.74
bundesliga,2001,1fckaiserslautern,38506.59,40600,0.95
bundesliga,2001,1fcnuremberg,30671.29,44696,0.69
bundesliga,2001,bayer04leverkusen,22382.35,22500,0.99
bundesliga,2001,borussiadortmund,65705.88,68600,0.96
bundesliga,2001,borussiamonchengladbach,30230.94,34500,0.88
bundesliga,2001,fcbayernmunique,53176.47,68000,0.78
bundesliga,2001,fcenergiecottbus,16636.00,20100,0.83
bundesliga,2001,fchansarostock,18466.71,29500,0.63
bundesliga,2001,fcstpauli,22142.88,54130,0.41
bundesliga,2001,hamburgersv,44439.47,55360,0.80
bundesliga,2001,herthaberlim,36832.71,55000,0.67
bundesliga,2001,scfreiburg,23882.35,24000,1.00
bundesliga,2001,schalke04,60435.24,60683,1.00
bundesliga,2001,tsv1860munique,26423.53,69000,0.38
bundesliga,2001,vfbstuttgart,27988.24,54300,0.52
bundesliga,2001,vflwolfsburg,14200.00,20400,0.70
bundesliga,2001,werderbremen,30193.06,35800,0.84
bundesliga,2002,1fckaiserslautern,36205.88,40232,0.90
bundesliga,2002,1fcnuremberg,28247.47,44767,0.63
bundesliga,2002,arminiabielefeld,23267.18,26601,0.87
bundesliga,2002,bayer04leverkusen,22500.00,22500,1.00
bundesliga,2002,borussiadortmund,67858.82,68600,0.99
bundesliga,2002,borussiamonchengladbach,29000.00,34500,0.84
bundesliga,2002,fcbayernmunique,52470.59,69000,0.76
bundesliga,2002,fcenergiecottbus,13158.76,18250,0.72
bundesliga,2002,fchansarostock,19870.59,30000,0.66
bundesliga,2002,hamburgersv,45538.00,55516,0.82
bundesliga,2002,hannover96,36498.71,48696,0.75
bundesliga,2002,herthaberlim,42135.06,59200,0.71
bundesliga,2002,schalke04,60646.53,61673,0.98
bundesliga,2002,tsv1860munique,26547.06,64000,0.41
bundesliga,2002,vfbstuttgart,34570.59,54300,0.64
bundesliga,2002,vflbochum,24753.71,32645,0.76
bundesliga,2002,vflwolfsburg,19411.71,30000,0.65
bundesliga,2002,werderbremen,32452.06,40200,0.81
bundesliga,2003,1fccolonia,40164.18,50997,0.79
bundesliga,2003,1fckaiserslautern,38615.00,47315,0.82
bundesliga,2003,bayer04leverkusen,22500.00,22500,1.00
bundesliga,2003,borussiadortmund,79647.06,83000,0.96
bundesliga,2003,borussiamonchengladbach,32276.47,34500,0.94
bundesliga,2003,fcbayernmunique,55235.29,69000,0.80
bundesliga,2003,fchansarostock,22323.53,29000,0.77
bundesliga,2003,hamburgersv,48168.06,55500,0.87
bundesliga,2003,hannover96,23479.00,28000,0.84
bundesliga,2003,herthaberlim,40508.53,60800,0.67
bundesliga,2003,scfreiburg,23794.12,24000,0.99
bundesliga,2003,schalke04,61182.24,61673,0.99
bundesliga,2003,sgeintrachtfrankfurt,26566.94,37500,0.71
bundesliga,2003,tsv1860munique,28202.94,69250,0.41
bundesliga,2003,vfbstuttgart,43587.53,54088,0.81
bundesliga,2003,vflbochum,27194.59,32645,0.83
bundesliga,2003,vflwolfsburg,23044.24,30000,0.77
bundesliga,2003,werderbremen,37758.71,43000,0.88
bundesliga,2004,1fckaiserslautern,35627.24,46615,0.76
bundesliga,2004,1fcnuremberg,30263.06,44650,0.68
bundesliga,2004,1fsvmainz05,20158.82,20300,0.99
bundesliga,2004,arminiabielefeld,22328.06,26601,0.84
bundesliga,2004,bayer04leverkusen,22500.00,22500,1.00
bundesliga,2004,borussiadortmund,77235.29,83000,0.93
bundesliga,2004,borussiamonchengladbach,49168.41,53466,0.92
bundesliga,2004,fcbayernmunique,53294.12,63000,0.85
bundesliga,2004,fchansarostock,19811.76,29000,0.68
bundesliga,2004,hamburgersv,48927.59,55800,0.88
bundesliga,2004,hannover96,35986.94,49854,0.72
bundesliga,2004,herthaberlim,48436.06,74220,0.65
bundesliga,2004,scfreiburg,22629.41,24000,0.94
bundesliga,2004,schalke04,61409.53,61673,1.00
bundesliga,2004,vfbstuttgart,41997.94,48600,0.86
bundesliga,2004,vflbochum,26372.88,32645,0.81
bundesliga,2004,vflwolfsburg,24041.35,30000,0.80
bundesliga,2004,werderbremen,39851.65,42109,0.95
bundesliga,2005,1fccolonia,48529.41,50000,0.97
bundesliga,2005,1fckaiserslautern,32880.88,50754,0.65
bundesliga,2005,1fcnuremberg,32605.88,47250,0.69
bundesliga,2005,1fsvmainz05,20170.59,20300,0.99
bundesliga,2005,arminiabielefeld,21951.47,26601,0.83
bundesliga,2005,bayer04leverkusen,22117.65,22500,0.98
bundesliga,2005,borussiadortmund,72642.82,81264,0.89
bundesliga,2005,borussiamonchengladbach,47463.71,54019,0.88
bundesliga,2005,fcbayernmunique,67588.24,69000,0.98
bundesliga,2005,hamburgersv,52630.18,57000,0.92
bundesliga,2005,hannover96,38418.65,49000,0.78
bundesliga,2005,herthaberlim,46991.59,74218,0.63
bundesliga,2005,msvduisburg,25192.24,31602,0.80
bundesliga,2005,schalke04,61243.00,61524,1.00
bundesliga,2005,sgeintrachtfrankfurt,41891.82,50000,0.84
bundesliga,2005,vfbstuttgart,39217.65,56700,0.69
bundesliga,2005,vflwolfsburg,22081.71,30000,0.74
bundesliga,2005,werderbremen,39451.41,42500,0.93
bundesliga,2006,1fcnuremberg,41538.18,47000,0.88
bundesliga,2006,1fsvmainz05,20229.41,20300,1.00
bundesliga,2006,alemanniaaachen,20694.41,21300,0.97
bundesliga,2006,arminiabielefeld,22988.82,26601,0.86
bundesliga,2006,bayer04leverkusen,22411.76,22500,1.00
bundesliga,2006,borussiadortmund,72782.06,80708,0.90
bundesliga,2006,borussiamonchengladbach,47454.88,54019,0.88
bundesliga,2006,fcbayernmunique,68647.06,69000,0.99
bundesliga,2006,fcenergiecottbus,16236.59,22450,0.72
bundesliga,2006,hamburgersv,55866.94,57000,0.98
bundesliga,2006,hannover96,38662.94,49000,0.79
bundesliga,2006,herthaberlim,48406.59,74220,0.65
bundesliga,2006,schalke04,61373.24,61482,1.00
bundesliga,2006,sgeintrachtfrankfurt,47420.59,51500,0.92
bundesliga,2006,vfbstuttgart,46141.18,57400,0.80
bundesliga,2006,vflbochum,24924.88,31328,0.80
bundesliga,2006,vflwolfsburg,22258.71,30000,0.74
bundesliga,2006,werderbremen,40985.24,42100,0.97
bundesliga,2007,1fcnuremberg,43482.88,47000,0.93
bundesliga,2007,arminiabielefeld,21570.59,27400,0.79
bundesliga,2007,bayer04leverkusen,22470.59,22500,1.00
bundesliga,2007,borussiadortmund,72880.53,80708,0.90
bundesliga,2007,fcbayernmunique,69000.00,69000,1.00
bundesliga,2007,fcenergiecottbus,16583.82,22746,0.73
bundesliga,2007,fchansarostock,20411.76,29000,0.70
bundesliga,2007,hamburgersv,55367.88,57000,0.97
bundesliga,2007,hannover96,40233.24,49000,0.82
bundesliga,2007,herthaberlim,45483.00,74220,0.61
bundesliga,2007,karlsruhersc,28825.47,30702,0.94
bundesliga,2007,msvduisburg,25040.94,31500,0.79
bundesliga,2007,schalke04,61279.29,61524,1.00
bundesliga,2007,sgeintrachtfrankfurt,48364.71,51500,0.94
bundesliga,2007,vfbstuttgart,50910.59,57500,0.89
bundesliga,2007,vflbochum,24404.24,31328,0.78
bundesliga,2007,vflwolfsburg,24354.29,30000,0.81
bundesliga,2007,werderbremen,40198.65,42100,0.95
bundesliga,2008,1fccolonia,50016.06,50997,0.98
bundesliga,2008,arminiabielefeld,23252.94,27300,0.85
bundesliga,2008,bayer04leverkusen,26850.00,43900,0.61
bundesliga,2008,borussiadortmund,74900.47,80552,0.93
bundesliga,2008,borussiamonchengladbach,47239.65,54067,0.87
bundesliga,2008,fcbayernmunique,69000.00,69000,1.00
bundesliga,2008,fcenergiecottbus,16710.29,22528,0.74
bundesliga,2008,hamburgersv,54881.06,57000,0.96
bundesliga,2008,hannover96,41918.59,49000,0.86
bundesliga,2008,herthaberlim,52165.18,74244,0.70
bundesliga,2008,karlsruhersc,28049.76,30600,0.92
bundesliga,2008,schalke04,61453.18,61673,1.00
bundesliga,2008,sgeintrachtfrankfurt,47000.00,51500,0.91
bundesliga,2008,tsg1899hoffenheim,28094.94,30164,0.93
bundesliga,2008,vfbstuttgart,52046.35,55896,0.93
bundesliga,2008,vflbochum,25613.18,31328,0.82
bundesliga,2008,vflwolfsburg,27435.41,30000,0.91
bundesliga,2008,werderbremen,40375.06,42100,0.96
bundesliga,2009,1fccolonia,48358.94,50067,0.97
bundesliga,2009,1fcnuremberg,42335.59,48548,0.87
bundesliga,2009,1fsvmainz05,20085.29,20300,0.99
bundesliga,2009,bayer04leverkusen,29306.88,30210,0.97
bundesliga,2009,borussiadortmund,77268.24,80552,0.96
bundesliga,2009,borussiamonchengladbach,46411.35,54067,0.86
bundesliga,2009,fcbayernmunique,69000.00,69000,1.00
bundesliga,2009,hamburgersv,55240.47,57000,0.97
bundesliga,2009,hannover96,38247.29,49000,0.78
bundesliga,2009,herthaberlim,46680.94,75420,0.62
bundesliga,2009,scfreiburg,22900.00,24000,0.95
bundesliga,2009,schalke04,61438.82,61673,1.00
bundesliga,2009,sgeintrachtfrankfurt,47205.88,51500,0.92
bundesliga,2009,tsg1899hoffenheim,29728.12,30164,0.99
bundesliga,2009,vfbstuttgart,40917.65,42000,0.97
bundesliga,2009,vflbochum,24841.65,30748,0.81
bundesliga,2009,vflwolfsburg,29232.35,30000,0.97
bundesliga,2009,werderbremen,35961.65,41150,0.87
bundesliga,2010,1fccolonia,47795.76,50076,0.95
bundesliga,2010,1fckaiserslautern,46391.71,49780,0.93
bundesliga,2010,1fcnuremberg,42019.76,48548,0.87
bundesliga,2010,1fsvmainz05,20264.71,20300,1.00
bundesliga,2010,bayer04leverkusen,28633.18,30210,0.95
bundesliga,2010,borussiadortmund,79140.71,80720,0.98
bundesliga,2010,borussiamonchengladbach,45088.00,54057,0.83
bundesliga,2010,fcbayernmunique,69000.00,69000,1.00
bundesliga,2010,fcstpauli,24372.47,24850,0.98
bundesliga,2010,hamburgersv,54445.82,57000,0.96
bundesliga,2010,hannover96,43978.12,49000,0.90
bundesliga,2010,scfreiburg,23135.29,24000,0.96
bundesliga,2010,schalke04,61400.59,61673,1.00
bundesliga,2010,sgeintrachtfrankfurt,47358.82,51500,0.92
bundesliga,2010,tsg1899hoffenheim,29886.47,30164,0.99
bundesliga,2010,vfbstuttgart,38888.24,44000,0.88
bundesliga,2010,vflwolfsburg,28769.35,30000,0.96
bundesliga,2010,werderbremen,37360.71,40500,0.92
bundesliga,2011,1fccolonia,47719.29,50076,0.95
bundesliga,2011,1fckaiserslautern,42428.59,49780,0.85
bundesliga,2011,1fcnuremberg,41968.41,48548,0.86
bundesliga,2011,1fsvmainz05,33074.41,34034,0.97
bundesliga,2011,bayer04leverkusen,28334.88,30210,0.94
bundesliga,2011,borussiadortmund,80551.76,80720,1.00
bundesliga,2011,borussiamonchengladbach,51881.53,54057,0.96
bundesliga,2011,fcaugsburg,30259.18,30660,0.99
bundesliga,2011,fcbayernmunique,69000.00,69000,1.00
bundesliga,2011,hamburgersv,53435.88,57000,0.94
bundesliga,2011,hannover96,44825.59,49000,0.91
bundesliga,2011,herthaberlim,53448.82,74244,0.72
bundesliga,2011,scfreiburg,22676.47,24000,0.94
bundesliga,2011,schalke04,61218.47,61673,0.99
bundesliga,2011,tsg1899hoffenheim,27892.00,30164,0.92
bundesliga,2011,vfbstuttgart,55211.53,60441,0.91
bundesliga,2011,vflwolfsburg,27615.53,30000,0.92
bundesliga,2011,werderbremen,40749.00,42100,0.97
bundesliga,2012,1fcnuremberg,41517.88,50000,0.83
bundesliga,2012,1fsvmainz05,31155.71,34034,0.92
bundesliga,2012,bayer04leverkusen,28119.94,30210,0.93
bundesliga,2012,borussiadortmund,80557.94,80645,1.00
bundesliga,2012,borussiamonchengladbach,49557.24,54010,0.92
bundesliga,2012,fcaugsburg,29078.41,30660,0.95
bundesliga,2012,fcbayernmunique,71000.00,71000,1.00
bundesliga,2012,fortunadusseldorf95,46096.88,54600,0.84
bundesliga,2012,hamburgersv,52916.88,57000,0.93
bundesliga,2012,hannover96,44547.06,49000,0.91
bundesliga,2012,scfreiburg,23276.47,24000,0.97
bundesliga,2012,schalke04,61171.29,61673,0.99
bundesliga,2012,sgeintrachtfrankfurt,48126.47,51500,0.93
bundesliga,2012,spvgggreutherfurth,16842.71,18000,0.94
bundesliga,2012,tsg1899hoffenheim,26161.76,30150,0.87
bundesliga,2012,vfbstuttgart,50105.94,60441,0.83
bundesliga,2012,vflwolfsburg,26686.24,30000,0.89
bundesliga,2012,werderbremen,40703.82,42100,0.97
bundesliga,2013,1fcnuremberg,40412.12,50000,0.81
bundesliga,2013,1fsvmainz05,30983.65,34000,0.91
bundesliga,2013,bayer04leverkusen,28452.29,30210,0.94
bundesliga,2013,borussiadortmund,80361.18,80645,1.00
bundesliga,2013,borussiamonchengladbach,52333.65,54010,0.97
bundesliga,2013,eintrachtbraunschweigtsv,23004.76,25540,0.90
bundesliga,2013,fcaugsburg,29324.59,30660,0.96
bundesliga,2013,fcbayernmunique,71008.06,71137,1.00
bundesliga,2013,hamburgersv,51771.12,57000,0.91
bundesliga,2013,hannover96,45270.59,49000,0.92
bundesliga,2013,herthaberlim,51889.41,76197,0.68
bundesliga,2013,scfreiburg,23394.12,24000,0.97
bundesliga,2013,schalke04,61642.29,61973,0.99
bundesliga,2013,sgeintrachtfrankfurt,47088.24,51500,0.91
bundesliga,2013,tsg1899hoffenheim,26906.53,30150,0.89
bundesliga,2013,vfbstuttgart,50447.53,60449,0.83
bundesliga,2013,vflwolfsburg,28022.00,30000,0.93
bundesliga,2013,werderbremen,40656.59,42100,0.97
bundesliga,2014,1fccolonia,48740.35,50000,0.97
bundesliga,2014,1fsvmainz05,30940.12,34000,0.91
bundesliga,2014,bayer04leverkusen,29311.35,30210,0.97
bundesliga,2014,borussiadortmund,80474.76,80667,1.00
bundesliga,2014,borussiamonchengladbach,50659.88,54010,0.94
bundesliga,2014,fcaugsburg,29163.47,30660,0.95
bundesliga,2014,fcbayernmunique,72910.76,75024,0.97
bundesliga,2014,hamburgersv,53251.65,57000,0.93
bundesliga,2014,hannover96,43882.35,49000,0.90
bundesliga,2014,herthaberlim,50212.53,76197,0.66
bundesliga,2014,scfreiburg,23850.00,24000,0.99
bundesliga,2014,schalke04,61626.00,61973,0.99
bundesliga,2014,scpaderborn07,14859.00,15000,0.99
bundesliga,2014,sgeintrachtfrankfurt,47617.65,51500,0.92
bundesliga,2014,tsg1899hoffenheim,27163.88,30150,0.90
bundesliga,2014,vfbstuttgart,50738.18,60449,0.84
bundesliga,2014,vflwolfsburg,28199.24,30000,0.94
bundesliga,2014,werderbremen,40905.65,42100,0.97
bundesliga,2015,1fccolonia,48498.12,50000,0.97
bundesliga,2015,1fsvmainz05,31048.88,34000,0.91
bundesliga,2015,bayer04leverkusen,29116.82,30210,0.96
bundesliga,2015,borussiadortmund,81225.94,81359,1.00
bundesliga,2015,borussiamonchengladbach,51127.00,54010,0.95
bundesliga,2015,fcaugsburg,28958.06,30660,0.94
bundesliga,2015,fcbayernmunique,75005.65,75024,1.00
bundesliga,2015,fcingolstadt04,14836.18,15617,0.95
bundesliga,2015,hamburgersv,53699.94,57000,0.94
bundesliga,2015,hannover96,41375.76,49000,0.84
bundesliga,2015,herthaberlim,49704.00,76233,0.65
bundesliga,2015,schalke04,61385.82,62271,0.99
bundesliga,2015,sgeintrachtfrankfurt,46752.94,51500,0.91
bundesliga,2015,svdarmstadt98,16647.06,17000,0.98
bundesliga,2015,tsg1899hoffenheim,27574.24,30150,0.91
bundesliga,2015,vfbstuttgart,52038.65,60449,0.86
bundesliga,2015,vflwolfsburg,28886.29,30000,0.96
bundesliga,2015,werderbremen,40935.06,42100,0.97
bundesliga,2016,1fccolonia,49570.59,50000,0.99
bundesliga,2016,1fsvmainz05,29095.71,34000,0.86
bundesliga,2016,bayer04leverkusen,28427.59,30210,0.94
bundesliga,2016,borussiadortmund,79653.06,81360,0.98
bundesliga,2016,borussiamonchengladbach,51494.12,54014,0.95
bundesliga,2016,fcaugsburg,28172.41,30660,0.92
bundesliga,2016,fcbayernmunique,75000.00,75000,1.00
bundesliga,2016,fcingolstadt04,14600.53,15200,0.96
bundesliga,2016,hamburgersv,52341.06,57000,0.92
bundesliga,2016,herthaberlim,50267.00,74667,0.67
bundesliga,2016,rbleipzig,41477.71,42959,0.97
bundesliga,2016,scfreiburg,23958.82,24000,1.00
bundesliga,2016,schalke04,60762.41,62271,0.98
bundesliga,2016,sgeintrachtfrankfurt,49176.47,51500,0.95
bundesliga,2016,svdarmstadt98,16794.12,17400,0.97
bundesliga,2016,tsg1899hoffenheim,28155.29,30150,0.93
bundesliga,2016,vflwolfsburg,27586.00,30000,0.92
bundesliga,2016,werderbremen,40945.53,42100,0.97
bundesliga,2017,1fccolonia,48776.47,50000,0.98
bundesliga,2017,1fsvmainz05,28766.29,34000,0.85
bundesliga,2017,bayer04leverkusen,28411.94,30210,0.94
bundesliga,2017,borussiadortmund,79496.41,81360,0.98
bundesliga,2017,borussiamonchengladbach,50985.59,54018,0.94
bundesliga,2017,fcaugsburg,28238.18,30660,0.92
bundesliga,2017,fcbayernmunique,75001.41,75024,1.00
bundesliga,2017,hamburgersv,50657.24,57000,0.89
bundesliga,2017,hannover96,42705.88,49000,0.87
bundesliga,2017,herthaberlim,45318.94,71212,0.64
bundesliga,2017,rbleipzig,39396.53,42558,0.93
bundesliga,2017,scfreiburg,23894.12,24000,1.00
bundesliga,2017,schalke04,61330.82,62271,0.98
bundesliga,2017,sgeintrachtfrankfurt,49100.00,51500,0.95
bundesliga,2017,tsg1899hoffenheim,28716.47,30150,0.95
bundesliga,2017,vfbstuttgart,56368.82,60449,0.93
bundesliga,2017,vflwolfsburg,25712.88,30000,0.86
bundesliga,2017,werderbremen,40952.47,42100,0.97
bundesliga,2018,1fcnuremberg,40372.47,50000,0.81
bundesliga,2018,1fsvmainz05,26287.06,34000,0.77
bundesliga,2018,bayer04leverkusen,27989.88,30210,0.93
bundesliga,2018,borussiadortmund,80841.47,81365,0.99
bundesliga,2018,borussiamonchengladbach,49668.24,54022,0.92
bundesliga,2018,fcaugsburg,28614.94,30660,0.93
bundesliga,2018,fcbayernmunique,75000.00,75000,1.00
bundesliga,2018,fortunadusseldorf95,43845.29,54600,0.80
bundesliga,2018,hannover96,38364.71,49000,0.78
bundesliga,2018,herthaberlim,49318.18,74669,0.66
bundesliga,2018,rbleipzig,38379.76,41939,0.92
bundesliga,2018,scfreiburg,23900.00,24000,1.00
bundesliga,2018,schalke04,61069.29,62721,0.97
bundesliga,2018,sgeintrachtfrankfurt,49794.12,51500,0.97
bundesliga,2018,tsg1899hoffenheim,28455.59,30150,0.94
bundesliga,2018,vfbstuttgart,54549.82,58757,0.93
bundesliga,2018,vflwolfsburg,24552.29,30000,0.82
bundesliga,2018,werderbremen,41403.06,42100,0.98
bundesliga,2022,1fccolonia,49764.71,50000,1.00
bundesliga,2022,1fcunionberlim,21888.06,22012,0.99
bundesliga,2022,1fsvmainz05,29058.47,33305,0.87
bundesliga,2022,bayer04leverkusen,28611.53,30210,0.95
bundesliga,2022,borussiadortmund,81227.94,81365,1.00
bundesliga,2022,borussiamonchengladbach,52437.65,54042,0.97
bundesliga,2022,fcaugsburg,28014.65,30660,0.91
bundesliga,2022,fcbayernmunique,75002.82,75024,1.00
bundesliga,2022,herthaberlim,53652.18,74667,0.72
bundesliga,2022,rbleipzig,45643.35,47069,0.97
bundesliga,2022,scfreiburg,34111.76,34700,0.98
bundesliga,2022,schalke04,61133.06,62271,0.98
bundesliga,2022,sgeintrachtfrankfurt,50011.76,51500,0.97
bundesliga,2022,tsg1899hoffenheim,24643.12,30150,0.82
bundesliga,2022,vfbstuttgart,46429.59,47900,0.97
bundesliga,2022,vflbochum,25318.06,26000,0.97
bundesliga,2022,vflwolfsburg,25394.47,30000,0.85
bundesliga,2022,werderbremen,41526.24,42100,0.99
bundesliga,2023,1fccolonia,49829.41,50000,1.00
bundesliga,2023,1fcheidenheim1846,15000.00,15000,1.00
bundesliga,2023,1fcunionberlim,21840.88,22012,0.99
bundesliga,2023,1fsvmainz05,30730.88,33305,0.92
bundesliga,2023,bayer04leverkusen,29984.24,30210,0.99
bundesliga,2023,borussiadortmund,81305.29,81365,1.00
bundesliga,2023,borussiamonchengladbach,51370.94,54042,0.95
bundesliga,2023,fcaugsburg,29300.53,30660,0.96
bundesliga,2023,fcbayernmunique,75000.00,75000,1.00
bundesliga,2023,rbleipzig,45175.06,47069,0.96
bundesliga,2023,scfreiburg,34196.12,34700,0.99
bundesliga,2023,sgeintrachtfrankfurt,56958.82,58000,0.98
bundesliga,2023,svdarmstadt98,17718.00,17810,0.99
bundesliga,2023,tsg1899hoffenheim,24559.00,30150,0.81
bundesliga,2023,vfbstuttgart,55121.06,60058,0.92
bundesliga,2023,vflbochum,25393.00,26000,0.98
bundesliga,2023,vflwolfsburg,25916.76,28917,0.90
bundesliga,2023,werderbremen,41721.06,42358,0.98
bundesliga,2024,1fcheidenheim1846,15000.00,15000,1.00
bundesliga,2024,1fcunionberlim,21953.24,22012,1.00
bundesliga,2024,1fsvmainz05,32389.71,33305,0.97
bundesliga,2024,bayer04leverkusen,29960.53,30210,0.99
bundesliga,2024,borussiadortmund,81365.00,81365,1.00
bundesliga,2024,borussiamonchengladbach,53078.06,54042,0.98
bundesliga,2024,fcaugsburg,29820.06,30660,0.97
bundesliga,2024,fcbayernmunique,75000.00,75000,1.00
bundesliga,2024,fcstpauli,29505.76,29546,1.00
bundesliga,2024,holsteinkiel,14893.35,15034,0.99
bundesliga,2024,rbleipzig,45045.47,47800,0.94
bundesliga,2024,scfreiburg,34188.24,34700,0.99
bundesliga,2024,sgeintrachtfrankfurt,57600.00,58000,0.99
bundesliga,2024,tsg1899hoffenheim,25308.94,30150,0.84
bundesliga,2024,vfbstuttgart,59264.71,60000,0.99
bundesliga,2024,vflbochum,25545.53,26000,0.98
bundesliga,2024,vflwolfsburg,24596.00,28917,0.85
bundesliga,2024,werderbremen,41403.06,42100,0.98
campeonatobrasileiroseriea,2007,americafc,10813.37,35000,0.31
campeonatobrasileiroseriea,2007,atleticomineiro,23361.26,48704,0.48
campeonatobrasileiroseriea,2007,botafogofr,18475.42,44212,0.42
campeonatobrasileiroseriea,2007,clubeatleticoparanaense,13564.63,26661,0.51
campeonatobrasileiroseriea,2007,crflamengo,41173.26,82044,0.50
campeonatobrasileiroseriea,2007,cruzeiroec,23948.58,37667,0.64
campeonatobrasileiroseriea,2007,crvascodagama,15304.74,44473,0.34
campeonatobrasileiroseriea,2007,ecjuventude,6933.16,20156,0.34
campeonatobrasileiroseriea,2007,figueirensefc,9094.58,14363,0.63
campeonatobrasileiroseriea,2007,fluminensefc,17891.58,49828,0.36
campeonatobrasileiroseriea,2007,goiasec,14045.79,39773,0.35
campeonatobrasileiroseriea,2007,gremiofbpa,22208.58,36101,0.62
campeonatobrasileiroseriea,2007,nautico,13171.00,19890,0.66
campeonatobrasileiroseriea,2007,paranaclube,8418.16,15406,0.55
campeonatobrasileiroseriea,2007,santosfc,8540.37,16206,0.53
campeonatobrasileiroseriea,2007,saopaulofc,28152.37,68874,0.41
campeonatobrasileiroseriea,2007,sccorinthians,19502.11,40182,0.49
campeonatobrasileiroseriea,2007,scinternacional,18673.79,35576,0.52
campeonatobrasileiroseriea,2007,sepalmeiras,17730.42,26739,0.66
campeonatobrasileiroseriea,2007,sportrecife,25438.32,36348,0.70
campeonatobrasileiroseriea,2009,atleticomineiro,41186.32,63285,0.65
campeonatobrasileiroseriea,2009,avaifc,10241.84,15348,0.67
campeonatobrasileiroseriea,2009,botafogofr,14357.53,38717,0.37
campeonatobrasileiroseriea,2009,clubeatleticoparanaense,16898.21,22999,0.73
campeonatobrasileiroseriea,2009,coritibafc,17366.42,32838,0.53
campeonatobrasileiroseriea,2009,crflamengo,41533.84,78639,0.53
campeonatobrasileiroseriea,2009,cruzeiroec,21405.05,51534,0.42
campeonatobrasileiroseriea,2009,ecsantoandre,4829.32,19762,0.24
campeonatobrasileiroseriea,2009,ecvitoria,13523.11,26464,0.51
campeonatobrasileiroseriea,2009,fluminensefc,22181.32,66884,0.33
campeonatobrasileiroseriea,2009,goiasec,11927.05,37320,0.32
campeonatobrasileiroseriea,2009,gremiobaruerifutebolltda,3691.79,10354,0.36
campeonatobrasileiroseriea,2009,gremiofbpa,18102.79,36046,0.50
campeonatobrasileiroseriea,2009,nautico,14289.42,19798,0.72
campeonatobrasileiroseriea,2009,santosfc,9011.84,23673,0.38
campeonatobrasileiroseriea,2009,saopaulofc,26260.74,53204,0.49
campeonatobrasileiroseriea,2009,sccorinthians,20256.00,33710,0.60
campeonatobrasileiroseriea,2009,scinternacional,19619.63,38350,0.51
campeonatobrasileiroseriea,2009,sepalmeiras,18552.47,26462,0.70
campeonatobrasileiroseriea,2009,sportrecife,16192.79,25602,0.63
campeonatobrasileiroseriea,2010,atleticogoianiense,7890.74,27938,0.28
campeonatobrasileiroseriea,2010,atleticomineiro,13445.58,26630,0.50
campeonatobrasileiroseriea,2010,avaifc,9560.47,17252,0.55
campeonatobrasileiroseriea,2010,botafogofr,18583.53,35518,0.52
campeonatobrasileiroseriea,2010,cearasc,23519.42,44591,0.53
campeonatobrasileiroseriea,2010,clubeatleticoparanaense,15609.63,22132,0.71
campeonatobrasileiroseriea,2010,crflamengo,19135.53,57035,0.34
campeonatobrasileiroseriea,2010,cruzeiroec,16088.89,37377,0.43
campeonatobrasileiroseriea,2010,crvascodagama,13649.84,76205,0.18
campeonatobrasileiroseriea,2010,ecvitoria,15637.00,35980,0.43
campeonatobrasileiroseriea,2010,fluminensefc,23022.84,49471,0.47
campeonatobrasileiroseriea,2010,goiasec,7967.89,28917,0.28
campeonatobrasileiroseriea,2010,gremiobaruerifutebolltda,4548.11,15890,0.29
campeonatobrasileiroseriea,2010,gremiofbpa,20817.68,45420,0.46
campeonatobrasileiroseriea,2010,guaranifc,7738.95,19809,0.39
campeonatobrasileiroseriea,2010,santosfc,9250.26,17968,0.51
campeonatobrasileiroseriea,2010,saopaulofc,14683.42,42667,0.34
campeonatobrasileiroseriea,2010,sccorinthians,27449.16,35935,0.76
campeonatobrasileiroseriea,2010,scinternacional,16991.00,33787,0.50
campeonatobrasileiroseriea,2010,sepalmeiras,10970.47,24491,0.45
campeonatobrasileiroseriea,2011,americamineiro,4831.16,37034,0.13
campeonatobrasileiroseriea,2011,atleticogoianiense,9497.05,37828,0.25
campeonatobrasileiroseriea,2011,atleticomineiro,14100.16,18281,0.77
campeonatobrasileiroseriea,2011,avaifc,6784.63,12692,0.53
campeonatobrasileiroseriea,2011,botafogofr,15979.32,42000,0.38
campeonatobrasileiroseriea,2011,cearasc,13494.89,18923,0.71
campeonatobrasileiroseriea,2011,clubeatleticoparanaense,14328.16,23660,0.61
campeonatobrasileiroseriea,2011,coritibafc,18081.79,26572,0.68
campeonatobrasileiroseriea,2011,crflamengo,21095.68,42000,0.50
campeonatobrasileiroseriea,2011,cruzeiroec,10376.58,18500,0.56
campeonatobrasileiroseriea,2011,crvascodagama,16889.21,40004,0.42
campeonatobrasileiroseriea,2011,ecbahia,22741.42,32157,0.71
campeonatobrasileiroseriea,2011,figueirensefc,11473.79,18265,0.63
campeonatobrasileiroseriea,2011,fluminensefc,14741.42,40232,0.37
campeonatobrasileiroseriea,2011,gremiofbpa,16435.58,44781,0.37
campeonatobrasileiroseriea,2011,santosfc,8892.05,18044,0.49
campeonatobrasileiroseriea,2011,saopaulofc,21476.42,63871,0.34
campeonatobrasileiroseriea,2011,sccorinthians,29487.05,37157,0.79
campeonatobrasileiroseriea,2011,scinternacional,18187.63,33850,0.54
campeonatobrasileiroseriea,2011,sepalmeiras,12691.58,36299,0.35
campeonatobrasileiroseriea,2012,aapontepreta,6243.05,13468,0.46
campeonatobrasileiroseriea,2012,atleticogoianiense,5586.79,23887,0.23
campeonatobrasileiroseriea,2012,atleticomineiro,18273.89,21232,0.86
campeonatobrasileiroseriea,2012,botafogofr,11133.11,34621,0.32
campeonatobrasileiroseriea,2012,coritibafc,12647.95,20274,0.62
campeonatobrasileiroseriea,2012,crflamengo,15710.63,39060,0.40
campeonatobrasileiroseriea,2012,cruzeiroec,11677.21,17901,0.65
campeonatobrasileiroseriea,2012,crvascodagama,10596.26,21812,0.49
campeonatobrasileiroseriea,2012,ecbahia,18980.74,32157,0.59
campeonatobrasileiroseriea,2012,figueirensefc,7999.37,15086,0.53
campeonatobrasileiroseriea,2012,fluminensefc,15709.63,38862,0.40
campeonatobrasileiroseriea,2012,gremiofbpa,24489.42,43104,0.57
campeonatobrasileiroseriea,2012,nautico,14466.42,20100,0.72
campeonatobrasileiroseriea,2012,portuguesa,4236.32,8379,0.51
campeonatobrasileiroseriea,2012,santosfc,8107.84,15774,0.51
campeonatobrasileiroseriea,2012,saopaulofc,24297.84,62207,0.39
campeonatobrasileiroseriea,2012,sccorinthians,25222.42,34843,0.72
campeonatobrasileiroseriea,2012,scinternacional,9493.47,19000,0.50
campeonatobrasileiroseriea,2012,sepalmeiras,11983.11,29739,0.40
campeonatobrasileiroseriea,2012,sportrecife,17811.16,32408,0.55
campeonatobrasileiroseriea,2013,aapontepreta,6413.68,15666,0.41
campeonatobrasileiroseriea,2013,atleticomineiro,11436.05,22315,0.51
campeonatobrasileiroseriea,2013,botafogofr,16248.53,34354,0.47
campeonatobrasileiroseriea,2013,clubeatleticoparanaense,8826.00,13551,0.65
campeonatobrasileiroseriea,2013,coritibafc,14650.68,19902,0.74
campeonatobrasileiroseriea,2013,crflamengo,26652.26,55110,0.48
campeonatobrasileiroseriea,2013,criciumaec,11547.84,18081,0.64
campeonatobrasileiroseriea,2013,cruzeiroec,28906.16,56854,0.51
campeonatobrasileiroseriea,2013,crvascodagama,20561.11,61767,0.33
campeonatobrasileiroseriea,2013,ecbahia,18449.42,40249,0.46
campeonatobrasileiroseriea,2013,ecvitoria,14779.68,36996,0.40
campeonatobrasileiroseriea,2013,fluminensefc,22388.63,46860,0.48
campeonatobrasileiroseriea,2013,goiasec,12680.05,32049,0.40
campeonatobrasileiroseriea,2013,gremiofbpa,20217.89,40054,0.50
campeonatobrasileiroseriea,2013,nautico,11306.00,20661,0.55
campeonatobrasileiroseriea,2013,portuguesa,4841.63,21967,0.22
campeonatobrasileiroseriea,2013,santosfc,10405.16,63501,0.16
campeonatobrasileiroseriea,2013,saopaulofc,23115.26,55256,0.42
campeonatobrasileiroseriea,2013,sccorinthians,24440.84,36543,0.67
campeonatobrasileiroseriea,2013,scinternacional,7313.16,15273,0.48
campeonatobrasileiroseriea,2014,atleticomineiro,14132.00,20877,0.68
campeonatobrasileiroseriea,2014,botafogofr,12482.74,42391,0.29
campeonatobrasileiroseriea,2014,chapecoense,10006.58,19165,0.52
campeonatobrasileiroseriea,2014,clubeatleticoparanaense,10254.00,19667,0.52
campeonatobrasileiroseriea,2014,coritibafc,11864.89,25550,0.46
campeonatobrasileiroseriea,2014,crflamengo,30172.16,59680,0.51
campeonatobrasileiroseriea,2014,criciumaec,9119.00,14516,0.63
campeonatobrasileiroseriea,2014,cruzeiroec,29675.00,56769,0.52
campeonatobrasileiroseriea,2014,ecbahia,12438.95,36826,0.34
campeonatobrasileiroseriea,2014,ecvitoria,10267.11,25192,0.41
campeonatobrasileiroseriea,2014,figueirensefc,8378.00,15803,0.53
campeonatobrasileiroseriea,2014,fluminensefc,21271.89,50687,0.42
campeonatobrasileiroseriea,2014,goiasec,6957.84,33278,0.21
campeonatobrasileiroseriea,2014,gremiofbpa,21027.84,43653,0.48
campeonatobrasileiroseriea,2014,santosfc,9243.00,33247,0.28
campeonatobrasileiroseriea,2014,saopaulofc,28547.68,58627,0.49
campeonatobrasileiroseriea,2014,sccorinthians,29057.63,38044,0.76
campeonatobrasileiroseriea,2014,scinternacional,22705.26,41148,0.55
campeonatobrasileiroseriea,2014,sepalmeiras,19754.89,35939,0.55
campeonatobrasileiroseriea,2014,sportrecife,18267.37,36615,0.50
campeonatobrasileiroseriea,2015,aapontepreta,7068.47,11694,0.60
campeonatobrasileiroseriea,2015,atleticomineiro,23508.16,55987,0.42
campeonatobrasileiroseriea,2015,avaifc,8470.42,14582,0.58
campeonatobrasileiroseriea,2015,chapecoense,9067.21,16474,0.55
campeonatobrasileiroseriea,2015,clubeatleticoparanaense,17074.26,30120,0.57
campeonatobrasileiroseriea,2015,coritibafc,14092.84,30867,0.46
campeonatobrasileiroseriea,2015,crflamengo,32992.32,67011,0.49
campeonatobrasileiroseriea,2015,cruzeiroec,22329.00,45991,0.49
campeonatobrasileiroseriea,2015,crvascodagama,13794.11,41581,0.33
campeonatobrasileiroseriea,2015,figueirensefc,8753.32,16047,0.55
campeonatobrasileiroseriea,2015,fluminensefc,17547.53,55999,0.31
campeonatobrasileiroseriea,2015,goiasec,8228.58,34284,0.24
campeonatobrasileiroseriea,2015,gremiofbpa,25823.47,46000,0.56
campeonatobrasileiroseriea,2015,joinvilleec,9811.26,15731,0.62
campeonatobrasileiroseriea,2015,santosfc,8400.84,12974,0.65
campeonatobrasileiroseriea,2015,saopaulofc,20597.79,59612,0.35
campeonatobrasileiroseriea,2015,sccorinthians,34199.63,44976,0.76
campeonatobrasileiroseriea,2015,scinternacional,19706.79,35766,0.55
campeonatobrasileiroseriea,2015,sepalmeiras,29633.11,38794,0.76
campeonatobrasileiroseriea,2015,sportrecife,16009.21,35853,0.45
campeonatobrasileiroseriea,2016,aapontepreta,5747.37,10912,0.53
campeonatobrasileiroseriea,2016,americamineiro,4300.79,27895,0.15
campeonatobrasileiroseriea,2016,atleticomineiro,18606.11,45952,0.40
campeonatobrasileiroseriea,2016,botafogofr,7913.89,15170,0.52
campeonatobrasileiroseriea,2016,chapecoense,7647.21,13154,0.58
campeonatobrasileiroseriea,2016,clubeatleticoparanaense,15751.32,35396,0.45
campeonatobrasileiroseriea,2016,coritibafc,10001.68,16177,0.62
campeonatobrasileiroseriea,2016,crflamengo,25822.47,54655,0.47
campeonatobrasileiroseriea,2016,cruzeiroec,21206.11,46591,0.46
campeonatobrasileiroseriea,2016,ecvitoria,13734.95,34757,0.40
campeonatobrasileiroseriea,2016,figueirensefc,7119.05,16467,0.43
campeonatobrasileiroseriea,2016,fluminensefc,10011.89,43691,0.23
campeonatobrasileiroseriea,2016,gremiofbpa,21311.47,53287,0.40
campeonatobrasileiroseriea,2016,santacruzfc,9855.05,20038,0.49
campeonatobrasileiroseriea,2016,santosfc,11603.95,28700,0.40
campeonatobrasileiroseriea,2016,saopaulofc,22623.42,54996,0.41
campeonatobrasileiroseriea,2016,sccorinthians,28838.53,42099,0.69
campeonatobrasileiroseriea,2016,scinternacional,26777.05,40686,0.66
campeonatobrasileiroseriea,2016,sepalmeiras,31662.47,40035,0.79
campeonatobrasileiroseriea,2016,sportrecife,13576.42,26719,0.51
campeonatobrasileiroseriea,2017,aapontepreta,6595.68,13983,0.47
campeonatobrasileiroseriea,2017,atleticogoianiense,5859.26,17697,0.33
campeonatobrasileiroseriea,2017,atleticomineiro,15929.26,45259,0.35
campeonatobrasileiroseriea,2017,avaifc,7871.05,13446,0.59
campeonatobrasileiroseriea,2017,botafogofr,11621.63,22819,0.51
campeonatobrasileiroseriea,2017,chapecoense,10162.53,15831,0.64
campeonatobrasileiroseriea,2017,clubeatleticoparanaense,14848.11,20493,0.72
campeonatobrasileiroseriea,2017,coritibafc,15305.84,38059,0.40
campeonatobrasileiroseriea,2017,crflamengo,16569.95,50220,0.33
campeonatobrasileiroseriea,2017,cruzeiroec,16629.84,43480,0.38
campeonatobrasileiroseriea,2017,crvascodagama,15375.32,31406,0.49
campeonatobrasileiroseriea,2017,ecbahia,21657.95,35437,0.61
campeonatobrasileiroseriea,2017,ecvitoria,11381.37,30140,0.38
campeonatobrasileiroseriea,2017,fluminensefc,14950.05,27278,0.55
campeonatobrasileiroseriea,2017,gremiofbpa,21116.11,54022,0.39
campeonatobrasileiroseriea,2017,santosfc,12451.74,35769,0.35
campeonatobrasileiroseriea,2017,saopaulofc,35938.63,61142,0.59
campeonatobrasileiroseriea,2017,sccorinthians,40116.47,46493,0.86
campeonatobrasileiroseriea,2017,sepalmeiras,29880.95,39091,0.76
campeonatobrasileiroseriea,2017,sportrecife,15769.26,42025,0.38
campeonatobrasileiroseriea,2018,americamineiro,6407.47,12887,0.50
campeonatobrasileiroseriea,2018,atleticomineiro,18631.21,22654,0.82
campeonatobrasileiroseriea,2018,botafogofr,12731.95,28972,0.44
campeonatobrasileiroseriea,2018,cearasc,28581.53,57223,0.50
campeonatobrasileiroseriea,2018,chapecoense,10015.47,19992,0.50
campeonatobrasileiroseriea,2018,clubeatleticoparanaense,12179.42,22061,0.55
campeonatobrasileiroseriea,2018,crflamengo,50872.37,66046,0.77
campeonatobrasileiroseriea,2018,cruzeiroec,18714.79,30814,0.61
campeonatobrasileiroseriea,2018,crvascodagama,15383.68,54288,0.28
campeonatobrasileiroseriea,2018,ecbahia,19415.74,31626,0.61
campeonatobrasileiroseriea,2018,ecvitoria,9450.37,22332,0.42
campeonatobrasileiroseriea,2018,fluminensefc,15170.42,60000,0.25
campeonatobrasileiroseriea,2018,gremiofbpa,24000.00,51870,0.46
campeonatobrasileiroseriea,2018,paranaclube,6786.11,25076,0.27
campeonatobrasileiroseriea,2018,santosfc,11474.05,26428,0.43
campeonatobrasileiroseriea,2018,saopaulofc,34336.47,58624,0.59
campeonatobrasileiroseriea,2018,sccorinthians,31520.68,43122,0.73
campeonatobrasileiroseriea,2018,scinternacional,31818.05,45263,0.70
campeonatobrasileiroseriea,2018,sepalmeiras,32951.00,41256,0.80
campeonatobrasileiroseriea,2018,sportrecife,16717.63,28942,0.58
campeonatobrasileiroseriea,2019,athleticoparanaense,16389.79,31988,0.51
campeonatobrasileiroseriea,2019,atleticomineiro,19044.11,38937,0.49
campeonatobrasileiroseriea,2019,avaifc,8335.32,47575,0.18
campeonatobrasileiroseriea,2019,botafogofr,17608.95,33143,0.53
campeonatobrasileiroseriea,2019,cearasc,26717.32,50809,0.53
campeonatobrasileiroseriea,2019,chapecoense,6815.26,13335,0.51
campeonatobrasileiroseriea,2019,crflamengo,58992.05,69846,0.84
campeonatobrasileiroseriea,2019,cruzeiroec,27055.53,43205,0.63
campeonatobrasileiroseriea,2019,crvascodagama,21404.00,67395,0.32
campeonatobrasileiroseriea,2019,csa,12106.37,37673,0.32
campeonatobrasileiroseriea,2019,ecbahia,26509.74,43642,0.61
campeonatobrasileiroseriea,2019,fluminensefc,21493.63,42726,0.50
campeonatobrasileiroseriea,2019,fortalezaec,33686.05,52552,0.64
campeonatobrasileiroseriea,2019,goiasec,14957.11,38345,0.39
campeonatobrasileiroseriea,2019,gremiofbpa,19216.79,44376,0.43
campeonatobrasileiroseriea,2019,santosfc,10386.95,14062,0.74
campeonatobrasileiroseriea,2019,saopaulofc,29628.16,47775,0.62
campeonatobrasileiroseriea,2019,sccorinthians,33073.05,43449,0.76
campeonatobrasileiroseriea,2019,scinternacional,22506.53,40588,0.55
campeonatobrasileiroseriea,2019,sepalmeiras,28332.26,37754,0.75
campeonatobrasileiroseriea,2022,americamineiro,3828.89,9626,0.40
campeonatobrasileiroseriea,2022,athleticoparanaense,19478.89,29599,0.66
campeonatobrasileiroseriea,2022,atleticogoianiense,7143.37,12089,0.59
campeonatobrasileiroseriea,2022,atleticomineiro,31504.47,55706,0.57
campeonatobrasileiroseriea,2022,avaifc,8987.53,17557,0.51
campeonatobrasileiroseriea,2022,botafogofr,20726.68,34734,0.60
campeonatobrasileiroseriea,2022,cearasc,31636.53,52139,0.61
campeonatobrasileiroseriea,2022,coritibafc,21209.53,33304,0.64
campeonatobrasileiroseriea,2022,crflamengo,54478.84,69997,0.78
campeonatobrasileiroseriea,2022,cuiabaec,13721.63,40059,0.34
campeonatobrasileiroseriea,2022,ecjuventude,3823.37,7341,0.52
campeonatobrasileiroseriea,2022,fluminensefc,30483.79,63707,0.48
campeonatobrasileiroseriea,2022,fortalezaec,32961.42,54505,0.60
campeonatobrasileiroseriea,2022,goiasec,10410.47,13927,0.75
campeonatobrasileiroseriea,2022,rbbragantino,4768.74,9993,0.48
campeonatobrasileiroseriea,2022,santosfc,11307.00,25797,0.44
campeonatobrasileiroseriea,2022,saopaulofc,30132.47,47141,0.64
campeonatobrasileiroseriea,2022,sccorinthians,38898.42,44966,0.87
campeonatobrasileiroseriea,2022,scinternacional,22857.95,39451,0.58
campeonatobrasileiroseriea,2022,sepalmeiras,35942.63,40795,0.88
campeonatobrasileiroseriea,2023,americamineiro,6373.37,39900,0.16
campeonatobrasileiroseriea,2023,athleticoparanaense,23153.68,33118,0.70
campeonatobrasileiroseriea,2023,atleticomineiro,33067.89,53856,0.61
campeonatobrasileiroseriea,2023,botafogofr,29382.00,43071,0.68
campeonatobrasileiroseriea,2023,coritibafc,21507.00,34010,0.63
campeonatobrasileiroseriea,2023,crflamengo,57719.53,69473,0.83
campeonatobrasileiroseriea,2023,cruzeiroec,32463.84,51846,0.63
campeonatobrasileiroseriea,2023,crvascodagama,25512.89,59867,0.43
campeonatobrasileiroseriea,2023,cuiabaec,16858.79,36620,0.46
campeonatobrasileiroseriea,2023,ecbahia,36989.68,48502,0.76
campeonatobrasileiroseriea,2023,fluminensefc,32019.26,62354,0.51
campeonatobrasileiroseriea,2023,fortalezaec,33585.74,50317,0.67
campeonatobrasileiroseriea,2023,goiasec,10240.05,13799,0.74
campeonatobrasileiroseriea,2023,gremiofbpa,33486.11,51842,0.65
campeonatobrasileiroseriea,2023,rbbragantino,6055.21,10797,0.56
campeonatobrasileiroseriea,2023,santosfc,11947.32,14130,0.85
campeonatobrasileiroseriea,2023,saopaulofc,43799.79,58127,0.75
campeonatobrasileiroseriea,2023,sccorinthians,38511.37,44371,0.87
campeonatobrasileiroseriea,2023,scinternacional,26675.00,45751,0.58
campeonatobrasileiroseriea,2023,sepalmeiras,33219.68,41457,0.80
campeonatobrasileiroseriea,2024,athleticoparanaense,31963.74,42177,0.76
campeonatobrasileiroseriea,2024,atleticogoianiense,8353.16,35195,0.24
campeonatobrasileiroseriea,2024,atleticomineiro,32451.79,44048,0.74
campeonatobrasileiroseriea,2024,botafogofr,29674.47,64727,0.46
campeonatobrasileiroseriea,2024,crflamengo,54759.00,67113,0.82
campeonatobrasileiroseriea,2024,criciumaec,14650.95,19027,0.77
campeonatobrasileiroseriea,2024,cruzeiroec,35012.21,61583,0.57
campeonatobrasileiroseriea,2024,crvascodagama,19157.00,62228,0.31
campeonatobrasileiroseriea,2024,cuiabaec,7551.05,16680,0.45
campeonatobrasileiroseriea,2024,ecbahia,36401.95,48602,0.75
campeonatobrasileiroseriea,2024,ecjuventude,8670.11,26476,0.33
campeonatobrasileiroseriea,2024,ecvitoria,23402.84,30973,0.76
campeonatobrasileiroseriea,2024,fluminensefc,34790.00,59730,0.58
campeonatobrasileiroseriea,2024,fortalezaec,33335.21,57624,0.58
campeonatobrasileiroseriea,2024,gremiofbpa,23591.11,48504,0.49
campeonatobrasileiroseriea,2024,rbbragantino,6049.21,9989,0.61
campeonatobrasileiroseriea,2024,saopaulofc,38652.74,58065,0.67
campeonatobrasileiroseriea,2024,sccorinthians,43826.26,46263,0.95
campeonatobrasileiroseriea,2024,scinternacional,28957.63,48049,0.60
campeonatobrasileiroseriea,2024,sepalmeiras,32145.58,41175,0.78
campeonatobrasileiroserieb,2010,aapontepreta,4050.37,9315,0.43
campeonatobrasileiroserieb,2010,adrcicasa,2505.32,4004,0.63
campeonatobrasileiroserieb,2010,adsaocaetano,650.42,1163,0.56
campeonatobrasileiroserieb,2010,americafc,2054.42,13505,0.15
campeonatobrasileiroserieb,2010,americamineiro,3064.26,16014,0.19
campeonatobrasileiroserieb,2010,asadearapiraca,4085.74,7099,0.58
campeonatobrasileiroserieb,2010,brasiliensefc,3234.42,9064,0.36
campeonatobrasileiroserieb,2010,cabragantino,1098.00,4939,0.22
campeonatobrasileiroserieb,2010,coritibafc,8227.32,28134,0.29
campeonatobrasileiroserieb,2010,duquedecaxiasfc,400.00,900,0.44
campeonatobrasileiroserieb,2010,ecbahia,18706.58,32157,0.58
campeonatobrasileiroserieb,2010,ecsantoandre,851.53,1295,0.66
campeonatobrasileiroserieb,2010,figueirensefc,8747.58,15552,0.56
campeonatobrasileiroserieb,2010,guaratingueta,1491.32,3070,0.49
campeonatobrasileiroserieb,2010,ipatingafc,4164.16,11000,0.38
campeonatobrasileiroserieb,2010,nautico,5413.26,11772,0.46
campeonatobrasileiroserieb,2010,paranaclube,3269.58,10060,0.33
campeonatobrasileiroserieb,2010,portuguesa,1905.26,4417,0.43
campeonatobrasileiroserieb,2010,sportrecife,11562.79,24169,0.48
campeonatobrasileiroserieb,2010,vilanovafc,6065.32,21576,0.28
campeonatobrasileiroserieb,2011,aapontepreta,5579.16,17093,0.33
campeonatobrasileiroserieb,2011,abcfc,5383.42,10518,0.51
campeonatobrasileiroserieb,2011,adrcicasa,2523.16,7572,0.33
campeonatobrasileiroserieb,2011,adsaocaetano,698.05,2121,0.33
campeonatobrasileiroserieb,2011,americana,1457.95,4354,0.33
campeonatobrasileiroserieb,2011,asadearapiraca,4140.58,8505,0.49
campeonatobrasileiroserieb,2011,boaec,3028.05,5885,0.51
campeonatobrasileiroserieb,2011,cabragantino,3421.79,12965,0.26
campeonatobrasileiroserieb,2011,criciumaec,6002.00,9307,0.64
campeonatobrasileiroserieb,2011,duquedecaxiasfc,210.37,900,0.23
campeonatobrasileiroserieb,2011,ecvitoria,11850.00,34742,0.34
campeonatobrasileiroserieb,2011,goiasec,8058.84,21754,0.37
campeonatobrasileiroserieb,2011,gremiobaruerifutebolltda,8379.89,13425,0.62
campeonatobrasileiroserieb,2011,guaranifc,2685.53,9571,0.28
campeonatobrasileiroserieb,2011,nautico,9085.00,19764,0.46
campeonatobrasileiroserieb,2011,paranaclube,3780.32,9045,0.42
campeonatobrasileiroserieb,2011,portuguesa,4428.11,12829,0.35
campeonatobrasileiroserieb,2011,salgueiroac,2395.84,8399,0.29
campeonatobrasileiroserieb,2011,sportrecife,11623.89,20040,0.58
campeonatobrasileiroserieb,2011,vilanovafc,5145.95,14023,0.37
campeonatobrasileiroserieb,2012,abcfc,4254.32,6360,0.67
campeonatobrasileiroserieb,2012,adsaocaetano,997.47,5101,0.20
campeonatobrasileiroserieb,2012,americafc,1855.11,5191,0.36
campeonatobrasileiroserieb,2012,americamineiro,1949.37,4254,0.46
campeonatobrasileiroserieb,2012,asadearapiraca,4653.16,9340,0.50
campeonatobrasileiroserieb,2012,avaifc,3963.63,6432,0.62
campeonatobrasileiroserieb,2012,boaec,1821.32,3748,0.49
campeonatobrasileiroserieb,2012,cabragantino,1265.53,6773,0.19
campeonatobrasileiroserieb,2012,cearasc,8879.00,16147,0.55
campeonatobrasileiroserieb,2012,clubeatleticoparanaense,3398.89,5583,0.61
campeonatobrasileiroserieb,2012,crb,5874.26,10782,0.54
campeonatobrasileiroserieb,2012,criciumaec,10289.79,17278,0.60
campeonatobrasileiroserieb,2012,ecvitoria,16192.42,35000,0.46
campeonatobrasileiroserieb,2012,goiasec,14185.16,38000,0.37
campeonatobrasileiroserieb,2012,gremiobaruerifutebolltda,914.63,1412,0.65
campeonatobrasileiroserieb,2012,guaranifc,2379.47,9618,0.25
campeonatobrasileiroserieb,2012,guaratingueta,952.42,3850,0.25
campeonatobrasileiroserieb,2012,ipatingafc,330.47,850,0.39
campeonatobrasileiroserieb,2012,joinvilleec,9397.11,18115,0.52
campeonatobrasileiroserieb,2012,paranaclube,3335.05,9241,0.36
campeonatobrasileiroserieb,2013,abcfc,4482.16,15636,0.29
campeonatobrasileiroserieb,2013,adrcicasa,3175.37,10750,0.30
campeonatobrasileiroserieb,2013,adsaocaetano,580.42,3960,0.15
campeonatobrasileiroserieb,2013,americafc,2588.84,12959,0.20
campeonatobrasileiroserieb,2013,americamineiro,1973.00,4632,0.43
campeonatobrasileiroserieb,2013,asadearapiraca,3510.42,11519,0.30
campeonatobrasileiroserieb,2013,atleticogoianiense,3687.53,22691,0.16
campeonatobrasileiroserieb,2013,avaifc,6069.05,16077,0.38
campeonatobrasileiroserieb,2013,boaec,1829.79,9789,0.19
campeonatobrasileiroserieb,2013,cabragantino,1077.00,6205,0.17
campeonatobrasileiroserieb,2013,cearasc,13902.37,48960,0.28
campeonatobrasileiroserieb,2013,chapecoense,6786.37,9945,0.68
campeonatobrasileiroserieb,2013,figueirensefc,5111.21,9712,0.53
campeonatobrasileiroserieb,2013,guaratingueta,1588.21,10315,0.15
campeonatobrasileiroserieb,2013,joinvilleec,8412.21,15653,0.54
campeonatobrasileiroserieb,2013,oestefc,2338.47,19133,0.12
campeonatobrasileiroserieb,2013,paranaclube,6256.84,12295,0.51
campeonatobrasileiroserieb,2013,paysandusc,7581.32,29948,0.25
campeonatobrasileiroserieb,2013,sepalmeiras,14973.89,33478,0.45
campeonatobrasileiroserieb,2013,sportrecife,15747.74,27054,0.58
campeonatobrasileiroserieb,2014,aapontepreta,6171.79,11177,0.55
campeonatobrasileiroserieb,2014,abcfc,5395.21,27044,0.20
campeonatobrasileiroserieb,2014,adrcicasa,2289.74,7359,0.31
campeonatobrasileiroserieb,2014,americafc,3944.95,19562,0.20
campeonatobrasileiroserieb,2014,americamineiro,6459.68,15592,0.41
campeonatobrasileiroserieb,2014,atleticogoianiense,2135.47,8957,0.24
campeonatobrasileiroserieb,2014,avaifc,5055.47,8966,0.56
campeonatobrasileiroserieb,2014,boaec,1950.21,6509,0.30
campeonatobrasileiroserieb,2014,cabragantino,2760.05,7965,0.35
campeonatobrasileiroserieb,2014,cearasc,11451.11,30256,0.38
campeonatobrasileiroserieb,2014,crvascodagama,15187.53,56334,0.27
campeonatobrasileiroserieb,2014,joinvilleec,10003.21,17851,0.56
campeonatobrasileiroserieb,2014,luverdenseec,2678.16,15221,0.18
campeonatobrasileiroserieb,2014,nautico,6629.74,11239,0.59
campeonatobrasileiroserieb,2014,oestefc,1764.95,26621,0.07
campeonatobrasileiroserieb,2014,paranaclube,3274.89,6559,0.50
campeonatobrasileiroserieb,2014,portuguesa,994.74,2888,0.34
campeonatobrasileiroserieb,2014,sampaiocorreafc,13664.11,37332,0.37
campeonatobrasileiroserieb,2014,santacruzfc,14202.26,34746,0.41
campeonatobrasileiroserieb,2014,vilanovafc,3964.84,19921,0.20
campeonatobrasileiroserieb,2015,abcfc,3456.79,8132,0.43
campeonatobrasileiroserieb,2015,americamineiro,3384.53,17604,0.19
campeonatobrasileiroserieb,2015,atleticogoianiense,2278.00,7822,0.29
campeonatobrasileiroserieb,2015,boaec,2121.32,5472,0.39
campeonatobrasileiroserieb,2015,botafogofr,10777.32,23805,0.45
campeonatobrasileiroserieb,2015,cabragantino,3757.16,13607,0.28
campeonatobrasileiroserieb,2015,cearasc,16439.26,45539,0.36
campeonatobrasileiroserieb,2015,crb,4413.37,10028,0.44
campeonatobrasileiroserieb,2015,criciumaec,4683.26,14041,0.33
campeonatobrasileiroserieb,2015,ecbahia,17091.95,37169,0.46
campeonatobrasileiroserieb,2015,ecvitoria,13345.42,41348,0.32
campeonatobrasileiroserieb,2015,luverdenseec,1150.74,3723,0.31
campeonatobrasileiroserieb,2015,macaeesportefc,834.21,3376,0.25
campeonatobrasileiroserieb,2015,mogimirimec,1800.42,10034,0.18
campeonatobrasileiroserieb,2015,nautico,6612.16,14561,0.45
campeonatobrasileiroserieb,2015,oestefc,2618.63,10192,0.26
campeonatobrasileiroserieb,2015,paranaclube,3891.79,14986,0.26
campeonatobrasileiroserieb,2015,paysandusc,14478.84,30201,0.48
campeonatobrasileiroserieb,2015,sampaiocorreafc,11299.21,21433,0.53
campeonatobrasileiroserieb,2015,santacruzfc,14647.68,44485,0.33
campeonatobrasileiroserieb,2016,atleticogoianiense,5928.79,17399,0.34
campeonatobrasileiroserieb,2016,avaifc,5960.00,15139,0.39
campeonatobrasileiroserieb,2016,cabragantino,1001.37,3219,0.31
campeonatobrasileiroserieb,2016,cearasc,11224.26,56400,0.20
campeonatobrasileiroserieb,2016,crb,7306.84,11225,0.65
campeonatobrasileiroserieb,2016,criciumaec,4103.68,8263,0.50
campeonatobrasileiroserieb,2016,crvascodagama,7967.37,56426,0.14
campeonatobrasileiroserieb,2016,ecbahia,17203.79,44042,0.39
campeonatobrasileiroserieb,2016,gebrasil,2808.11,5211,0.54
campeonatobrasileiroserieb,2016,goiasec,4331.32,14587,0.30
campeonatobrasileiroserieb,2016,joinvilleec,4418.89,8794,0.50
campeonatobrasileiroserieb,2016,londrinaec,5001.26,13318,0.38
campeonatobrasileiroserieb,2016,luverdenseec,1060.79,4348,0.24
campeonatobrasileiroserieb,2016,nautico,7630.26,25602,0.30
campeonatobrasileiroserieb,2016,oestefc,1574.26,3883,0.41
campeonatobrasileiroserieb,2016,paranaclube,2339.21,6046,0.39
campeonatobrasileiroserieb,2016,paysandusc,9201.05,28938,0.32
campeonatobrasileiroserieb,2016,sampaiocorreafc,5288.63,32180,0.16
campeonatobrasileiroserieb,2016,tupifc,1450.16,11812,0.12
campeonatobrasileiroserieb,2016,vilanovafc,5034.95,11862,0.42
campeonatobrasileiroserieb,2017,abcfc,3245.58,7493,0.43
campeonatobrasileiroserieb,2017,americamineiro,5154.53,22481,0.23
campeonatobrasileiroserieb,2017,boaec,1190.42,3952,0.30
campeonatobrasileiroserieb,2017,cearasc,21221.00,56999,0.37
campeonatobrasileiroserieb,2017,crb,6584.11,15636,0.42
campeonatobrasileiroserieb,2017,criciumaec,3248.32,10122,0.32
campeonatobrasileiroserieb,2017,ecjuventude,4453.53,12113,0.37
campeonatobrasileiroserieb,2017,figueirensefc,4138.00,7891,0.52
campeonatobrasileiroserieb,2017,gebrasil,4262.68,10449,0.41
campeonatobrasileiroserieb,2017,goiasec,6017.00,12820,0.47
campeonatobrasileiroserieb,2017,guaranifc,4087.63,9890,0.41
campeonatobrasileiroserieb,2017,londrinaec,3205.84,6913,0.46
campeonatobrasileiroserieb,2017,luverdenseec,1394.21,4543,0.31
campeonatobrasileiroserieb,2017,nautico,3969.16,13450,0.30
campeonatobrasileiroserieb,2017,oestefc,2797.42,10205,0.27
campeonatobrasileiroserieb,2017,paranaclube,11071.63,39414,0.28
campeonatobrasileiroserieb,2017,paysandusc,6848.00,13952,0.49
campeonatobrasileiroserieb,2017,santacruzfc,7339.42,25356,0.29
campeonatobrasileiroserieb,2017,scinternacional,26648.79,38022,0.70
campeonatobrasileiroserieb,2017,vilanovafc,6761.21,22076,0.31
campeonatobrasileiroserieb,2018,aapontepreta,6028.00,15053,0.40
campeonatobrasileiroserieb,2018,atleticogoianiense,3165.47,8913,0.36
campeonatobrasileiroserieb,2018,avaifc,6121.89,16460,0.37
campeonatobrasileiroserieb,2018,boaec,600.26,930,0.65
campeonatobrasileiroserieb,2018,coritibafc,5002.16,9550,0.52
campeonatobrasileiroserieb,2018,crb,5222.63,10511,0.50
campeonatobrasileiroserieb,2018,criciumaec,3504.11,9022,0.39
campeonatobrasileiroserieb,2018,csa,10936.47,18702,0.58
campeonatobrasileiroserieb,2018,ecjuventude,2703.37,6027,0.45
campeonatobrasileiroserieb,2018,ecsaobento,2358.42,4421,0.53
campeonatobrasileiroserieb,2018,figueirensefc,3382.68,13136,0.26
campeonatobrasileiroserieb,2018,fortalezaec,29401.21,57223,0.51
campeonatobrasileiroserieb,2018,gebrasil,3158.58,5845,0.54
campeonatobrasileiroserieb,2018,goiasec,8738.37,32036,0.27
campeonatobrasileiroserieb,2018,guaranifc,4165.37,18078,0.23
campeonatobrasileiroserieb,2018,londrinaec,3392.32,24225,0.14
campeonatobrasileiroserieb,2018,oestefc,930.37,2425,0.38
campeonatobrasileiroserieb,2018,paysandusc,5871.16,14717,0.40
campeonatobrasileiroserieb,2018,sampaiocorreafc,3602.21,6003,0.60
campeonatobrasileiroserieb,2018,vilanovafc,7709.84,19974,0.39
campeonatobrasileiroserieb,2019,aapontepreta,3904.37,14674,0.27
campeonatobrasileiroserieb,2019,americamineiro,3928.84,20348,0.19
campeonatobrasileiroserieb,2019,atleticogoianiense,3755.74,6712,0.56
campeonatobrasileiroserieb,2019,botafogofc,4099.32,6878,0.60
campeonatobrasileiroserieb,2019,cabragantino,6207.26,9577,0.65
campeonatobrasileiroserieb,2019,coritibafc,23399.68,39619,0.59
campeonatobrasileiroserieb,2019,crb,4059.95,7119,0.57
campeonatobrasileiroserieb,2019,criciumaec,4772.42,11842,0.40
campeonatobrasileiroserieb,2019,cuiabaec,4601.47,7802,0.59
campeonatobrasileiroserieb,2019,ecsaobento,1941.47,3156,0.62
campeonatobrasileiroserieb,2019,ecvitoria,7579.00,17981,0.42
campeonatobrasileiroserieb,2019,figueirensefc,5623.21,15159,0.37
campeonatobrasileiroserieb,2019,gebrasil,3555.32,6485,0.55
campeonatobrasileiroserieb,2019,guaranifc,3720.26,12607,0.30
campeonatobrasileiroserieb,2019,londrinaec,3712.21,8024,0.46
campeonatobrasileiroserieb,2019,oestefc,905.11,1516,0.60
campeonatobrasileiroserieb,2019,operariofec,4815.32,6332,0.76
campeonatobrasileiroserieb,2019,paranaclube,5404.53,11630,0.46
campeonatobrasileiroserieb,2019,sportrecife,14989.63,24420,0.61
campeonatobrasileiroserieb,2019,vilanovafc,3455.63,10123,0.34
campeonatobrasileiroserieb,2022,aapontepreta,4468.42,16850,0.27
campeonatobrasileiroserieb,2022,brusquefc,2605.00,5603,0.46
campeonatobrasileiroserieb,2022,chapecoense,5145.37,14047,0.37
campeonatobrasileiroserieb,2022,crb,5750.42,14090,0.41
campeonatobrasileiroserieb,2022,criciumaec,11267.63,19219,0.59
campeonatobrasileiroserieb,2022,cruzeiroec,41037.05,61291,0.67
campeonatobrasileiroserieb,2022,crvascodagama,23688.89,63609,0.37
campeonatobrasileiroserieb,2022,csa,7944.11,14998,0.53
campeonatobrasileiroserieb,2022,ecbahia,31167.95,48866,0.64
campeonatobrasileiroserieb,2022,gremiofbpa,23517.32,49659,0.47
campeonatobrasileiroserieb,2022,gremionovorizontino,1682.05,3118,0.54
campeonatobrasileiroserieb,2022,guaranifc,5911.16,33048,0.18
campeonatobrasileiroserieb,2022,ituanofc,2718.26,14322,0.19
campeonatobrasileiroserieb,2022,londrinaec,2478.53,6205,0.40
campeonatobrasileiroserieb,2022,nautico,7421.37,15314,0.48
campeonatobrasileiroserieb,2022,operariofec,3793.16,6292,0.60
campeonatobrasileiroserieb,2022,sampaiocorreafc,6043.47,29280,0.21
campeonatobrasileiroserieb,2022,sportrecife,15559.95,30445,0.51
campeonatobrasileiroserieb,2022,tombensefc,1332.74,8357,0.16
campeonatobrasileiroserieb,2022,vilanovafc,4621.32,11703,0.39
campeonatobrasileiroserieb,2023,aapontepreta,4800.58,11726,0.41
campeonatobrasileiroserieb,2023,abcfc,4959.11,14057,0.35
campeonatobrasileiroserieb,2023,atleticogoianiense,6756.79,12089,0.56
campeonatobrasileiroserieb,2023,avaifc,7243.58,14875,0.49
campeonatobrasileiroserieb,2023,botafogofc,3203.89,5949,0.54
campeonatobrasileiroserieb,2023,cearasc,22189.68,41153,0.54
campeonatobrasileiroserieb,2023,chapecoense,5849.58,12687,0.46
campeonatobrasileiroserieb,2023,crb,4861.63,14896,0.33
campeonatobrasileiroserieb,2023,criciumaec,14035.00,18673,0.75
campeonatobrasileiroserieb,2023,ecjuventude,5808.00,14213,0.41
campeonatobrasileiroserieb,2023,ecvitoria,23702.26,29168,0.81
campeonatobrasileiroserieb,2023,gremionovorizontino,2637.11,4719,0.56
campeonatobrasileiroserieb,2023,guaranifc,6490.58,15937,0.41
campeonatobrasileiroserieb,2023,ituanofc,1527.58,3294,0.46
campeonatobrasileiroserieb,2023,londrinaec,1002.84,2054,0.49
campeonatobrasileiroserieb,2023,mirassolfc,2357.63,5445,0.43
campeonatobrasileiroserieb,2023,sampaiocorreafc,4166.74,8740,0.48
campeonatobrasileiroserieb,2023,sportrecife,19276.21,26345,0.73
campeonatobrasileiroserieb,2023,tombensefc,1103.84,4657,0.24
campeonatobrasileiroserieb,2023,vilanovafc,8716.63,23311,0.37
campeonatobrasileiroserieb,2024,aapontepreta,5126.74,16762,0.31
campeonatobrasileiroserieb,2024,amazonasfc,6934.89,17672,0.39
campeonatobrasileiroserieb,2024,americamineiro,2971.74,7303,0.41
campeonatobrasileiroserieb,2024,avaifc,6239.47,14721,0.42
campeonatobrasileiroserieb,2024,botafogofc,3074.47,8726,0.35
campeonatobrasileiroserieb,2024,brusquefc,1510.58,4927,0.31
campeonatobrasileiroserieb,2024,cearasc,28435.37,63908,0.44
campeonatobrasileiroserieb,2024,chapecoense,5116.32,11808,0.43
campeonatobrasileiroserieb,2024,coritibafc,14135.21,21081,0.67
campeonatobrasileiroserieb,2024,crb,6488.00,13915,0.47
campeonatobrasileiroserieb,2024,goiasec,5862.74,11371,0.52
campeonatobrasileiroserieb,2024,gremionovorizontino,3634.47,8263,0.44
campeonatobrasileiroserieb,2024,guaranifc,4092.47,10567,0.39
campeonatobrasileiroserieb,2024,ituanofc,1941.84,11716,0.17
campeonatobrasileiroserieb,2024,mirassolfc,3746.21,11202,0.33
campeonatobrasileiroserieb,2024,operariofec,3717.53,7482,0.50
campeonatobrasileiroserieb,2024,paysandusc,13924.16,40632,0.34
campeonatobrasileiroserieb,2024,santosfc,11151.58,15750,0.71
campeonatobrasileiroserieb,2024,sportrecife,18307.89,26345,0.69
campeonatobrasileiroserieb,2024,vilanovafc,5653.26,9660,0.59
challengerproleague,2006,afctubize,820.59,3000,0.27
challengerproleague,2006,fcvdendereh,2494.12,5000,0.50
challengerproleague,2006,kaseupen,873.53,2000,0.44
challengerproleague,2006,kfcdesselsport,929.41,2500,0.37
challengerproleague,2006,kfcvwhamme,1182.35,2800,0.42
challengerproleague,2006,kmskdeinze2024,1268.76,2500,0.51
challengerproleague,2006,koverpeltlommelunited,2611.76,5000,0.52
challengerproleague,2006,krcwaregem,1003.53,2000,0.50
challengerproleague,2006,kskronse2022,1119.12,2975,0.38
challengerproleague,2006,kvkortrijk,1714.71,3400,0.50
challengerproleague,2006,kvktienen,1579.41,5000,0.32
challengerproleague,2006,kvmechelen,6710.76,10700,0.63
challengerproleague,2006,kvoostende2024,2226.88,4400,0.51
challengerproleague,2006,kvredstarwaasland,963.71,3200,0.30
challengerproleague,2006,oudheverleeleuven,2864.71,6000,0.48
challengerproleague,2006,royalantuerpiafc,6580.24,14664,0.45
challengerproleague,2006,royalexcelsiorvirton,1000.00,2500,0.40
challengerproleague,2006,unionsaintgilloise,1794.12,4000,0.45
challengerproleague,2007,afctubize,977.78,2000,0.49
challengerproleague,2007,kaseupen,1041.67,2000,0.52
challengerproleague,2007,kfcverbroederinggeel2008,1550.00,3000,0.52
challengerproleague,2007,kfcvwhamme,1152.78,2500,0.46
challengerproleague,2007,kmskdeinze2024,1310.72,2600,0.50
challengerproleague,2007,koverpeltlommelunited,2611.11,4500,0.58
challengerproleague,2007,kskbeveren2010,2927.78,7000,0.42
challengerproleague,2007,kvkortrijk,2308.33,6000,0.38
challengerproleague,2007,kvktienen,1311.11,3000,0.44
challengerproleague,2007,kvoostende2024,1922.22,2700,0.71
challengerproleague,2007,kvredstarwaasland,877.22,1900,0.46
challengerproleague,2007,liersesk2018,5110.06,7400,0.69
challengerproleague,2007,oudheverleeleuven,2888.89,4500,0.64
challengerproleague,2007,rfctournai,1211.11,2000,0.61
challengerproleague,2007,roccharleroimarchienne,1544.44,4000,0.39
challengerproleague,2007,royalantuerpiafc,5611.11,14000,0.40
challengerproleague,2007,royalexcelsiorvirton,1183.33,1900,0.62
challengerproleague,2007,unionsaintgilloise,1333.33,2000,0.67
challengerproleague,2007,urnamur,1405.56,3000,0.47
challengerproleague,2008,fcbrussel,1855.56,3500,0.53
challengerproleague,2008,kaseupen,977.22,2200,0.44
challengerproleague,2008,kfcvwhamme,1136.11,2400,0.47
challengerproleague,2008,kmskdeinze2024,1234.33,2433,0.51
challengerproleague,2008,koverpeltlommelunited,2272.22,6500,0.35
challengerproleague,2008,kskbeveren2010,3205.56,6000,0.53
challengerproleague,2008,kskronse2022,1202.78,2300,0.52
challengerproleague,2008,kvktienen,1613.33,5500,0.29
challengerproleague,2008,kvoostende2024,2025.39,3500,0.58
challengerproleague,2008,kvredstarwaasland,1105.56,3000,0.37
challengerproleague,2008,liersesk2018,6793.67,12500,0.54
challengerproleague,2008,oudheverleeleuven,2350.00,6000,0.39
challengerproleague,2008,rfcluttich,1833.33,5000,0.37
challengerproleague,2008,rfctournai,1285.39,3707,0.35
challengerproleague,2008,roccharleroimarchienne,1325.50,2759,0.48
challengerproleague,2008,royalantuerpiafc,5736.72,10000,0.57
challengerproleague,2008,royalexcelsiorvirton,1289.17,3505,0.37
challengerproleague,2008,urnamur,921.67,1900,0.49
challengerproleague,2008,vvsttruiden,6767.61,10000,0.68
challengerproleague,2009,afctubize,1219.44,2100,0.58
challengerproleague,2009,fcbrussel,1439.22,3000,0.48
challengerproleague,2009,fcvdendereh,2572.83,5000,0.51
challengerproleague,2009,kaseupen,1322.22,3000,0.44
challengerproleague,2009,koverpeltlommelunited,2225.33,5000,0.45
challengerproleague,2009,kskbeveren2010,2999.56,4836,0.62
challengerproleague,2009,kskronse2022,1165.00,1500,0.78
challengerproleague,2009,kvktienen,1169.44,2500,0.47
challengerproleague,2009,kvoostende2024,2313.89,6800,0.34
challengerproleague,2009,kvredstarwaasland,1349.89,3500,0.39
challengerproleague,2009,kvturnhout,1300.00,2500,0.52
challengerproleague,2009,liersesk2018,8225.44,14538,0.57
challengerproleague,2009,oudheverleeleuven,2100.00,4000,0.53
challengerproleague,2009,raecmons2015,2151.11,4500,0.48
challengerproleague,2009,rfcluttich,1426.67,2500,0.57
challengerproleague,2009,rfctournai,1109.44,1750,0.63
challengerproleague,2009,royalantuerpiafc,4878.06,9500,0.51
challengerproleague,2009,royalboussudourborinage,1188.89,3500,0.34
challengerproleague,2009,standaardwetteren2015,1027.50,2300,0.45
challengerproleague,2010,afctubize,1101.29,2000,0.55
challengerproleague,2010,csvise2015,1202.94,2500,0.48
challengerproleague,2010,fcbrussel,1147.76,3000,0.38
challengerproleague,2010,fcrupelboom,1587.88,4500,0.35
challengerproleague,2010,fcvdendereh,1845.18,2800,0.66
challengerproleague,2010,kskheist,1133.88,3000,0.38
challengerproleague,2010,ksvroeselare2020,2105.06,3200,0.66
challengerproleague,2010,kvktienen,1300.24,3400,0.38
challengerproleague,2010,kvoostende2024,1448.88,2850,0.51
challengerproleague,2010,kvrswaaslandskbeveren,4064.71,7500,0.54
challengerproleague,2010,kvturnhout,1263.88,2786,0.45
challengerproleague,2010,lommelunited,2870.59,6000,0.48
challengerproleague,2010,oudheverleeleuven,3348.53,7400,0.45
challengerproleague,2010,raecmons2015,2221.35,4300,0.52
challengerproleague,2010,rfctournai,967.65,2100,0.46
challengerproleague,2010,royalantuerpiafc,5031.47,8750,0.58
challengerproleague,2010,royalboussudourborinage,948.24,2500,0.38
challengerproleague,2010,standaardwetteren2015,744.94,1756,0.42
challengerproleague,2011,afctubize,568.06,1507,0.38
challengerproleague,2011,csvise2015,908.82,2750,0.33
challengerproleague,2011,fcbrussel,1094.12,1800,0.61
challengerproleague,2011,fcvdendereh,1440.41,4800,0.30
challengerproleague,2011,kaseupen,2367.12,4537,0.52
challengerproleague,2011,kskheist,1149.76,2447,0.47
challengerproleague,2011,ksvroeselare2020,1967.65,3200,0.61
challengerproleague,2011,kvktienen,987.76,1800,0.55
challengerproleague,2011,kvoostende2024,1840.35,3250,0.57
challengerproleague,2011,kvrswaaslandskbeveren,3670.59,7500,0.49
challengerproleague,2011,lommelunited,1968.06,3757,0.52
challengerproleague,2011,rcharleroisc,5285.24,13555,0.39
challengerproleague,2011,royalantuerpiafc,6024.47,8814,0.68
challengerproleague,2011,royalboussudourborinage,808.24,2000,0.40
challengerproleague,2011,sksintniklaas,983.53,2800,0.35
challengerproleague,2011,standaardwetteren2015,552.53,950,0.58
challengerproleague,2011,vceendrachtaalst20022024,3294.12,5000,0.66
challengerproleague,2011,whitestarwoluwefc,894.12,2000,0.45
challengerproleague,2012,afctubize,524.12,1000,0.52
challengerproleague,2012,csvise2015,533.82,1250,0.43
challengerproleague,2012,fcbrussel,614.71,1000,0.61
challengerproleague,2012,kaseupen,1688.94,2802,0.60
challengerproleague,2012,kfcdesselsport,984.71,3140,0.31
challengerproleague,2012,kskheist,1091.76,2550,0.43
challengerproleague,2012,ksvoudenaarde,920.00,2000,0.46
challengerproleague,2012,ksvroeselare2020,1732.65,3695,0.47
challengerproleague,2012,kvcwesterlo,3097.06,6500,0.48
challengerproleague,2012,kvoostende2024,2610.82,5850,0.45
challengerproleague,2012,lommelunited,1614.71,5000,0.32
challengerproleague,2012,royalantuerpiafc,4928.24,8635,0.57
challengerproleague,2012,royalboussudourborinage,674.59,1300,0.52
challengerproleague,2012,royalmouscronperuwelz,1661.76,2800,0.59
challengerproleague,2012,sksintniklaas,601.18,1950,0.31
challengerproleague,2012,vceendrachtaalst20022024,2750.00,5000,0.55
challengerproleague,2012,vvsttruiden,6027.94,7183,0.84
challengerproleague,2012,whitestarwoluwefc,844.12,1500,0.56
challengerproleague,2014,afctubize,672.00,2100,0.32
challengerproleague,2014,kaseupen,1967.06,4600,0.43
challengerproleague,2014,kfcdesselsport,936.76,2000,0.47
challengerproleague,2014,krcmechelen,1173.53,2400,0.49
challengerproleague,2014,kskheist,1012.35,2000,0.51
challengerproleague,2014,ksvroeselare2020,1400.65,3451,0.41
challengerproleague,2014,kvwoluwezaventem,708.82,1500,0.47
challengerproleague,2014,lommelunited,2820.59,6000,0.47
challengerproleague,2014,oudheverleeleuven,5257.41,7500,0.70
challengerproleague,2014,patroeisdenmaasmechelen,1647.06,3000,0.55
challengerproleague,2014,raecmons2015,1658.82,2900,0.57
challengerproleague,2014,royalantuerpiafc,4852.53,8235,0.59
challengerproleague,2014,royalexcelsiorvirton,1442.06,3050,0.47
challengerproleague,2014,seraingunited,1256.47,3000,0.42
challengerproleague,2014,vceendrachtaalst20022024,2258.82,3200,0.71
challengerproleague,2014,verbroederingmeerhout,1979.41,5500,0.36
challengerproleague,2014,vvsttruiden,6509.24,11800,0.55
challengerproleague,2014,whitestarbrussel2017,485.65,1200,0.40
challengerproleague,2015,afctubize,1026.06,4280,0.24
challengerproleague,2015,cerclebrugge,4675.06,9000,0.52
challengerproleague,2015,kaseupen,1786.31,4507,0.40
challengerproleague,2015,kfcdesselsport,1086.12,3773,0.29
challengerproleague,2015,kmskdeinze2024,1053.19,2751,0.38
challengerproleague,2015,kskheist,794.06,2805,0.28
challengerproleague,2015,ksvroeselare2020,1481.38,4152,0.36
challengerproleague,2015,kvvcoxyde2017,711.88,2790,0.26
challengerproleague,2015,liersesk2018,4234.44,7144,0.59
challengerproleague,2015,lommelunited,2162.50,4500,0.48
challengerproleague,2015,patroeisdenmaasmechelen,887.50,2200,0.40
challengerproleague,2015,rfcseraing,820.00,2345,0.35
challengerproleague,2015,royalantuerpiafc,11560.44,13500,0.86
challengerproleague,2015,royalexcelsiorvirton,1121.25,1515,0.74
challengerproleague,2015,unionsaintgilloise,2218.75,4800,0.46
challengerproleague,2015,verbroederingmeerhout,1409.88,3058,0.46
challengerproleague,2015,whitestarbrussel2017,545.88,1507,0.36
challengerproleague,2022,beerschotva,4208.00,5303,0.79
challengerproleague,2022,clubnxt,564.82,1794,0.31
challengerproleague,2022,fcvdendereh,1099.27,1797,0.61
challengerproleague,2022,jonggenk,703.64,1950,0.36
challengerproleague,2022,kmskdeinze2024,662.82,1124,0.59
challengerproleague,2022,kskliersekempenzonen,2315.82,4296,0.54
challengerproleague,2022,lommelsk,1105.36,2065,0.54
challengerproleague,2022,royalexcelsiorvirton,1351.55,1662,0.81
challengerproleague,2022,rscafutures,745.09,2219,0.34
challengerproleague,2022,rwdmolenbeek,2009.64,3168,0.63
challengerproleague,2022,skbeveren,2838.82,5100,0.56
challengerproleague,2022,standardlieja16fc,418.64,764,0.55
challengerproleague,2023,beerschotva,4869.47,10511,0.46
challengerproleague,2023,clubnxt,567.93,1934,0.29
challengerproleague,2023,fcvdendereh,1235.47,3618,0.34
challengerproleague,2023,francsborains,1148.40,3398,0.34
challengerproleague,2023,jonggenk,473.47,814,0.58
challengerproleague,2023,kmskdeinze2024,1054.93,3502,0.30
challengerproleague,2023,kskliersekempenzonen,2462.13,3620,0.68
challengerproleague,2023,kvoostende2024,2631.00,4233,0.62
challengerproleague,2023,lommelsk,1394.13,2121,0.66
challengerproleague,2023,patroeisdenmaasmechelen,1518.33,2580,0.59
challengerproleague,2023,rfcluttich,2180.40,3381,0.64
challengerproleague,2023,rfcseraing,1118.67,2630,0.43
challengerproleague,2023,rscafutures,418.60,1153,0.36
challengerproleague,2023,skbeveren,2747.67,3903,0.70
challengerproleague,2023,standardlieja16fc,521.27,2943,0.18
challengerproleague,2023,zultewaregem,5736.73,7636,0.75
championship,2004,afcsunderland,28820.61,47350,0.61
championship,2004,brightonhovealbion,6426.48,6848,0.94
championship,2004,cardiffcity,12976.26,17006,0.76
championship,2004,coventrycity,16047.74,22728,0.71
championship,2004,crewealexandra,7403.17,9269,0.80
championship,2004,derbycounty,25230.83,31237,0.81
championship,2004,fcburnley,12465.78,17789,0.70
championship,2004,fcreading,17168.70,23203,0.74
championship,2004,fcwatford,14289.65,19673,0.73
championship,2004,gillinghamfc,8527.91,10810,0.79
championship,2004,ipswichtownfc,25651.35,30003,0.85
championship,2004,leedsunitedfc,29207.35,34496,0.85
championship,2004,leicestercityfc,24136.78,30231,0.80
championship,2004,millwallfc,11655.96,15603,0.75
championship,2004,nottinghamforest,23565.09,28887,0.82
championship,2004,plymouthargyle,16419.26,20555,0.80
championship,2004,prestonnorthend,13888.57,20221,0.69
championship,2004,queensparkrangers,16055.78,18363,0.87
championship,2004,rotherhamunited,6272.26,9050,0.69
championship,2004,sheffieldunited,19594.30,22959,0.85
championship,2004,stokecity,16455.22,23029,0.71
championship,2004,westhamunited,27403.30,33482,0.82
championship,2004,wiganathletic,11562.65,20745,0.56
championship,2004,wolverhamptonwanderers,26619.96,28516,0.93
championship,2005,brightonhovealbion,6802.13,7999,0.85
championship,2005,cardiffcity,11720.09,16403,0.71
championship,2005,coventrycity,21179.61,26851,0.79
championship,2005,crewealexandra,6740.52,8942,0.75
championship,2005,crystalpalacefc,19457.04,23843,0.82
championship,2005,derbycounty,24166.13,30391,0.80
championship,2005,fcburnley,12461.57,17912,0.70
championship,2005,fcreading,20233.78,23845,0.85
championship,2005,fcsouthampton,23613.70,30173,0.78
championship,2005,fcwatford,15449.65,19842,0.78
championship,2005,hullcity,19841.35,23486,0.84
championship,2005,ipswichtownfc,24239.70,29184,0.83
championship,2005,leedsunitedfc,22352.57,27843,0.80
championship,2005,leicestercityfc,22233.57,25578,0.87
championship,2005,lutontown,9139.26,10248,0.89
championship,2005,millwallfc,9541.22,13209,0.72
championship,2005,norwichcity,24952.13,27470,0.91
championship,2005,plymouthargyle,13776.39,17726,0.78
championship,2005,prestonnorthend,14619.13,19350,0.76
championship,2005,queensparkrangers,13440.57,16152,0.83
championship,2005,sheffieldunited,23650.35,30558,0.77
championship,2005,sheffieldwednesday,24853.26,33439,0.74
championship,2005,stokecity,14432.48,20408,0.71
championship,2005,wolverhamptonwanderers,23624.39,27980,0.84
championship,2006,afcsunderland,31887.22,44448,0.72
championship,2006,barnsleyfc,12733.04,21253,0.60
championship,2006,birminghamcity,22273.65,29431,0.76
championship,2006,cardiffcity,15223.43,20109,0.76
championship,2006,colchesterunited,5466.00,6065,0.90
championship,2006,coventrycity,20342.48,27212,0.75
championship,2006,crystalpalacefc,17541.43,21523,0.82
championship,2006,derbycounty,25944.78,31920,0.81
championship,2006,fcburnley,11956.48,15061,0.79
championship,2006,fcsouthampton,23560.30,32008,0.74
championship,2006,hullcity,18758.04,25519,0.74
championship,2006,ipswichtownfc,22444.83,28355,0.79
championship,2006,leedsunitedfc,21613.09,31261,0.69
championship,2006,leicestercityfc,23205.91,30457,0.76
championship,2006,lutontown,8580.30,10260,0.84
championship,2006,norwichcity,24544.52,25476,0.96
championship,2006,plymouthargyle,13011.87,17088,0.76
championship,2006,prestonnorthend,14422.04,19603,0.74
championship,2006,queensparkrangers,12936.39,16741,0.77
championship,2006,sheffieldwednesday,23638.48,29103,0.81
championship,2006,southendunitedfc,10024.09,11415,0.88
championship,2006,stokecity,15749.35,23017,0.68
championship,2006,westbromwichalbion,20471.52,26606,0.77
championship,2006,wolverhamptonwanderers,20967.52,28016,0.75
championship,2007,barnsleyfc,11424.70,18257,0.63
championship,2007,blackpoolfc,8860.83,9640,0.92
championship,2007,bristolcity,16275.91,19332,0.84
championship,2007,cardiffcity,13938.96,18840,0.74
championship,2007,charltonathletic,23159.39,26337,0.88
championship,2007,colchesterunited,5508.52,6300,0.87
championship,2007,coventrycity,19123.13,27992,0.68
championship,2007,crystalpalacefc,16030.70,23950,0.67
championship,2007,fcburnley,12368.30,16843,0.73
championship,2007,fcsouthampton,21253.91,31957,0.67
championship,2007,fcwatford,16876.26,18698,0.90
championship,2007,hullcity,18025.09,24350,0.74
championship,2007,ipswichtownfc,21934.65,29656,0.74
championship,2007,leicestercityfc,23508.70,31892,0.74
championship,2007,norwichcity,24527.39,25497,0.96
championship,2007,plymouthargyle,13000.43,17511,0.74
championship,2007,prestonnorthend,12753.30,17807,0.72
championship,2007,queensparkrangers,13958.83,18309,0.76
championship,2007,scunthorpeunited,6434.30,8801,0.73
championship,2007,sheffieldunited,25630.78,31760,0.81
championship,2007,sheffieldwednesday,21418.17,36208,0.59
championship,2007,stokecity,16824.96,26609,0.63
championship,2007,westbromwichalbion,22311.48,27493,0.81
championship,2007,wolverhamptonwanderers,23498.74,27883,0.84
championship,2008,barnsleyfc,13189.48,19681,0.67
championship,2008,birminghamcity,19081.26,25935,0.74
championship,2008,blackpoolfc,7842.52,9643,0.81
championship,2008,bristolcity,16816.13,18456,0.91
championship,2008,cardiffcity,18043.91,20156,0.90
championship,2008,charltonathletic,20894.09,24553,0.85
championship,2008,coventrycity,17407.74,22637,0.77
championship,2008,crystalpalacefc,15220.43,22824,0.67
championship,2008,derbycounty,29443.09,33079,0.89
championship,2008,doncasterrovers,11964.43,14823,0.81
championship,2008,fcburnley,13082.00,18005,0.73
championship,2008,fcreading,19941.65,24011,0.83
championship,2008,fcsouthampton,17849.39,27228,0.66
championship,2008,fcwatford,14858.39,16386,0.91
championship,2008,ipswichtownfc,20861.91,28274,0.74
championship,2008,norwichcity,24541.22,25487,0.96
championship,2008,nottinghamforest,22299.43,29140,0.77
championship,2008,plymouthargyle,11427.26,14789,0.77
championship,2008,prestonnorthend,13425.70,21273,0.63
championship,2008,queensparkrangers,14003.39,17120,0.82
championship,2008,sheffieldunited,26023.22,30786,0.85
championship,2008,sheffieldwednesday,21541.87,30658,0.70
championship,2008,swanseacityafc,15186.57,18053,0.84
championship,2008,wolverhamptonwanderers,24153.70,28252,0.85
championship,2009,barnsleyfc,12964.48,20079,0.65
championship,2009,blackpoolfc,8610.74,12296,0.70
championship,2009,bristolcity,14600.52,19144,0.76
championship,2009,cardiffcity,20717.22,25630,0.81
championship,2009,coventrycity,17305.35,22209,0.78
championship,2009,crystalpalacefc,14770.83,20643,0.72
championship,2009,derbycounty,29230.09,33010,0.89
championship,2009,doncasterrovers,10991.74,14850,0.74
championship,2009,fcmiddlesbrough,19948.13,27721,0.72
championship,2009,fcreading,17408.17,23163,0.75
championship,2009,fcwatford,14344.52,17120,0.84
championship,2009,ipswichtownfc,20840.74,27059,0.77
championship,2009,leicestercityfc,23942.57,31759,0.75
championship,2009,newcastleunited,43387.65,52181,0.83
championship,2009,nottinghamforest,23831.43,29155,0.82
championship,2009,peterboroughunited,8913.22,12877,0.69
championship,2009,plymouthargyle,10316.17,14792,0.70
championship,2009,prestonnorthend,12934.61,19840,0.65
championship,2009,queensparkrangers,13348.91,17082,0.78
championship,2009,scunthorpeunited,6463.61,8921,0.72
championship,2009,sheffieldunited,25120.43,29210,0.86
championship,2009,sheffieldwednesday,23179.22,37121,0.62
championship,2009,swanseacityafc,15407.35,18794,0.82
championship,2009,westbromwichalbion,22199.35,25297,0.88
championship,2010,barnsleyfc,11855.87,20309,0.58
championship,2010,bristolcity,14604.61,18308,0.80
championship,2010,cardiffcity,23193.52,26058,0.89
championship,2010,coventrycity,16309.65,28184,0.58
championship,2010,crystalpalacefc,15351.09,20142,0.76
championship,2010,derbycounty,26022.87,33010,0.79
championship,2010,doncasterrovers,10258.13,14312,0.72
championship,2010,fcburnley,14930.65,20453,0.73
championship,2010,fcmiddlesbrough,16268.78,23550,0.69
championship,2010,fcportsmouth,15707.26,20040,0.78
championship,2010,fcreading,17681.96,23677,0.75
championship,2010,fcwatford,13151.83,15538,0.85
championship,2010,hullcity,21168.96,24110,0.88
championship,2010,ipswichtownfc,19614.57,29258,0.67
championship,2010,leedsunitedfc,27299.00,33622,0.81
championship,2010,leicestercityfc,23666.04,30919,0.77
championship,2010,millwallfc,12438.87,16724,0.74
championship,2010,norwichcity,25399.39,26532,0.96
championship,2010,nottinghamforest,23274.65,29490,0.79
championship,2010,prestonnorthend,11767.91,18417,0.64
championship,2010,queensparkrangers,15615.91,18234,0.86
championship,2010,scunthorpeunited,5547.91,8122,0.68
championship,2010,sheffieldunited,20632.04,23728,0.87
championship,2010,swanseacityafc,15507.48,19309,0.80
championship,2011,barnsleyfc,10331.61,17499,0.59
championship,2011,birminghamcity,19126.96,25516,0.75
championship,2011,blackpoolfc,12764.04,14141,0.90
championship,2011,brightonhovealbion,20027.91,20968,0.96
championship,2011,bristolcity,13845.74,19003,0.73
championship,2011,cardiffcity,22100.43,25109,0.88
championship,2011,coventrycity,15118.91,22240,0.68
championship,2011,crystalpalacefc,15219.22,21002,0.72
championship,2011,derbycounty,26020.35,33010,0.79
championship,2011,doncasterrovers,9341.09,12962,0.72
championship,2011,fcburnley,14048.17,17226,0.82
championship,2011,fcmiddlesbrough,17557.65,27794,0.63
championship,2011,fcportsmouth,14992.39,19879,0.75
championship,2011,fcreading,19219.35,24026,0.80
championship,2011,fcsouthampton,26419.57,32363,0.82
championship,2011,fcwatford,12703.57,16314,0.78
championship,2011,hullcity,18790.35,22676,0.83
championship,2011,ipswichtownfc,18266.87,24763,0.74
championship,2011,leedsunitedfc,23283.43,33366,0.70
championship,2011,leicestercityfc,23036.83,27720,0.83
championship,2011,millwallfc,11484.17,16085,0.71
championship,2011,nottinghamforest,21969.61,27356,0.80
championship,2011,peterboroughunited,9110.61,13517,0.67
championship,2011,westhamunited,30923.35,35000,0.88
championship,2012,barnsleyfc,10207.04,15744,0.65
championship,2012,birminghamcity,16702.74,19630,0.85
championship,2012,blackburnrovers,14996.52,20735,0.72
championship,2012,blackpoolfc,13916.65,15907,0.87
championship,2012,boltonwanderers,18034.00,24844,0.73
championship,2012,brightonhovealbion,26236.43,30003,0.87
championship,2012,bristolcity,13348.26,19148,0.70
championship,2012,cardiffcity,22998.74,26588,0.87
championship,2012,charltonathletic,18499.39,26185,0.71
championship,2012,crystalpalacefc,17284.35,22154,0.78
championship,2012,derbycounty,23228.04,33010,0.70
championship,2012,fcburnley,12928.22,21341,0.61
championship,2012,fcmiddlesbrough,16794.04,28229,0.59
championship,2012,fcwatford,13453.52,16968,0.79
championship,2012,huddersfieldtown,14978.30,21614,0.69
championship,2012,hullcity,17368.87,23812,0.73
championship,2012,ipswichtownfc,17526.35,21988,0.80
championship,2012,leedsunitedfc,21572.04,25532,0.84
championship,2012,leicestercityfc,22054.65,25913,0.85
championship,2012,millwallfc,10559.43,18013,0.59
championship,2012,nottinghamforest,23082.30,28707,0.80
championship,2012,peterboroughunited,8215.30,13938,0.59
championship,2012,sheffieldwednesday,24078.00,31375,0.77
championship,2012,wolverhamptonwanderers,21772.52,28595,0.76
championship,2013,afcbournemouth,9951.83,11307,0.88
championship,2013,barnsleyfc,11557.04,16338,0.71
championship,2013,birminghamcity,15457.83,23497,0.66
championship,2013,blackburnrovers,14961.91,21589,0.69
championship,2013,blackpoolfc,14217.35,16098,0.88
championship,2013,boltonwanderers,16140.78,19622,0.82
championship,2013,brightonhovealbion,27283.30,29093,0.94
championship,2013,charltonathletic,16134.09,23600,0.68
championship,2013,derbycounty,24936.13,33004,0.76
championship,2013,doncasterrovers,9040.91,12609,0.72
championship,2013,fcburnley,13719.13,19125,0.72
championship,2013,fcmiddlesbrough,15748.35,23679,0.67
championship,2013,fcreading,19170.52,23335,0.82
championship,2013,fcwatford,15511.78,16625,0.93
championship,2013,huddersfieldtown,14212.83,18309,0.78
championship,2013,ipswichtownfc,17107.91,20862,0.82
championship,2013,leedsunitedfc,25092.13,33432,0.75
championship,2013,leicestercityfc,24994.61,31424,0.80
championship,2013,millwallfc,11062.83,16102,0.69
championship,2013,nottinghamforest,22629.57,28276,0.80
championship,2013,queensparkrangers,16655.83,18171,0.92
championship,2013,sheffieldwednesday,21238.57,25279,0.84
championship,2013,wiganathletic,15176.83,19226,0.79
championship,2013,yeoviltown,6616.13,9108,0.73
championship,2014,afcbournemouth,10265.09,11318,0.91
championship,2014,birminghamcity,16111.35,23851,0.68
championship,2014,blackburnrovers,14910.87,22304,0.67
championship,2014,blackpoolfc,10893.13,12233,0.89
championship,2014,boltonwanderers,15413.39,23203,0.66
championship,2014,brentfordfc,10821.91,12255,0.88
championship,2014,brightonhovealbion,25644.91,28890,0.89
championship,2014,cardiffcity,21123.96,26357,0.80
championship,2014,charltonathletic,16707.91,25545,0.65
championship,2014,derbycounty,29231.91,32705,0.89
championship,2014,fcfulham,18276.00,23271,0.79
championship,2014,fcmiddlesbrough,19562.30,33381,0.59
championship,2014,fcreading,17021.83,20048,0.85
championship,2014,fcwatford,16664.09,20250,0.82
championship,2014,huddersfieldtown,13612.78,20029,0.68
championship,2014,ipswichtownfc,19602.52,26157,0.75
championship,2014,leedsunitedfc,24051.91,31850,0.76
championship,2014,millwallfc,10901.65,16205,0.67
championship,2014,norwichcity,26168.78,27005,0.97
championship,2014,nottinghamforest,23492.22,30227,0.78
championship,2014,rotherhamunited,10240.30,11707,0.87
championship,2014,sheffieldwednesday,21992.57,29848,0.74
championship,2014,wiganathletic,12881.83,16810,0.77
championship,2014,wolverhamptonwanderers,22418.91,28132,0.80
championship,2015,birminghamcity,17602.91,21380,0.82
championship,2015,blackburnrovers,14130.57,21029,0.67
championship,2015,boltonwanderers,15056.48,18423,0.82
championship,2015,brentfordfc,10309.57,12301,0.84
championship,2015,brightonhovealbion,25583.26,30292,0.84
championship,2015,bristolcity,15291.52,15854,0.96
championship,2015,cardiffcity,16463.17,28680,0.57
championship,2015,charltonathletic,15632.22,21506,0.73
championship,2015,derbycounty,29663.00,33010,0.90
championship,2015,fcburnley,16823.30,20478,0.82
championship,2015,fcfulham,17566.22,20316,0.86
championship,2015,fcmiddlesbrough,24626.91,33806,0.73
championship,2015,fcreading,17285.04,21581,0.80
championship,2015,huddersfieldtown,12630.65,17118,0.74
championship,2015,hullcity,17198.61,21842,0.79
championship,2015,ipswichtownfc,18989.39,23615,0.80
championship,2015,leedsunitedfc,22446.13,29311,0.77
championship,2015,miltonkeynesdonsfc,13157.96,21345,0.62
championship,2015,nottinghamforest,19675.78,27551,0.71
championship,2015,prestonnorthend,13034.83,19852,0.66
championship,2015,queensparkrangers,15993.78,18031,0.89
championship,2015,rotherhamunited,10025.13,11658,0.86
championship,2015,sheffieldwednesday,22640.78,31843,0.71
championship,2015,wolverhamptonwanderers,20156.91,25488,0.79
championship,2016,astonvillafc,32107.13,41337,0.78
championship,2016,barnsleyfc,13857.35,18597,0.75
championship,2016,birminghamcity,18717.22,29656,0.63
championship,2016,blackburnrovers,12687.57,21884,0.58
championship,2016,brentfordfc,10467.00,12052,0.87
championship,2016,brightonhovealbion,27995.87,30338,0.92
championship,2016,bristolcity,19256.17,25404,0.76
championship,2016,burtonalbion,5227.61,6746,0.77
championship,2016,cardiffcity,16564.39,23153,0.72
championship,2016,derbycounty,29042.00,32616,0.89
championship,2016,fcfulham,19198.83,24594,0.78
championship,2016,fcreading,17504.70,23121,0.76
championship,2016,huddersfieldtown,20342.91,23213,0.88
championship,2016,ipswichtownfc,16980.39,25684,0.66
championship,2016,leedsunitedfc,27697.96,36002,0.77
championship,2016,newcastleunited,51106.17,52301,0.98
championship,2016,norwichcity,26353.57,27107,0.97
championship,2016,nottinghamforest,20332.57,28249,0.72
championship,2016,prestonnorthend,12606.96,21255,0.59
championship,2016,queensparkrangers,14615.61,17404,0.84
championship,2016,rotherhamunited,9782.83,11653,0.84
championship,2016,sheffieldwednesday,27129.17,33681,0.81
championship,2016,wiganathletic,11722.00,15280,0.77
championship,2016,wolverhamptonwanderers,21570.09,27541,0.78
championship,2017,afcsunderland,27635.00,31237,0.88
championship,2017,astonvillafc,32234.52,41745,0.77
championship,2017,barnsleyfc,13703.78,17163,0.80
championship,2017,birminghamcity,21041.74,27608,0.76
championship,2017,boltonwanderers,15887.30,21097,0.75
championship,2017,brentfordfc,10233.74,12367,0.83
championship,2017,bristolcity,20952.87,25540,0.82
championship,2017,burtonalbion,4645.09,6535,0.71
championship,2017,cardiffcity,20164.00,32478,0.62
championship,2017,derbycounty,27175.39,31196,0.87
championship,2017,fcfulham,19896.35,24547,0.81
championship,2017,fcmiddlesbrough,25527.91,29443,0.87
championship,2017,fcreading,16656.48,21771,0.77
championship,2017,hullcity,15622.26,18026,0.87
championship,2017,ipswichtownfc,16271.78,24928,0.65
championship,2017,leedsunitedfc,31524.57,35377,0.89
championship,2017,millwallfc,13367.74,17614,0.76
championship,2017,norwichcity,25773.43,27100,0.95
championship,2017,nottinghamforest,24679.91,29106,0.85
championship,2017,prestonnorthend,13773.52,18570,0.74
championship,2017,queensparkrangers,13927.70,16934,0.82
championship,2017,sheffieldunited,26414.22,31120,0.85
championship,2017,sheffieldwednesday,25995.35,32839,0.79
championship,2017,wolverhamptonwanderers,28342.22,30239,0.94
championship,2018,astonvillafc,35378.78,41696,0.85
championship,2018,birminghamcity,22483.04,26631,0.84
championship,2018,blackburnrovers,14549.65,21577,0.67
championship,2018,boltonwanderers,14754.17,17811,0.83
championship,2018,brentfordfc,10257.00,12225,0.84
championship,2018,bristolcity,21079.83,25556,0.82
championship,2018,derbycounty,26849.91,32055,0.84
championship,2018,fcmiddlesbrough,23217.13,30881,0.75
championship,2018,fcreading,14990.70,17458,0.86
championship,2018,hullcity,12269.39,14116,0.87
championship,2018,ipswichtownfc,17764.74,25690,0.69
championship,2018,leedsunitedfc,33598.48,37004,0.91
championship,2018,millwallfc,13635.74,17195,0.79
championship,2018,norwichcity,26013.57,27040,0.96
championship,2018,nottinghamforest,28143.70,29530,0.95
championship,2018,prestonnorthend,14159.74,19912,0.71
championship,2018,queensparkrangers,13865.74,17609,0.79
championship,2018,rotherhamunited,10036.22,11736,0.86
championship,2018,sheffieldunited,26177.04,30261,0.87
championship,2018,sheffieldwednesday,24669.13,31630,0.78
championship,2018,stokecity,25199.83,28586,0.88
championship,2018,swanseacityafc,18736.70,20860,0.90
championship,2018,westbromwichalbion,24147.96,26548,0.91
championship,2018,wiganathletic,12078.78,18780,0.64
championship,2021,afcbournemouth,9594.09,11094,0.86
championship,2021,barnsleyfc,13233.09,16961,0.78
championship,2021,birminghamcity,16161.61,18659,0.87
championship,2021,blackburnrovers,14217.57,30428,0.47
championship,2021,blackpoolfc,12103.65,15298,0.79
championship,2021,bristolcity,19182.52,21942,0.87
championship,2021,cardiffcity,18859.52,27280,0.69
championship,2021,coventrycity,19541.17,24492,0.80
championship,2021,derbycounty,23009.96,32211,0.71
championship,2021,fcfulham,17774.13,19538,0.91
championship,2021,fcmiddlesbrough,21825.35,29832,0.73
championship,2021,fcreading,13192.61,22692,0.58
championship,2021,huddersfieldtown,17324.52,20535,0.84
championship,2021,hullcity,12887.78,18399,0.70
championship,2021,lutontown,9856.91,10073,0.98
championship,2021,millwallfc,12969.91,16734,0.78
championship,2021,nottinghamforest,27175.91,29293,0.93
championship,2021,peterboroughunited,10088.26,12870,0.78
championship,2021,prestonnorthend,12607.65,18740,0.67
championship,2021,queensparkrangers,14436.52,17648,0.82
championship,2021,sheffieldunited,27610.83,30813,0.90
championship,2021,stokecity,20920.78,26384,0.79
championship,2021,swanseacityafc,17388.57,19288,0.90
championship,2021,westbromwichalbion,21874.74,24870,0.88
championship,2022,afcsunderland,38584.96,44944,0.86
championship,2022,birminghamcity,16758.13,19007,0.88
championship,2022,blackburnrovers,14772.04,18544,0.80
championship,2022,blackpoolfc,11804.87,14134,0.84
championship,2022,bristolcity,20351.30,24543,0.83
championship,2022,cardiffcity,19019.83,28232,0.67
championship,2022,coventrycity,19950.48,30175,0.66
championship,2022,fcburnley,19776.04,21747,0.91
championship,2022,fcmiddlesbrough,26012.13,32187,0.81
championship,2022,fcreading,14026.70,21919,0.64
championship,2022,fcwatford,19171.87,20204,0.95
championship,2022,huddersfieldtown,18977.74,21585,0.88
championship,2022,hullcity,17973.22,23432,0.77
championship,2022,lutontown,9854.30,10072,0.98
championship,2022,millwallfc,14766.74,18785,0.79
championship,2022,norwichcity,26503.52,35287,0.75
championship,2022,prestonnorthend,15858.13,21177,0.75
championship,2022,queensparkrangers,14976.87,17335,0.86
championship,2022,rotherhamunited,10514.83,11517,0.91
championship,2022,sheffieldunited,28728.57,30780,0.93
championship,2022,stokecity,20569.65,23970,0.86
championship,2022,swanseacityafc,16821.00,20294,0.83
championship,2022,westbromwichalbion,23111.00,25322,0.91
championship,2022,wiganathletic,12209.96,17788,0.69
championship,2023,afcsunderland,37154.22,44406,0.84
championship,2023,birminghamcity,21180.35,27680,0.77
championship,2023,blackburnrovers,15583.43,21718,0.72
championship,2023,bristolcity,22710.26,27000,0.84
championship,2023,cardiffcity,21213.22,28648,0.74
championship,2023,coventrycity,25467.52,30232,0.84
championship,2023,fcmiddlesbrough,26904.78,31716,0.85
championship,2023,fcsouthampton,29373.48,30869,0.95
championship,2023,fcwatford,18876.13,20712,0.91
championship,2023,huddersfieldtown,19418.13,22351,0.87
championship,2023,hullcity,21979.78,24605,0.89
championship,2023,ipswichtownfc,28845.30,29611,0.97
championship,2023,leedsunitedfc,35988.39,36954,0.97
championship,2023,leicestercityfc,31237.96,32117,0.97
championship,2023,millwallfc,16539.83,18905,0.87
championship,2023,norwichcity,26077.30,27001,0.97
championship,2023,plymouthargyle,16507.48,16928,0.98
championship,2023,prestonnorthend,16719.70,21816,0.77
championship,2023,queensparkrangers,16717.96,17831,0.94
championship,2023,rotherhamunited,10674.39,11541,0.92
championship,2023,sheffieldwednesday,26762.17,33295,0.80
championship,2023,stokecity,22741.83,28243,0.81
championship,2023,swanseacityafc,16586.17,20005,0.83
championship,2023,westbromwichalbion,24056.91,25409,0.95
championship,2024,afcsunderland,39451.96,44009,0.90
championship,2024,blackburnrovers,16141.48,25909,0.62
championship,2024,bristolcity,22279.26,25915,0.86
championship,2024,cardiffcity,19344.39,26536,0.73
championship,2024,coventrycity,27812.13,31452,0.88
championship,2024,derbycounty,29018.26,32471,0.89
championship,2024,fcburnley,19876.39,21486,0.93
championship,2024,fcmiddlesbrough,25416.22,32147,0.79
championship,2024,fcportsmouth,20262.91,20451,0.99
championship,2024,fcwatford,19378.65,20696,0.94
championship,2024,hullcity,21322.65,24463,0.87
championship,2024,leedsunitedfc,36133.61,36804,0.98
championship,2024,lutontown,11555.48,11965,0.97
championship,2024,millwallfc,15497.39,18385,0.84
championship,2024,norwichcity,26315.52,26838,0.98
championship,2024,oxfordunited,11358.35,11567,0.98
championship,2024,plymouthargyle,16537.30,17005,0.97
championship,2024,prestonnorthend,16504.65,20945,0.79
championship,2024,queensparkrangers,15826.09,17457,0.91
championship,2024,sheffieldunited,28087.04,31127,0.90
championship,2024,sheffieldwednesday,26632.17,33827,0.79
championship,2024,stokecity,22804.04,29163,0.78
championship,2024,swanseacityafc,15498.96,20174,0.77
championship,2024,westbromwichalbion,25057.00,25951,0.97
j1league,2005,albirexniigata,40114.41,41988,0.96
j1league,2005,cerezoosaka,17648.24,43927,0.40
j1league,2005,fctokyo,27069.82,43104,0.63
j1league,2005,gambaosaka,15965.65,22884,0.70
j1league,2005,jefunitedchiba,9534.65,17087,0.56
j1league,2005,jubiloiwata,17307.18,37384,0.46
j1league,2005,kashimaantlers,18641.00,35467,0.53
j1league,2005,kashiwareysol,12492.24,27328,0.46
j1league,2005,kawasakifrontale,13657.82,24332,0.56
j1league,2005,nagoyagrampus,13288.00,22110,0.60
j1league,2005,oitatrinita,22079.94,30048,0.73
j1league,2005,omiyaardija,9943.35,30038,0.33
j1league,2005,sanfreccehiroshima,12527.06,26083,0.48
j1league,2005,shimizuspulse,12752.00,21730,0.59
j1league,2005,tokyoverdy1969,14716.29,35257,0.42
j1league,2005,urawareddiamonds,39356.82,55476,0.71
j1league,2005,visselkobe,14934.35,25104,0.59
j1league,2005,yokohamafmarinos,25713.00,53097,0.48
j1league,2006,albirexniigata,38705.29,42056,0.92
j1league,2006,avispafukuoka,13779.94,21545,0.64
j1league,2006,cerezoosaka,13025.76,30561,0.43
j1league,2006,fctokyo,24096.12,41528,0.58
j1league,2006,gambaosaka,16258.53,20916,0.78
j1league,2006,jefunitedchiba,13391.35,17438,0.77
j1league,2006,jubiloiwata,18001.94,37711,0.48
j1league,2006,kashimaantlers,15433.24,34236,0.45
j1league,2006,kawasakifrontale,14340.00,23005,0.62
j1league,2006,kyotopurplesanga,9781.18,16492,0.59
j1league,2006,nagoyagrampus,14923.65,32109,0.46
j1league,2006,oitatrinita,20350.29,28690,0.71
j1league,2006,omiyaardija,10234.47,35059,0.29
j1league,2006,sanfreccehiroshima,11180.35,17564,0.64
j1league,2006,shimizuspulse,14302.18,24920,0.57
j1league,2006,urawareddiamonds,45732.47,62241,0.73
j1league,2006,ventforetkofu,12210.53,17000,0.72
j1league,2006,yokohamafmarinos,23662.94,50572,0.47
j1league,2007,albirexniigata,38276.35,42015,0.91
j1league,2007,fctokyo,25290.24,38439,0.66
j1league,2007,gambaosaka,17439.12,20982,0.83
j1league,2007,jefunitedchiba,14149.12,16756,0.84
j1league,2007,jubiloiwata,16359.35,35072,0.47
j1league,2007,kashimaantlers,16238.71,36146,0.45
j1league,2007,kashiwareysol,12967.18,35013,0.37
j1league,2007,kawasakifrontale,17338.29,23355,0.74
j1league,2007,nagoyagrampus,15584.65,34347,0.45
j1league,2007,oitatrinita,19758.59,27811,0.71
j1league,2007,omiyaardija,11465.41,33162,0.35
j1league,2007,sanfreccehiroshima,11423.47,22675,0.50
j1league,2007,shimizuspulse,15951.76,20318,0.79
j1league,2007,urawareddiamonds,46667.47,62123,0.75
j1league,2007,ventforetkofu,13733.88,36756,0.37
j1league,2007,visselkobe,12460.12,22236,0.56
j1league,2007,yokohamafc,14038.94,46697,0.30
j1league,2007,yokohamafmarinos,24038.59,53916,0.45
j1league,2008,albirexniigata,34489.71,40359,0.85
j1league,2008,consadolesapporo,14547.35,28901,0.50
j1league,2008,fctokyo,25716.24,37154,0.69
j1league,2008,gambaosaka,16127.59,20773,0.78
j1league,2008,jefunitedchiba,14084.47,17152,0.82
j1league,2008,jubiloiwata,15465.35,27866,0.55
j1league,2008,kashimaantlers,19714.12,36412,0.54
j1league,2008,kashiwareysol,12307.59,36785,0.33
j1league,2008,kawasakifrontale,17564.53,21952,0.80
j1league,2008,kyotosanga,13686.53,19680,0.70
j1league,2008,nagoyagrampus,16555.41,34436,0.48
j1league,2008,oitatrinita,20320.82,31744,0.64
j1league,2008,omiyaardija,9459.94,14380,0.66
j1league,2008,shimizuspulse,16599.41,20330,0.82
j1league,2008,tokyoverdy,14837.12,30517,0.49
j1league,2008,urawareddiamonds,47609.00,57050,0.83
j1league,2008,visselkobe,12980.71,23088,0.56
j1league,2008,yokohamafmarinos,23681.94,61246,0.39
j1league,2009,albirexniigata,33446.00,40268,0.83
j1league,2009,fctokyo,25884.24,40701,0.64
j1league,2009,gambaosaka,17712.06,20394,0.87
j1league,2009,jefunitedchiba,14730.18,17916,0.82
j1league,2009,jubiloiwata,13523.00,22152,0.61
j1league,2009,kashimaantlers,21616.82,37878,0.57
j1league,2009,kashiwareysol,11738.35,32854,0.36
j1league,2009,kawasakifrontale,18846.71,22390,0.84
j1league,2009,kyotosanga,11126.24,18121,0.61
j1league,2009,montedioyamagata,12056.06,20102,0.60
j1league,2009,nagoyagrampus,15927.82,32435,0.49
j1league,2009,oitatrinita,18428.29,24833,0.74
j1league,2009,omiyaardija,16152.00,42346,0.38
j1league,2009,sanfreccehiroshima,15723.47,27113,0.58
j1league,2009,shimizuspulse,17935.29,30851,0.58
j1league,2009,urawareddiamonds,44209.71,53783,0.82
j1league,2009,visselkobe,13067.82,20721,0.63
j1league,2009,yokohamafmarinos,22057.35,40228,0.55
j1league,2010,albirexniigata,30542.41,41002,0.74
j1league,2010,cerezoosaka,15025.82,37860,0.40
j1league,2010,fctokyo,25123.47,30672,0.82
j1league,2010,gambaosaka,16653.59,20973,0.79
j1league,2010,jubiloiwata,12136.71,31266,0.39
j1league,2010,kashimaantlers,20966.29,35251,0.59
j1league,2010,kawasakifrontale,18561.76,22407,0.83
j1league,2010,kyotosanga,10510.18,15222,0.69
j1league,2010,montedioyamagata,11709.94,20231,0.58
j1league,2010,nagoyagrampus,19975.76,34098,0.59
j1league,2010,omiyaardija,12630.82,33660,0.38
j1league,2010,sanfreccehiroshima,14561.76,23948,0.61
j1league,2010,shimizuspulse,18001.29,38851,0.46
j1league,2010,shonanbellmare,11094.94,14095,0.79
j1league,2010,urawareddiamonds,39940.82,55410,0.72
j1league,2010,vegaltasendai,17332.00,26391,0.66
j1league,2010,visselkobe,12823.76,19506,0.66
j1league,2010,yokohamafmarinos,25683.76,43025,0.60
j1league,2011,albirexniigata,26084.47,37830,0.69
j1league,2011,avispafukuoka,10414.94,19421,0.54
j1league,2011,cerezoosaka,14145.59,37182,0.38
j1league,2011,gambaosaka,16411.18,20991,0.78
j1league,2011,jubiloiwata,11795.59,30516,0.39
j1league,2011,kashimaantlers,16156.18,25061,0.64
j1league,2011,kashiwareysol,11917.24,30807,0.39
j1league,2011,kawasakifrontale,17339.76,20973,0.83
j1league,2011,montedioyamagata,9325.12,18008,0.52
j1league,2011,nagoyagrampus,16740.59,28515,0.59
j1league,2011,omiyaardija,9098.88,12221,0.74
j1league,2011,sanfreccehiroshima,13202.76,18788,0.70
j1league,2011,shimizuspulse,15800.24,21524,0.73
j1league,2011,urawareddiamonds,33910.41,54441,0.62
j1league,2011,vegaltasendai,15655.53,19224,0.81
j1league,2011,ventforetkofu,12106.35,21589,0.56
j1league,2011,visselkobe,13233.06,19913,0.66
j1league,2011,yokohamafmarinos,21038.06,37725,0.56
j1league,2012,albirexniigata,25017.29,35506,0.70
j1league,2012,cerezoosaka,16914.35,36723,0.46
j1league,2012,consadolesapporo,12008.29,25353,0.47
j1league,2012,fctokyo,23955.47,34822,0.69
j1league,2012,gambaosaka,14778.35,19393,0.76
j1league,2012,jubiloiwata,13121.82,28745,0.46
j1league,2012,kashimaantlers,15381.41,23507,0.65
j1league,2012,kashiwareysol,13768.47,26106,0.53
j1league,2012,kawasakifrontale,17807.00,20996,0.85
j1league,2012,nagoyagrampus,17154.82,30354,0.57
j1league,2012,omiyaardija,10637.12,12709,0.84
j1league,2012,sagantosu,11990.82,22116,0.54
j1league,2012,sanfreccehiroshima,17720.53,32724,0.54
j1league,2012,shimizuspulse,15120.82,23188,0.65
j1league,2012,urawareddiamonds,36633.65,51879,0.71
j1league,2012,vegaltasendai,16602.94,18772,0.88
j1league,2012,visselkobe,14638.41,22766,0.64
j1league,2012,yokohamafmarinos,22945.76,36412,0.63
j1league,2013,albirexniigata,26112.12,33378,0.78
j1league,2013,cerezoosaka,18819.29,36361,0.52
j1league,2013,fctokyo,25073.29,40371,0.62
j1league,2013,jubiloiwata,10894.53,20049,0.54
j1league,2013,kashimaantlers,16418.53,32305,0.51
j1league,2013,kashiwareysol,12553.29,34021,0.37
j1league,2013,kawasakifrontale,16644.24,21657,0.77
j1league,2013,nagoyagrampus,16132.47,30478,0.53
j1league,2013,oitatrinita,11915.18,23814,0.50
j1league,2013,omiyaardija,11137.76,13365,0.83
j1league,2013,sagantosu,12025.76,22530,0.53
j1league,2013,sanfreccehiroshima,16209.18,27911,0.58
j1league,2013,shimizuspulse,14136.71,21420,0.66
j1league,2013,shonanbellmare,9910.65,13786,0.72
j1league,2013,urawareddiamonds,37100.06,54905,0.68
j1league,2013,vegaltasendai,14866.18,17892,0.83
j1league,2013,ventforetkofu,12614.18,28906,0.44
j1league,2013,yokohamafmarinos,27495.59,62632,0.44
j1league,2014,albirexniigata,22979.29,35533,0.65
j1league,2014,cerezoosaka,21626.53,42723,0.51
j1league,2014,fctokyo,25186.76,42059,0.60
j1league,2014,gambaosaka,14749.29,19569,0.75
j1league,2014,kashimaantlers,17664.71,32099,0.55
j1league,2014,kashiwareysol,10715.35,14623,0.73
j1league,2014,kawasakifrontale,16661.24,19668,0.85
j1league,2014,nagoyagrampus,16733.76,38966,0.43
j1league,2014,omiyaardija,10811.24,14182,0.76
j1league,2014,sagantosu,14136.65,23277,0.61
j1league,2014,sanfreccehiroshima,14997.12,24734,0.61
j1league,2014,shimizuspulse,14210.41,19824,0.72
j1league,2014,tokushimavortis,8884.35,17274,0.51
j1league,2014,urawareddiamonds,38036.47,56758,0.67
j1league,2014,vegaltasendai,15173.47,19404,0.78
j1league,2014,ventforetkofu,12170.82,36505,0.33
j1league,2014,visselkobe,15016.18,25382,0.59
j1league,2014,yokohamafmarinos,23088.00,40571,0.57
j1league,2017,albirexniigata,22034.41,31014,0.71
j1league,2017,cerezoosaka,20970.06,42438,0.49
j1league,2017,fctokyo,26490.59,42979,0.62
j1league,2017,gambaosaka,24277.06,36177,0.67
j1league,2017,hokkaidoconsadolesapporo,18770.59,33353,0.56
j1league,2017,jubiloiwata,16320.59,40491,0.40
j1league,2017,kashimaantlers,20041.41,36080,0.56
j1league,2017,kashiwareysol,11819.76,14096,0.84
j1league,2017,kawasakifrontale,22112.35,25904,0.85
j1league,2017,omiyaardija,11463.94,13364,0.86
j1league,2017,sagantosu,14193.82,21245,0.67
j1league,2017,sanfreccehiroshima,14042.35,22333,0.63
j1league,2017,shimizuspulse,15115.59,18556,0.81
j1league,2017,urawareddiamonds,33542.06,57447,0.58
j1league,2017,vegaltasendai,14745.71,18059,0.82
j1league,2017,ventforetkofu,10828.65,14680,0.74
j1league,2017,visselkobe,18272.06,25278,0.72
j1league,2017,yokohamafmarinos,24766.35,42483,0.58
j1league,2018,cerezoosaka,18810.71,34303,0.55
j1league,2018,fctokyo,26431.65,44801,0.59
j1league,2018,gambaosaka,23484.82,35242,0.67
j1league,2018,hokkaidoconsadolesapporo,18223.41,34250,0.53
j1league,2018,jubiloiwata,15474.12,31375,0.49
j1league,2018,kashimaantlers,19433.88,33647,0.58
j1league,2018,kashiwareysol,11401.94,14208,0.80
j1league,2018,kawasakifrontale,23218.18,24677,0.94
j1league,2018,nagoyagrampus,24659.88,43579,0.57
j1league,2018,sagantosu,15000.24,22669,0.66
j1league,2018,sanfreccehiroshima,14345.53,21997,0.65
j1league,2018,shimizuspulse,14990.82,20109,0.75
j1league,2018,shonanbellmare,12119.94,15351,0.79
j1league,2018,urawareddiamonds,35502.00,55689,0.64
j1league,2018,vegaltasendai,15408.41,19152,0.80
j1league,2018,visselkobe,21630.35,26603,0.81
j1league,2018,vvarennagasaki,11225.12,15975,0.70
j1league,2018,yokohamafmarinos,21788.29,41686,0.52
j1league,2019,cerezoosaka,21518.24,42221,0.51
j1league,2019,fctokyo,31540.41,42401,0.74
j1league,2019,gambaosaka,27707.88,37334,0.74
j1league,2019,hokkaidoconsadolesapporo,18767.82,35531,0.53
j1league,2019,jubiloiwata,15277.00,31144,0.49
j1league,2019,kashimaantlers,20569.29,34312,0.60
j1league,2019,kawasakifrontale,23271.71,25789,0.90
j1league,2019,matsumotoyamaga,17416.41,19744,0.88
j1league,2019,nagoyagrampus,27611.59,42975,0.64
j1league,2019,oitatrinita,15346.65,28574,0.54
j1league,2019,sagantosu,15049.71,23055,0.65
j1league,2019,sanfreccehiroshima,13886.06,29666,0.47
j1league,2019,shimizuspulse,15043.24,18246,0.82
j1league,2019,shonanbellmare,12848.47,14246,0.90
j1league,2019,urawareddiamonds,34184.41,54599,0.63
j1league,2019,vegaltasendai,14970.76,19503,0.77
j1league,2019,visselkobe,21491.12,25929,0.83
j1league,2019,yokohamafmarinos,27009.88,63854,0.42
j1league,2021,avispafukuoka,5403.21,9147,0.59
j1league,2021,cerezoosaka,5561.79,10313,0.54
j1league,2021,fctokyo,7397.42,18209,0.41
j1league,2021,gambaosaka,6614.11,16699,0.40
j1league,2021,hokkaidoconsadolesapporo,6816.58,13768,0.50
j1league,2021,kashimaantlers,8193.79,16518,0.50
j1league,2021,kashiwareysol,4444.63,6458,0.69
j1league,2021,kawasakifrontale,7214.95,14867,0.49
j1league,2021,nagoyagrampus,11080.21,27079,0.41
j1league,2021,oitatrinita,6722.74,10021,0.67
j1league,2021,sagantosu,7276.00,9975,0.73
j1league,2021,sanfreccehiroshima,5920.26,11252,0.53
j1league,2021,shimizuspulse,7454.63,9668,0.77
j1league,2021,shonanbellmare,4850.37,6428,0.75
j1league,2021,tokushimavortis,5664.37,8170,0.69
j1league,2021,urawareddiamonds,8244.00,28138,0.29
j1league,2021,vegaltasendai,6151.79,9005,0.68
j1league,2021,visselkobe,7559.89,15013,0.50
j1league,2021,yokohamafc,4511.00,7039,0.64
j1league,2021,yokohamafmarinos,8991.11,30657,0.29
j1league,2022,avispafukuoka,7149.71,10933,0.65
j1league,2022,cerezoosaka,11427.06,18750,0.61
j1league,2022,fctokyo,22309.18,50994,0.44
j1league,2022,gambaosaka,17668.94,27988,0.63
j1league,2022,hokkaidoconsadolesapporo,12214.94,23330,0.52
j1league,2022,jubiloiwata,9942.06,19130,0.52
j1league,2022,kashimaantlers,16160.53,27234,0.59
j1league,2022,kashiwareysol,9264.53,13418,0.69
j1league,2022,kawasakifrontale,17939.47,22110,0.81
j1league,2022,kyotosanga,11692.29,17936,0.65
j1league,2022,nagoyagrampus,18812.82,37068,0.51
j1league,2022,sagantosu,9358.06,15577,0.60
j1league,2022,sanfreccehiroshima,10493.41,18106,0.58
j1league,2022,shimizuspulse,15255.59,56131,0.27
j1league,2022,shonanbellmare,9228.18,12083,0.76
j1league,2022,urawareddiamonds,23617.00,37144,0.64
j1league,2022,visselkobe,15572.06,22949,0.68
j1league,2022,yokohamafmarinos,19810.71,46387,0.43
j1league,2023,albirexniigata,23060.53,30136,0.77
j1league,2023,avispafukuoka,9766.18,18309,0.53
j1league,2023,cerezoosaka,17073.59,22542,0.76
j1league,2023,fctokyo,29409.71,56705,0.52
j1league,2023,gambaosaka,23272.88,34517,0.67
j1league,2023,hokkaidoconsadolesapporo,16085.65,31143,0.52
j1league,2023,kashimaantlers,22030.65,56020,0.39
j1league,2023,kashiwareysol,11130.24,12833,0.87
j1league,2023,kawasakifrontale,19840.35,22563,0.88
j1league,2023,kyotosanga,13229.00,18500,0.72
j1league,2023,nagoyagrampus,27504.41,57058,0.48
j1league,2023,sagantosu,10230.82,17799,0.57
j1league,2023,sanfreccehiroshima,16127.65,29097,0.55
j1league,2023,shonanbellmare,13161.41,54243,0.24
j1league,2023,urawareddiamonds,30508.71,49108,0.62
j1league,2023,visselkobe,22553.41,53444,0.42
j1league,2023,yokohamafc,9128.47,13624,0.67
j1league,2023,yokohamafmarinos,27715.53,42772,0.65
j1league,2024,albirexniigata,22430.32,33885,0.66
j1league,2024,avispafukuoka,9698.47,17161,0.57
j1league,2024,cerezoosaka,17903.32,21962,0.82
j1league,2024,fctokyo,33224.89,57885,0.57
j1league,2024,gambaosaka,26096.42,34653,0.75
j1league,2024,hokkaidoconsadolesapporo,17085.53,26677,0.64
j1league,2024,jubiloiwata,13817.37,32995,0.42
j1league,2024,kashimaantlers,23026.68,52860,0.44
j1league,2024,kashiwareysol,12070.42,14472,0.83
j1league,2024,kawasakifrontale,21076.26,23603,0.89
j1league,2024,kyotosanga,13535.26,20323,0.67
j1league,2024,machidazelvia,17609.74,48887,0.36
j1league,2024,nagoyagrampus,27650.42,40498,0.68
j1league,2024,sagantosu,9800.32,17563,0.56
j1league,2024,sanfreccehiroshima,25609.42,27545,0.93
j1league,2024,shonanbellmare,11315.00,13192,0.86
j1league,2024,tokyoverdy,20976.21,53026,0.40
j1league,2024,urawareddiamonds,37518.53,55184,0.68
j1league,2024,visselkobe,21811.26,49541,0.44
j1league,2024,yokohamafmarinos,24842.63,47926,0.52
j2league,2010,avispafukuoka,8820.94,14713,0.60
j2league,2010,consadolesapporo,10737.78,26875,0.40
j2league,2010,ehimefc,4385.83,10630,0.41
j2league,2010,fagianookayama,7161.11,11290,0.63
j2league,2010,fcgifu,3108.33,5133,0.61
j2league,2010,giravanzkitakyushu,4188.50,7470,0.56
j2league,2010,jefunitedchiba,11188.56,18031,0.62
j2league,2010,kashiwareysol,7747.61,10768,0.72
j2league,2010,katallertoyama,4462.61,10726,0.42
j2league,2010,mitohollyhock,3638.28,10181,0.36
j2league,2010,oitatrinita,10463.33,14518,0.72
j2league,2010,roassokumamoto,6906.50,16098,0.43
j2league,2010,sagantosu,6632.89,12301,0.54
j2league,2010,thespakusatsu,4424.33,9382,0.47
j2league,2010,tochigisc,4156.72,6933,0.60
j2league,2010,tokushimavortis,4614.28,11115,0.42
j2league,2010,tokyoverdy,5572.06,25110,0.22
j2league,2010,ventforetkofu,12431.06,16431,0.76
j2league,2010,yokohamafc,5790.56,10809,0.54
j2league,2011,consadolesapporo,10482.21,39243,0.27
j2league,2011,ehimefc,3474.84,7634,0.46
j2league,2011,fagianookayama,7258.32,10490,0.69
j2league,2011,fcgifu,4119.63,6684,0.62
j2league,2011,fctokyo,17562.11,35911,0.49
j2league,2011,gainaretottori,3723.79,8212,0.45
j2league,2011,giravanzkitakyushu,4051.37,7080,0.57
j2league,2011,jefunitedchiba,9679.53,16360,0.59
j2league,2011,katallertoyama,3275.42,8663,0.38
j2league,2011,kyotosanga,6294.26,12287,0.51
j2league,2011,mitohollyhock,3349.32,5227,0.64
j2league,2011,oitatrinita,8779.32,27519,0.32
j2league,2011,roassokumamoto,6927.58,25005,0.28
j2league,2011,sagantosu,7729.63,22532,0.34
j2league,2011,shonanbellmare,6943.05,10425,0.67
j2league,2011,thespakusatsu,3211.47,6520,0.49
j2league,2011,tochigisc,4939.37,9953,0.50
j2league,2011,tokushimavortis,5211.84,11916,0.44
j2league,2011,tokyoverdy,5709.58,28832,0.20
j2league,2011,yokohamafc,5770.11,16813,0.34
j2league,2012,avispafukuoka,5584.71,10902,0.51
j2league,2012,ehimefc,3628.62,6612,0.55
j2league,2012,fagianookayama,7985.29,12618,0.63
j2league,2012,fcgifu,4270.29,11119,0.38
j2league,2012,gainaretottori,3132.67,6629,0.47
j2league,2012,giravanzkitakyushu,3346.38,7637,0.44
j2league,2012,jefunitedchiba,9280.62,14487,0.64
j2league,2012,katallertoyama,3324.14,6549,0.51
j2league,2012,kyotosanga,7272.95,12296,0.59
j2league,2012,machidazelvia,3652.52,7139,0.51
j2league,2012,matsumotoyamaga,9530.62,13098,0.73
j2league,2012,mitohollyhock,3930.00,6920,0.57
j2league,2012,montedioyamagata,7355.19,11275,0.65
j2league,2012,oitatrinita,9720.67,23617,0.41
j2league,2012,roassokumamoto,5855.05,10530,0.56
j2league,2012,shonanbellmare,6851.76,10918,0.63
j2league,2012,thespakusatsu,3340.90,6891,0.48
j2league,2012,tochigisc,3850.43,5156,0.75
j2league,2012,tokushimavortis,3990.86,7526,0.53
j2league,2012,tokyoverdy,5340.86,13093,0.41
j2league,2012,ventforetkofu,10406.62,16643,0.63
j2league,2012,yokohamafc,6038.57,9687,0.62
j2league,2013,avispafukuoka,5727.14,14526,0.39
j2league,2013,consadolesapporo,10074.67,24813,0.41
j2league,2013,ehimefc,3950.10,10381,0.38
j2league,2013,fagianookayama,8574.10,18269,0.47
j2league,2013,fcgifu,4525.33,11719,0.39
j2league,2013,gainaretottori,4096.81,10096,0.41
j2league,2013,gambaosaka,12285.52,18193,0.68
j2league,2013,giravanzkitakyushu,3174.52,7207,0.44
j2league,2013,jefunitedchiba,10003.71,15982,0.63
j2league,2013,katallertoyama,4474.29,13639,0.33
j2league,2013,kyotosanga,7891.29,15380,0.51
j2league,2013,matsumotoyamaga,11041.24,17148,0.64
j2league,2013,mitohollyhock,4630.33,10025,0.46
j2league,2013,montedioyamagata,7019.81,17223,0.41
j2league,2013,roassokumamoto,6227.10,12003,0.52
j2league,2013,thespakusatsugunma,3570.95,7810,0.46
j2league,2013,tochigisc,4921.90,10687,0.46
j2league,2013,tokushimavortis,4347.76,8897,0.49
j2league,2013,tokyoverdy,6342.90,18705,0.34
j2league,2013,visselkobe,11516.24,23012,0.50
j2league,2013,vvarennagasaki,6167.48,18153,0.34
j2league,2013,yokohamafc,6064.48,12490,0.49
j2league,2014,avispafukuoka,5062.05,7875,0.64
j2league,2014,consadolesapporo,11069.19,20633,0.54
j2league,2014,ehimefc,3820.38,8295,0.46
j2league,2014,fagianookayama,8403.67,12359,0.68
j2league,2014,fcgifu,7583.76,15138,0.50
j2league,2014,giravanzkitakyushu,3622.48,6516,0.56
j2league,2014,jefunitedchiba,9333.29,14575,0.64
j2league,2014,jubiloiwata,8774.33,13177,0.67
j2league,2014,kamatamaresanuki,3317.33,10421,0.32
j2league,2014,katallertoyama,4266.48,8018,0.53
j2league,2014,kyotosanga,7519.57,12452,0.60
j2league,2014,matsumotoyamaga,12733.43,18496,0.69
j2league,2014,mitohollyhock,4734.38,7033,0.67
j2league,2014,montedioyamagata,6346.24,13344,0.48
j2league,2014,oitatrinita,8421.86,20636,0.41
j2league,2014,roassokumamoto,7002.19,12661,0.55
j2league,2014,shonanbellmare,8478.14,14155,0.60
j2league,2014,thespakusatsugunma,3760.05,6407,0.59
j2league,2014,tochigisc,5294.19,9131,0.58
j2league,2014,tokyoverdy,5429.67,12658,0.43
j2league,2014,vvarennagasaki,4838.62,12638,0.38
j2league,2014,yokohamafc,5145.90,8702,0.59
j2league,2015,avispafukuoka,8692.38,16776,0.52
j2league,2015,cerezoosaka,12232.38,17212,0.71
j2league,2015,consadolesapporo,11960.05,20234,0.59
j2league,2015,ehimefc,3771.10,9158,0.41
j2league,2015,fagianookayama,8412.00,15820,0.53
j2league,2015,fcgifu,6178.86,9296,0.66
j2league,2015,giravanzkitakyushu,3487.76,8501,0.41
j2league,2015,jefunitedchiba,10724.71,15051,0.71
j2league,2015,jubiloiwata,10041.19,13576,0.74
j2league,2015,kamatamaresanuki,3658.29,10447,0.35
j2league,2015,kyotosanga,7490.76,16920,0.44
j2league,2015,mitohollyhock,4815.81,8391,0.57
j2league,2015,oitatrinita,7533.05,15152,0.50
j2league,2015,omiyaardija,9489.52,14410,0.66
j2league,2015,roassokumamoto,7037.38,13132,0.54
j2league,2015,thespakusatsugunma,4098.90,11303,0.36
j2league,2015,tochigisc,5166.71,9319,0.55
j2league,2015,tokushimavortis,5018.95,8684,0.58
j2league,2015,tokyoverdy,5654.81,16629,0.34
j2league,2015,vvarennagasaki,5093.00,10184,0.50
j2league,2015,yokohamafc,5112.57,9663,0.53
j2league,2015,zweigenkanazawa,4910.48,12353,0.40
j2league,2016,cerezoosaka,12509.10,23781,0.53
j2league,2016,ehimefc,4088.71,8215,0.50
j2league,2016,fagianookayama,10017.33,15204,0.66
j2league,2016,fcgifu,5662.38,12158,0.47
j2league,2016,giravanzkitakyushu,3223.71,5689,0.57
j2league,2016,hokkaidoconsadolesapporo,14558.67,33697,0.43
j2league,2016,jefunitedchiba,10291.76,14163,0.73
j2league,2016,kamatamaresanuki,3686.33,11376,0.32
j2league,2016,kyotosanga,6524.05,12042,0.54
j2league,2016,machidazelvia,5123.38,10112,0.51
j2league,2016,matsumotoyamaga,13630.76,19632,0.69
j2league,2016,mitohollyhock,5365.14,10420,0.51
j2league,2016,montedioyamagata,6253.52,14450,0.43
j2league,2016,renofayamaguchi,6653.90,14532,0.46
j2league,2016,roassokumamoto,5542.95,9727,0.57
j2league,2016,shimizuspulse,11273.76,16740,0.67
j2league,2016,thespakusatsugunma,4743.76,9804,0.48
j2league,2016,tokushimavortis,4564.76,9767,0.47
j2league,2016,tokyoverdy,5402.43,9272,0.58
j2league,2016,vvarennagasaki,5225.10,9048,0.58
j2league,2016,yokohamafc,4891.62,10524,0.46
j2league,2016,zweigenkanazawa,4178.90,9316,0.45
j2league,2017,avispafukuoka,9549.81,16336,0.58
j2league,2017,ehimefc,3866.33,7863,0.49
j2league,2017,fagianookayama,9470.62,12286,0.77
j2league,2017,fcgifu,6977.05,17027,0.41
j2league,2017,jefunitedchiba,9982.71,15994,0.62
j2league,2017,kamatamaresanuki,3805.14,7994,0.48
j2league,2017,kyotosanga,6747.81,10750,0.63
j2league,2017,machidazelvia,4056.05,8124,0.50
j2league,2017,matsumotoyamaga,12146.48,15872,0.77
j2league,2017,mitohollyhock,4930.90,9240,0.53
j2league,2017,montedioyamagata,6582.48,12743,0.52
j2league,2017,nagoyagrampus,15365.33,36755,0.42
j2league,2017,oitatrinita,8063.24,11370,0.71
j2league,2017,renofayamaguchi,6433.71,23939,0.27
j2league,2017,roassokumamoto,6557.05,13990,0.47
j2league,2017,shonanbellmare,8453.67,12480,0.68
j2league,2017,thespakusatsugunma,3831.67,6828,0.56
j2league,2017,tokushimavortis,4978.90,7583,0.66
j2league,2017,tokyoverdy,6206.38,14541,0.43
j2league,2017,vvarennagasaki,6035.14,22407,0.27
j2league,2017,yokohamafc,5966.71,13244,0.45
j2league,2017,zweigenkanazawa,4396.95,11173,0.39
j2league,2018,albirexniigata,14913.33,22465,0.66
j2league,2018,avispafukuoka,8872.52,15331,0.58
j2league,2018,ehimefc,3161.05,5319,0.59
j2league,2018,fagianookayama,8599.33,13851,0.62
j2league,2018,fcgifu,6857.67,12045,0.57
j2league,2018,jefunitedchiba,9858.33,12440,0.79
j2league,2018,kamatamaresanuki,3072.95,5668,0.54
j2league,2018,kyotosanga,5663.38,9036,0.63
j2league,2018,machidazelvia,4915.00,10013,0.49
j2league,2018,matsumotoyamaga,13283.24,19066,0.70
j2league,2018,mitohollyhock,4938.00,7858,0.63
j2league,2018,montedioyamagata,6766.38,13609,0.50
j2league,2018,oitatrinita,8907.24,15125,0.59
j2league,2018,omiyaardija,9224.33,12400,0.74
j2league,2018,renofayamaguchi,6122.81,12927,0.47
j2league,2018,roassokumamoto,5268.71,10226,0.52
j2league,2018,tochigisc,5657.38,11562,0.49
j2league,2018,tokushimavortis,4997.19,8753,0.57
j2league,2018,tokyoverdy,5935.90,10529,0.56
j2league,2018,ventforetkofu,7383.52,10192,0.72
j2league,2018,yokohamafc,6140.90,10978,0.56
j2league,2018,zweigenkanazawa,4528.24,9645,0.47
j2league,2019,albirexniigata,14402.14,20486,0.70
j2league,2019,avispafukuoka,6982.81,12028,0.58
j2league,2019,ehimefc,3779.67,7874,0.48
j2league,2019,fagianookayama,9444.33,17288,0.55
j2league,2019,fcgifu,6691.71,11787,0.57
j2league,2019,fcryukyu,4952.81,12019,0.41
j2league,2019,jefunitedchiba,9701.19,14950,0.65
j2league,2019,kagoshimaunited,5785.38,7965,0.73
j2league,2019,kashiwareysol,9470.81,13056,0.73
j2league,2019,kyotosanga,7849.76,14069,0.56
j2league,2019,machidazelvia,4717.95,8814,0.54
j2league,2019,mitohollyhock,6086.86,9874,0.62
j2league,2019,montedioyamagata,8288.76,18721,0.44
j2league,2019,omiyaardija,9478.10,12090,0.78
j2league,2019,renofayamaguchi,5653.24,12105,0.47
j2league,2019,tochigisc,5147.86,8426,0.61
j2league,2019,tokushimavortis,5736.19,10526,0.54
j2league,2019,tokyoverdy,5370.90,8545,0.63
j2league,2019,ventforetkofu,8273.43,15665,0.53
j2league,2019,vvarennagasaki,7736.95,11924,0.65
j2league,2019,yokohamafc,7060.95,12937,0.55
j2league,2019,zweigenkanazawa,5208.86,13070,0.40
j2league,2021,albirexniigata,10878.67,14759,0.74
j2league,2021,blaublitzakita,2096.76,3961,0.53
j2league,2021,ehimefc,1854.05,3369,0.55
j2league,2021,fagianookayama,4323.90,6813,0.63
j2league,2021,fcryukyu,2005.52,3871,0.52
j2league,2021,giravanzkitakyushu,2974.05,5638,0.53
j2league,2021,jefunitedchiba,4068.43,6732,0.60
j2league,2021,jubiloiwata,5968.05,13652,0.44
j2league,2021,kyotosanga,5522.81,9900,0.56
j2league,2021,machidazelvia,2645.71,5433,0.49
j2league,2021,matsumotoyamaga,6153.62,7811,0.79
j2league,2021,mitohollyhock,2696.43,4574,0.59
j2league,2021,montedioyamagata,5082.00,8340,0.61
j2league,2021,omiyaardija,4310.81,5712,0.75
j2league,2021,renofayamaguchi,3010.62,4862,0.62
j2league,2021,scsagamihara,2371.52,4369,0.54
j2league,2021,thespakusatsugunma,2140.19,4816,0.44
j2league,2021,tochigisc,3860.86,8209,0.47
j2league,2021,tokyoverdy,3416.62,7505,0.46
j2league,2021,ventforetkofu,4324.95,6072,0.71
j2league,2021,vvarennagasaki,4955.81,8025,0.62
j2league,2021,zweigenkanazawa,2533.48,4674,0.54
j2league,2022,albirexniigata,14954.24,32979,0.45
j2league,2022,blaublitzakita,2283.43,5404,0.42
j2league,2022,fagianookayama,7064.76,12570,0.56
j2league,2022,fcryukyu,1976.95,4537,0.44
j2league,2022,iwategrullamorioka,1748.76,3256,0.54
j2league,2022,jefunitedchiba,5774.62,8639,0.67
j2league,2022,machidazelvia,3243.19,6287,0.52
j2league,2022,mitohollyhock,3140.05,6296,0.50
j2league,2022,montedioyamagata,6450.62,12072,0.53
j2league,2022,oitatrinita,6618.38,12187,0.54
j2league,2022,omiyaardija,5271.76,8279,0.64
j2league,2022,renofayamaguchi,3660.90,7642,0.48
j2league,2022,roassokumamoto,4038.90,21508,0.19
j2league,2022,thespakusatsugunma,3076.10,5867,0.52
j2league,2022,tochigisc,4429.05,12490,0.35
j2league,2022,tokushimavortis,4223.67,7807,0.54
j2league,2022,tokyoverdy,4954.95,12846,0.39
j2league,2022,vegaltasendai,8990.95,15372,0.58
j2league,2022,ventforetkofu,4930.05,9095,0.54
j2league,2022,vvarennagasaki,5060.95,10345,0.49
j2league,2022,yokohamafc,5088.05,9100,0.56
j2league,2022,zweigenkanazawa,3421.05,11859,0.29
j2league,2023,blaublitzakita,3138.67,5193,0.60
j2league,2023,fagianookayama,8494.90,15695,0.54
j2league,2023,fujiedamyfc,3145.14,6288,0.50
j2league,2023,iwakifc,3490.76,5044,0.69
j2league,2023,jefunitedchiba,8523.10,15201,0.56
j2league,2023,jubiloiwata,10446.33,24247,0.43
j2league,2023,machidazelvia,7426.48,38402,0.19
j2league,2023,mitohollyhock,3726.00,9219,0.40
j2league,2023,montedioyamagata,8318.29,14618,0.57
j2league,2023,oitatrinita,9201.52,15705,0.59
j2league,2023,omiyaardija,6757.71,11827,0.57
j2league,2023,renofayamaguchi,4407.24,7022,0.63
j2league,2023,roassokumamoto,6278.19,17805,0.35
j2league,2023,shimizuspulse,14393.05,47628,0.30
j2league,2023,thespakusatsugunma,4121.33,10823,0.38
j2league,2023,tochigisc,5833.86,10741,0.54
j2league,2023,tokushimavortis,5975.76,13199,0.45
j2league,2023,tokyoverdy,7981.71,17802,0.45
j2league,2023,vegaltasendai,11215.29,15163,0.74
j2league,2023,ventforetkofu,7484.95,11643,0.64
j2league,2023,vvarennagasaki,7300.14,13893,0.53
j2league,2023,zweigenkanazawa,4224.86,9277,0.46
j2league,2024,blaublitzakita,4127.68,7467,0.55
j2league,2024,ehimefc,4721.05,9039,0.52
j2league,2024,fagianookayama,9188.00,15269,0.60
j2league,2024,fujiedamyfc,4274.21,10667,0.40
j2league,2024,iwakifc,4290.32,5056,0.85
j2league,2024,jefunitedchiba,10430.74,16740,0.62
j2league,2024,kagoshimaunited,6596.00,10406,0.63
j2league,2024,mitohollyhock,4406.16,10488,0.42
j2league,2024,montedioyamagata,10264.79,19316,0.53
j2league,2024,oitatrinita,10360.42,28359,0.37
j2league,2024,renofayamaguchi,6089.26,11575,0.53
j2league,2024,roassokumamoto,6176.63,15502,0.40
j2league,2024,shimizuspulse,17749.84,55598,0.32
j2league,2024,thespagunma,3988.16,11271,0.35
j2league,2024,tochigisc,6238.37,16476,0.38
j2league,2024,tokushimavortis,6054.26,12227,0.50
j2league,2024,vegaltasendai,13330.84,19007,0.70
j2league,2024,ventforetkofu,8274.26,14268,0.58
j2league,2024,vvarennagasaki,9813.79,19902,0.49
j2league,2024,yokohamafc,6962.84,12735,0.55
jupilerproleague,2008,afctubize,4088.24,8000,0.51
jupilerproleague,2008,cerclebrugge,9891.94,23163,0.43
jupilerproleague,2008,clubbrugge,26232.82,28128,0.93
jupilerproleague,2008,excelsiormouscron2009,5631.65,10497,0.54
jupilerproleague,2008,fcvdendereh,5083.71,8005,0.64
jupilerproleague,2008,germinalbeerschotantwerpen,10062.53,12000,0.84
jupilerproleague,2008,kaagent,10850.24,12919,0.84
jupilerproleague,2008,krcgenk,21960.65,23895,0.92
jupilerproleague,2008,ksclokeren2020,6008.29,8650,0.69
jupilerproleague,2008,ksvroeselare2020,5803.41,8000,0.73
jupilerproleague,2008,kvcwesterlo,5794.12,8500,0.68
jupilerproleague,2008,kvkortrijk,6065.65,9000,0.67
jupilerproleague,2008,kvmechelen,11001.00,12800,0.86
jupilerproleague,2008,raecmons2015,4211.53,9000,0.47
jupilerproleague,2008,rcharleroisc,9140.76,20701,0.44
jupilerproleague,2008,rscanderlecht,23653.24,24377,0.97
jupilerproleague,2008,standarddeliege,25794.12,28000,0.92
jupilerproleague,2008,zultewaregem,6714.35,8900,0.75
jupilerproleague,2010,cerclebrugge,8648.80,17835,0.48
jupilerproleague,2010,clubbrugge,24424.20,27424,0.89
jupilerproleague,2010,germinalbeerschotantwerpen,8400.33,10029,0.84
jupilerproleague,2010,kaagent,10818.53,12541,0.86
jupilerproleague,2010,kaseupen,4083.27,7565,0.54
jupilerproleague,2010,krcgenk,20722.93,24180,0.86
jupilerproleague,2010,ksclokeren2020,5760.00,8170,0.71
jupilerproleague,2010,kvcwesterlo,6065.47,7982,0.76
jupilerproleague,2010,kvkortrijk,6755.73,9390,0.72
jupilerproleague,2010,kvmechelen,11386.20,12898,0.88
jupilerproleague,2010,liersesk2018,10276.87,14000,0.73
jupilerproleague,2010,rcharleroisc,6339.67,18038,0.35
jupilerproleague,2010,rscanderlecht,23106.73,23800,0.97
jupilerproleague,2010,standarddeliege,27043.40,29000,0.93
jupilerproleague,2010,vvsttruiden,8757.27,11200,0.78
jupilerproleague,2010,zultewaregem,7030.53,8479,0.83
jupilerproleague,2011,beerschotac2013,8440.73,10481,0.81
jupilerproleague,2011,cerclebrugge,8787.13,20643,0.43
jupilerproleague,2011,clubbrugge,24771.73,28210,0.88
jupilerproleague,2011,kaagent,11076.40,12414,0.89
jupilerproleague,2011,krcgenk,22086.07,23659,0.93
jupilerproleague,2011,ksclokeren2020,5055.87,8035,0.63
jupilerproleague,2011,kvcwesterlo,5286.93,7782,0.68
jupilerproleague,2011,kvkortrijk,6989.33,9399,0.74
jupilerproleague,2011,kvmechelen,10811.80,12737,0.85
jupilerproleague,2011,liersesk2018,8293.47,10325,0.80
jupilerproleague,2011,oudheverleeleuven,7269.33,8519,0.85
jupilerproleague,2011,raecmons2015,4852.93,8316,0.58
jupilerproleague,2011,rscanderlecht,22458.20,23862,0.94
jupilerproleague,2011,standarddeliege,26649.20,27696,0.96
jupilerproleague,2011,vvsttruiden,8265.40,10170,0.81
jupilerproleague,2011,zultewaregem,7666.47,9428,0.81
jupilerproleague,2012,beerschotac2013,8063.27,11333,0.71
jupilerproleague,2012,cerclebrugge,8153.67,13499,0.60
jupilerproleague,2012,clubbrugge,25137.93,29042,0.87
jupilerproleague,2012,kaagent,10773.93,12012,0.90
jupilerproleague,2012,krcgenk,20200.47,24331,0.83
jupilerproleague,2012,ksclokeren2020,6094.73,7877,0.77
jupilerproleague,2012,kvkortrijk,7659.53,9399,0.81
jupilerproleague,2012,kvmechelen,10294.47,11500,0.90
jupilerproleague,2012,kvrswaaslandskbeveren,6411.93,8500,0.75
jupilerproleague,2012,liersesk2018,7248.53,8556,0.85
jupilerproleague,2012,oudheverleeleuven,8018.67,9500,0.84
jupilerproleague,2012,raecmons2015,4651.27,8150,0.57
jupilerproleague,2012,rcharleroisc,6447.13,11153,0.58
jupilerproleague,2012,rscanderlecht,20898.60,22500,0.93
jupilerproleague,2012,standarddeliege,21361.87,26000,0.82
jupilerproleague,2012,zultewaregem,7553.33,10024,0.75
jupilerproleague,2013,cerclebrugge,8241.33,14500,0.57
jupilerproleague,2013,clubbrugge,25269.20,29042,0.87
jupilerproleague,2013,kaagent,18548.73,19958,0.93
jupilerproleague,2013,krcgenk,21547.07,24236,0.89
jupilerproleague,2013,ksclokeren2020,7186.60,9093,0.79
jupilerproleague,2013,kvkortrijk,7582.67,9391,0.81
jupilerproleague,2013,kvmechelen,9675.73,11911,0.81
jupilerproleague,2013,kvoostende2024,5244.47,7382,0.71
jupilerproleague,2013,kvrswaaslandskbeveren,5809.07,8200,0.71
jupilerproleague,2013,liersesk2018,7319.93,9442,0.78
jupilerproleague,2013,oudheverleeleuven,8373.07,9493,0.88
jupilerproleague,2013,raecmons2015,3826.60,7050,0.54
jupilerproleague,2013,rcharleroisc,6378.67,11382,0.56
jupilerproleague,2013,rscanderlecht,20169.47,24000,0.84
jupilerproleague,2013,standarddeliege,24227.40,27489,0.88
jupilerproleague,2013,zultewaregem,8184.07,10500,0.78
jupilerproleague,2014,cerclebrugge,7804.53,14500,0.54
jupilerproleague,2014,clubbrugge,26071.27,29042,0.90
jupilerproleague,2014,kaagent,18099.27,19999,0.91
jupilerproleague,2014,krcgenk,18135.60,22075,0.82
jupilerproleague,2014,ksclokeren2020,8258.20,11353,0.73
jupilerproleague,2014,kvcwesterlo,6389.27,8030,0.80
jupilerproleague,2014,kvkortrijk,7593.07,9399,0.81
jupilerproleague,2014,kvmechelen,9617.00,13212,0.73
jupilerproleague,2014,kvoostende2024,6104.73,7422,0.82
jupilerproleague,2014,kvrswaaslandskbeveren,5557.80,7957,0.70
jupilerproleague,2014,liersesk2018,6337.07,9208,0.69
jupilerproleague,2014,rcharleroisc,8199.93,13620,0.60
jupilerproleague,2014,royalmouscronperuwelz,4475.93,10500,0.43
jupilerproleague,2014,rscanderlecht,21245.00,26361,0.81
jupilerproleague,2014,standarddeliege,24525.33,27721,0.88
jupilerproleague,2014,zultewaregem,8867.73,11000,0.81
jupilerproleague,2015,clubbrugge,25714.33,28000,0.92
jupilerproleague,2015,kaagent,19900.93,19999,1.00
jupilerproleague,2015,krcgenk,16892.27,20515,0.82
jupilerproleague,2015,ksclokeren2020,8216.53,10683,0.77
jupilerproleague,2015,kvcwesterlo,6280.00,8200,0.77
jupilerproleague,2015,kvkortrijk,7881.20,9399,0.84
jupilerproleague,2015,kvmechelen,10079.47,12000,0.84
jupilerproleague,2015,kvoostende2024,6743.87,8125,0.83
jupilerproleague,2015,kvrswaaslandskbeveren,5562.40,7892,0.70
jupilerproleague,2015,oudheverleeleuven,7159.73,8364,0.86
jupilerproleague,2015,rcharleroisc,9089.40,14966,0.61
jupilerproleague,2015,royalmouscronperuwelz,3352.93,8000,0.42
jupilerproleague,2015,rscanderlecht,20691.87,26000,0.80
jupilerproleague,2015,standarddeliege,25269.00,30023,0.84
jupilerproleague,2015,vvsttruiden,9864.67,12501,0.79
jupilerproleague,2015,zultewaregem,8488.93,9540,0.89
jupilerproleague,2016,clubbrugge,26728.60,28500,0.94
jupilerproleague,2016,kaagent,19807.07,19999,0.99
jupilerproleague,2016,kaseupen,3407.33,5679,0.60
jupilerproleague,2016,krcgenk,16104.07,19570,0.82
jupilerproleague,2016,ksclokeren2020,7116.87,9875,0.72
jupilerproleague,2016,kvcwesterlo,5773.33,8100,0.71
jupilerproleague,2016,kvkortrijk,6247.60,9191,0.68
jupilerproleague,2016,kvmechelen,11972.53,16701,0.72
jupilerproleague,2016,kvoostende2024,7343.73,8432,0.87
jupilerproleague,2016,kvrswaaslandskbeveren,4537.27,7129,0.64
jupilerproleague,2016,rcharleroisc,9559.00,14783,0.65
jupilerproleague,2016,royalexcelmouscron2022,3336.53,7000,0.48
jupilerproleague,2016,rscanderlecht,18179.20,21000,0.87
jupilerproleague,2016,standarddeliege,23405.27,27850,0.84
jupilerproleague,2016,vvsttruiden,6874.40,11600,0.59
jupilerproleague,2016,zultewaregem,9580.33,12250,0.78
jupilerproleague,2017,clubbrugge,26517.93,27667,0.96
jupilerproleague,2017,kaagent,19743.67,19999,0.99
jupilerproleague,2017,kaseupen,3364.53,5522,0.61
jupilerproleague,2017,krcgenk,15392.40,19755,0.78
jupilerproleague,2017,ksclokeren2020,6216.07,9876,0.63
jupilerproleague,2017,kvkortrijk,7578.00,9134,0.83
jupilerproleague,2017,kvmechelen,13208.67,16713,0.79
jupilerproleague,2017,kvoostende2024,5851.47,8155,0.72
jupilerproleague,2017,kvrswaaslandskbeveren,6107.20,8235,0.74
jupilerproleague,2017,rcharleroisc,10748.73,14330,0.75
jupilerproleague,2017,royalantuerpiafc,11705.27,12975,0.90
jupilerproleague,2017,royalexcelmouscron2022,5452.07,10101,0.54
jupilerproleague,2017,rscanderlecht,19344.60,21000,0.92
jupilerproleague,2017,standarddeliege,23363.87,27259,0.86
jupilerproleague,2017,vvsttruiden,6522.33,10649,0.61
jupilerproleague,2017,zultewaregem,9198.20,11204,0.82
jupilerproleague,2018,cerclebrugge,6587.00,13222,0.50
jupilerproleague,2018,clubbrugge,25481.13,27672,0.92
jupilerproleague,2018,kaagent,18750.87,19999,0.94
jupilerproleague,2018,kaseupen,2893.87,5522,0.52
jupilerproleague,2018,krcgenk,17995.33,22971,0.78
jupilerproleague,2018,ksclokeren2020,4541.27,7070,0.64
jupilerproleague,2018,kvkortrijk,7272.20,9127,0.80
jupilerproleague,2018,kvoostende2024,5330.87,7500,0.71
jupilerproleague,2018,kvrswaaslandskbeveren,4828.33,7807,0.62
jupilerproleague,2018,rcharleroisc,9076.60,12653,0.72
jupilerproleague,2018,royalantuerpiafc,12491.53,15245,0.82
jupilerproleague,2018,royalexcelmouscron2022,4001.67,6889,0.58
jupilerproleague,2018,rscanderlecht,19397.53,21000,0.92
jupilerproleague,2018,standarddeliege,24167.93,27245,0.89
jupilerproleague,2018,vvsttruiden,7391.40,14000,0.53
jupilerproleague,2018,zultewaregem,8617.93,10756,0.80
jupilerproleague,2022,cerclebrugge,4464.94,12488,0.36
jupilerproleague,2022,clubbrugge,20987.41,29062,0.72
jupilerproleague,2022,kaagent,13759.29,20076,0.69
jupilerproleague,2022,kaseupen,2944.71,7101,0.41
jupilerproleague,2022,krcgenk,16843.41,22004,0.77
jupilerproleague,2022,kvcwesterlo,5765.35,8000,0.72
jupilerproleague,2022,kvkortrijk,6282.18,9007,0.70
jupilerproleague,2022,kvmechelen,11982.65,16125,0.74
jupilerproleague,2022,kvoostende2024,3695.29,5842,0.63
jupilerproleague,2022,oudheverleeleuven,6527.47,9075,0.72
jupilerproleague,2022,rcharleroisc,6969.88,12000,0.58
jupilerproleague,2022,rfcseraing,2251.88,6500,0.35
jupilerproleague,2022,royalantuerpiafc,13808.18,15955,0.87
jupilerproleague,2022,rscanderlecht,19367.35,21900,0.88
jupilerproleague,2022,standarddeliege,20645.94,27670,0.75
jupilerproleague,2022,unionsaintgilloise,6266.18,8000,0.78
jupilerproleague,2022,vvsttruiden,5629.06,11500,0.49
jupilerproleague,2022,zultewaregem,7604.76,12291,0.62
jupilerproleague,2023,cerclebrugge,5404.07,14967,0.36
jupilerproleague,2023,clubbrugge,20875.87,26056,0.80
jupilerproleague,2023,kaagent,15216.07,19999,0.76
jupilerproleague,2023,kaseupen,3074.33,6615,0.46
jupilerproleague,2023,krcgenk,17738.13,21481,0.83
jupilerproleague,2023,kvcwesterlo,6386.67,8000,0.80
jupilerproleague,2023,kvkortrijk,6587.53,9036,0.73
jupilerproleague,2023,kvmechelen,13155.87,16225,0.81
jupilerproleague,2023,oudheverleeleuven,7663.13,9845,0.78
jupilerproleague,2023,rcharleroisc,7660.00,11834,0.65
jupilerproleague,2023,royalantuerpiafc,14261.27,16071,0.89
jupilerproleague,2023,rscanderlecht,21136.20,22900,0.92
jupilerproleague,2023,rwdmolenbeek,5645.00,9200,0.61
jupilerproleague,2023,standarddeliege,19907.47,26864,0.74
jupilerproleague,2023,unionsaintgilloise,6394.33,8194,0.78
jupilerproleague,2023,vvsttruiden,6244.67,11000,0.57
jupilerproleague,2024,beerschotva,5672.60,11256,0.50
jupilerproleague,2024,cerclebrugge,5362.53,10606,0.51
jupilerproleague,2024,clubbrugge,21608.33,25978,0.83
jupilerproleague,2024,fcvdendereh,3405.20,6122,0.56
jupilerproleague,2024,kaagent,13834.93,17674,0.78
jupilerproleague,2024,krcgenk,15912.60,19685,0.81
jupilerproleague,2024,kvcwesterlo,5883.47,8035,0.73
jupilerproleague,2024,kvkortrijk,6860.13,8839,0.78
jupilerproleague,2024,kvmechelen,13327.27,16248,0.82
jupilerproleague,2024,oudheverleeleuven,6343.47,8021,0.79
jupilerproleague,2024,rcharleroisc,7470.13,11793,0.63
jupilerproleague,2024,royalantuerpiafc,12634.93,16430,0.77
jupilerproleague,2024,rscanderlecht,16644.87,18731,0.89
jupilerproleague,2024,standarddeliege,16727.27,23675,0.71
jupilerproleague,2024,unionsaintgilloise,6529.40,7926,0.82
jupilerproleague,2024,vvsttruiden,5862.20,10073,0.58
laliga,2001,athleticbilbao,33684.21,39750,0.85
laliga,2001,caosasuna,16630.00,18870,0.88
laliga,2001,cdtenerife,17105.26,24500,0.70
laliga,2001,celtadevigo,20973.68,29000,0.72
laliga,2001,deportivoalaves,13767.58,16240,0.85
laliga,2001,fcbarcelona,59094.74,95000,0.62
laliga,2001,fcvillarreal,15236.84,22000,0.69
laliga,2001,malagacf,17815.79,32000,0.56
laliga,2001,rayovallecano,11130.26,15500,0.72
laliga,2001,rcdeportivodecorunha,28763.16,35500,0.81
laliga,2001,rcdespanyol,19647.37,47900,0.41
laliga,2001,rcdmallorca,17567.95,23000,0.76
laliga,2001,realbetisbalompie,35368.42,51000,0.69
laliga,2001,realmadridcf,63107.74,71529,0.88
laliga,2001,realsociedad,24160.37,29280,0.83
laliga,2001,realvalladolidcf,12905.26,18000,0.72
laliga,2001,realzaragoza,25684.21,35000,0.73
laliga,2001,sevillafc,32157.89,42000,0.77
laliga,2001,udlaspalmas,16700.68,22000,0.76
laliga,2001,valenciacf,45884.21,52600,0.87
laliga,2005,athleticbilbao,36842.11,40000,0.92
laliga,2005,atleticodemadrid,41710.53,55000,0.76
laliga,2005,cadizcf,18526.32,21500,0.86
laliga,2005,caosasuna,16822.05,26500,0.63
laliga,2005,celtadevigo,20381.58,34750,0.59
laliga,2005,deportivoalaves,14160.26,19000,0.75
laliga,2005,fcbarcelona,73385.37,98295,0.75
laliga,2005,fcvillarreal,18684.21,23000,0.81
laliga,2005,getafecf,13642.11,22000,0.62
laliga,2005,malagacf,19921.05,35000,0.57
laliga,2005,racingsantander,14578.00,20600,0.71
laliga,2005,rcdeportivodecorunha,19657.89,34000,0.58
laliga,2005,rcdespanyol,22758.53,48950,0.46
laliga,2005,rcdmallorca,16073.68,22000,0.73
laliga,2005,realbetisbalompie,38894.74,50000,0.78
laliga,2005,realmadridcf,73194.95,80000,0.91
laliga,2005,realsociedad,23206.00,35000,0.66
laliga,2005,realzaragoza,27820.84,34596,0.80
laliga,2005,sevillafc,39839.47,45000,0.89
laliga,2005,valenciacf,43105.26,52000,0.83
laliga,2006,athleticbilbao,37986.84,40000,0.95
laliga,2006,atleticodemadrid,46227.37,55000,0.84
laliga,2006,caosasuna,18039.95,28000,0.64
laliga,2006,celtadevigo,23315.79,29000,0.80
laliga,2006,fcbarcelona,74468.11,97823,0.76
laliga,2006,fcvillarreal,21368.42,25000,0.85
laliga,2006,getafecf,13263.16,17000,0.78
laliga,2006,gimnasticdetarragona,12186.32,14700,0.83
laliga,2006,levanteud,17273.95,25000,0.69
laliga,2006,racingsantander,17462.05,22271,0.78
laliga,2006,rcdeportivodecorunha,22094.16,34711,0.64
laliga,2006,rcdespanyol,27799.89,38000,0.73
laliga,2006,rcdmallorca,18052.63,28000,0.64
laliga,2006,realbetisbalompie,36894.74,50000,0.74
laliga,2006,realmadridcf,76650.21,90000,0.85
laliga,2006,realsociedad,23705.63,30000,0.79
laliga,2006,realzaragoza,30263.16,38000,0.80
laliga,2006,recreativodehuelva,16715.58,20096,0.83
laliga,2006,sevillafc,41455.21,45000,0.92
laliga,2006,valenciacf,43568.42,52200,0.83
laliga,2007,athleticbilbao,36526.32,40000,0.91
laliga,2007,atleticodemadrid,45450.16,54851,0.83
laliga,2007,caosasuna,17308.58,19800,0.87
laliga,2007,fcbarcelona,70025.74,98248,0.71
laliga,2007,fcvillarreal,19162.11,23000,0.83
laliga,2007,getafecf,10947.37,17000,0.64
laliga,2007,levanteud,13228.26,25354,0.52
laliga,2007,racingsantander,18509.42,22251,0.83
laliga,2007,rcdeportivodecorunha,18963.74,34711,0.55
laliga,2007,rcdespanyol,22287.95,37286,0.60
laliga,2007,rcdmallorca,17926.32,22000,0.81
laliga,2007,realbetisbalompie,37631.58,50000,0.75
laliga,2007,realmadridcf,76594.74,80000,0.96
laliga,2007,realmurciacf,23113.42,30900,0.75
laliga,2007,realvalladolidcf,18447.32,26512,0.70
laliga,2007,realzaragoza,30694.32,36000,0.85
laliga,2007,recreativodehuelva,17207.89,20694,0.83
laliga,2007,sevillafc,39605.26,45500,0.87
laliga,2007,udalmeria,15632.37,21500,0.73
laliga,2007,valenciacf,41210.53,55000,0.75
laliga,2008,athleticbilbao,35736.84,40000,0.89
laliga,2008,atleticodemadrid,44081.74,54851,0.80
laliga,2008,caosasuna,17921.89,19239,0.93
laliga,2008,cdnumancia,8040.00,9700,0.83
laliga,2008,fcbarcelona,70926.42,96509,0.73
laliga,2008,fcvillarreal,18194.74,22000,0.83
laliga,2008,getafecf,11026.32,16000,0.69
laliga,2008,malagacf,25524.42,30000,0.85
laliga,2008,racingsantander,18257.11,22251,0.82
laliga,2008,rcdeportivodecorunha,18511.11,34711,0.53
laliga,2008,rcdespanyol,23602.89,34130,0.69
laliga,2008,rcdmallorca,14875.89,23142,0.64
laliga,2008,realbetisbalompie,37552.63,55500,0.68
laliga,2008,realmadridcf,70815.79,80000,0.89
laliga,2008,realsportingdegijon,22335.26,25885,0.86
laliga,2008,realvalladolidcf,16921.32,23600,0.72
laliga,2008,recreativodehuelva,16516.63,20000,0.83
laliga,2008,sevillafc,41910.42,45500,0.92
laliga,2008,udalmeria,11799.32,16291,0.72
laliga,2008,valenciacf,34789.47,50000,0.70
laliga,2009,athleticbilbao,36078.95,40000,0.90
laliga,2009,atleticodemadrid,40323.53,54851,0.74
laliga,2009,caosasuna,16800.47,18891,0.89
laliga,2009,cdtenerife,19316.47,22510,0.86
laliga,2009,fcbarcelona,77019.63,98083,0.79
laliga,2009,fcvillarreal,17089.47,23000,0.74
laliga,2009,getafecf,10863.16,15000,0.72
laliga,2009,malagacf,25478.84,30000,0.85
laliga,2009,racingsantander,16328.63,22271,0.73
laliga,2009,rcdeportivodecorunha,16984.79,34711,0.49
laliga,2009,rcdespanyol,27860.79,39263,0.71
laliga,2009,rcdmallorca,13209.47,19600,0.67
laliga,2009,realmadridcf,74315.79,80000,0.93
laliga,2009,realsportingdegijon,20009.74,25885,0.77
laliga,2009,realvalladolidcf,17234.32,24700,0.70
laliga,2009,realzaragoza,24157.89,32000,0.75
laliga,2009,sevillafc,38597.21,42649,0.90
laliga,2009,udalmeria,11887.47,18194,0.65
laliga,2009,valenciacf,41231.58,52600,0.78
laliga,2009,xerezcd,16203.79,21000,0.77
laliga,2010,athleticbilbao,36123.68,40000,0.90
laliga,2010,atleticodemadrid,40578.95,54000,0.75
laliga,2010,caosasuna,16150.11,19436,0.83
laliga,2010,fcbarcelona,79191.74,98255,0.81
laliga,2010,fcvillarreal,19157.89,23000,0.83
laliga,2010,getafecf,10942.11,16500,0.66
laliga,2010,herculescf,20236.84,29500,0.69
laliga,2010,levanteud,12913.11,20000,0.65
laliga,2010,malagacf,26324.05,30000,0.88
laliga,2010,racingsantander,15332.37,22000,0.70
laliga,2010,rcdeportivodecorunha,20226.89,34711,0.58
laliga,2010,rcdespanyol,26193.21,40240,0.65
laliga,2010,rcdmallorca,14626.95,23142,0.63
laliga,2010,realmadridcf,69736.84,80000,0.87
laliga,2010,realsociedad,25072.89,30000,0.84
laliga,2010,realsportingdegijon,22163.16,28000,0.79
laliga,2010,realzaragoza,23368.42,35000,0.67
laliga,2010,sevillafc,35947.37,45000,0.80
laliga,2010,udalmeria,10438.21,15000,0.70
laliga,2010,valenciacf,41094.74,50800,0.81
laliga,2011,athleticbilbao,34671.05,39750,0.87
laliga,2011,atleticodemadrid,42360.58,54851,0.77
laliga,2011,caosasuna,15590.84,18161,0.86
laliga,2011,fcbarcelona,75068.79,99252,0.76
laliga,2011,fcvillarreal,17368.42,23000,0.76
laliga,2011,getafecf,9131.58,13000,0.70
laliga,2011,granadacf,21532.74,22525,0.96
laliga,2011,levanteud,13586.05,23142,0.59
laliga,2011,malagacf,27101.47,30000,0.90
laliga,2011,racingsantander,11575.47,18885,0.61
laliga,2011,rayovallecano,10754.37,14800,0.73
laliga,2011,rcdespanyol,23926.74,35122,0.68
laliga,2011,rcdmallorca,12663.89,20000,0.63
laliga,2011,realbetisbalompie,37890.84,51566,0.73
laliga,2011,realmadridcf,74105.26,83000,0.89
laliga,2011,realsociedad,23880.21,30400,0.79
laliga,2011,realsportingdegijon,20815.79,29000,0.72
laliga,2011,realzaragoza,24194.74,35000,0.69
laliga,2011,sevillafc,36184.21,45500,0.80
laliga,2011,valenciacf,37460.53,52250,0.72
laliga,2012,athleticbilbao,36263.16,40000,0.91
laliga,2012,atleticodemadrid,44868.42,54000,0.83
laliga,2012,caosasuna,16543.95,19594,0.84
laliga,2012,celtadevigo,19101.63,30000,0.64
laliga,2012,fcbarcelona,71381.37,99354,0.72
laliga,2012,getafecf,8668.42,13000,0.67
laliga,2012,granadacf,19570.32,22524,0.87
laliga,2012,levanteud,14993.26,24234,0.62
laliga,2012,malagacf,25431.21,29323,0.87
laliga,2012,rayovallecano,10246.21,14708,0.70
laliga,2012,rcdeportivodecorunha,29443.21,34600,0.85
laliga,2012,rcdespanyol,21102.84,30023,0.70
laliga,2012,rcdmallorca,15193.63,23000,0.66
laliga,2012,realbetisbalompie,35500.68,51309,0.69
laliga,2012,realmadridcf,68821.47,83000,0.83
laliga,2012,realsociedad,23946.74,30586,0.78
laliga,2012,realvalladolidcf,17481.89,26512,0.66
laliga,2012,realzaragoza,22273.47,34596,0.64
laliga,2012,sevillafc,30736.84,45000,0.68
laliga,2012,valenciacf,39684.21,50000,0.79
laliga,2013,athleticbilbao,33698.26,47000,0.72
laliga,2013,atleticodemadrid,47475.26,54600,0.87
laliga,2013,caosasuna,15231.16,19398,0.79
laliga,2013,celtadevigo,19834.89,27703,0.72
laliga,2013,elchecf,24547.00,33069,0.74
laliga,2013,fcbarcelona,71871.47,98761,0.73
laliga,2013,fcvillarreal,17394.00,23852,0.73
laliga,2013,getafecf,7483.63,16000,0.47
laliga,2013,granadacf,16175.42,27859,0.58
laliga,2013,levanteud,15341.84,24102,0.64
laliga,2013,malagacf,21882.00,29265,0.75
laliga,2013,rayovallecano,10896.68,14100,0.77
laliga,2013,rcdespanyol,19779.58,32131,0.62
laliga,2013,realbetisbalompie,30449.63,42421,0.72
laliga,2013,realmadridcf,71387.26,85454,0.84
laliga,2013,realsociedad,23330.84,32076,0.73
laliga,2013,realvalladolidcf,16371.16,25311,0.65
laliga,2013,sevillafc,31207.16,40150,0.78
laliga,2013,udalmeria,11451.74,16000,0.72
laliga,2013,valenciacf,34019.68,45000,0.76
laliga,2014,athleticbilbao,40242.58,48437,0.83
laliga,2014,atleticodemadrid,46453.95,54069,0.86
laliga,2014,celtadevigo,19221.53,25274,0.76
laliga,2014,cordobacf,16569.68,24000,0.69
laliga,2014,elchecf,21450.11,31512,0.68
laliga,2014,fcbarcelona,77632.26,98760,0.79
laliga,2014,fcvillarreal,15906.42,23000,0.69
laliga,2014,getafecf,7356.05,10591,0.69
laliga,2014,granadacf,17314.16,21800,0.79
laliga,2014,levanteud,15778.89,23506,0.67
laliga,2014,malagacf,23703.42,30044,0.79
laliga,2014,rayovallecano,10408.79,14070,0.74
laliga,2014,rcdeportivodecorunha,20971.26,30334,0.69
laliga,2014,rcdespanyol,18656.58,30253,0.62
laliga,2014,realmadridcf,73544.63,85253,0.86
laliga,2014,realsociedad,21554.84,28748,0.75
laliga,2014,sdeibar,4773.47,6065,0.79
laliga,2014,sevillafc,30877.84,40355,0.77
laliga,2014,udalmeria,10727.47,16000,0.67
laliga,2014,valenciacf,42679.58,51200,0.83
laliga,2015,athleticbilbao,41825.47,47603,0.88
laliga,2015,atleticodemadrid,43200.63,51933,0.83
laliga,2015,celtadevigo,18204.58,24519,0.74
laliga,2015,fcbarcelona,78342.47,98902,0.79
laliga,2015,fcvillarreal,17146.47,24398,0.70
laliga,2015,getafecf,7412.79,13028,0.57
laliga,2015,granadacf,16422.89,21692,0.76
laliga,2015,levanteud,14286.32,22638,0.63
laliga,2015,malagacf,21069.58,30372,0.69
laliga,2015,rayovallecano,11540.11,13775,0.84
laliga,2015,rcdeportivodecorunha,23481.16,29666,0.79
laliga,2015,rcdespanyol,19233.79,28455,0.68
laliga,2015,realbetisbalompie,38069.84,50073,0.76
laliga,2015,realmadridcf,67933.05,80148,0.85
laliga,2015,realsociedad,20411.21,27895,0.73
laliga,2015,realsportingdegijon,23228.74,28140,0.83
laliga,2015,sdeibar,5200.58,5941,0.88
laliga,2015,sevillafc,33939.00,40377,0.84
laliga,2015,udlaspalmas,21248.21,28515,0.75
laliga,2015,valenciacf,37275.00,47185,0.79
laliga,2016,athleticbilbao,41057.58,49095,0.84
laliga,2016,atleticodemadrid,44734.89,53741,0.83
laliga,2016,caosasuna,14756.89,17770,0.83
laliga,2016,cdleganes,10153.00,11922,0.85
laliga,2016,celtadevigo,16902.79,22838,0.74
laliga,2016,deportivoalaves,17937.47,19840,0.90
laliga,2016,fcbarcelona,78678.21,98485,0.80
laliga,2016,fcvillarreal,17805.74,22893,0.78
laliga,2016,granadacf,14887.89,19094,0.78
laliga,2016,malagacf,21940.74,28314,0.77
laliga,2016,rcdeportivodecorunha,22432.42,30760,0.73
laliga,2016,rcdespanyol,20382.89,31708,0.64
laliga,2016,realbetisbalompie,33564.42,43790,0.77
laliga,2016,realmadridcf,71512.79,81044,0.88
laliga,2016,realsociedad,21471.00,27756,0.77
laliga,2016,realsportingdegijon,22976.16,25899,0.89
laliga,2016,sdeibar,5324.11,6740,0.79
laliga,2016,sevillafc,32773.63,40812,0.80
laliga,2016,udlaspalmas,20441.32,27843,0.73
laliga,2016,valenciacf,33922.16,46770,0.73
laliga,2017,athleticbilbao,37246.16,45504,0.82
laliga,2017,atleticodemadrid,55500.53,66496,0.83
laliga,2017,cdleganes,9932.47,11454,0.87
laliga,2017,celtadevigo,16155.53,20872,0.77
laliga,2017,deportivoalaves,18389.37,19840,0.93
laliga,2017,fcbarcelona,69469.05,97939,0.71
laliga,2017,fcvillarreal,16751.89,21087,0.79
laliga,2017,getafecf,10382.68,15350,0.68
laliga,2017,gironafc,10405.68,13500,0.77
laliga,2017,levanteud,18065.47,23542,0.77
laliga,2017,malagacf,20333.00,27112,0.75
laliga,2017,rcdeportivodecorunha,20518.00,27877,0.74
laliga,2017,rcdespanyol,17847.11,25529,0.70
laliga,2017,realbetisbalompie,46786.26,55588,0.84
laliga,2017,realmadridcf,66510.16,80264,0.83
laliga,2017,realsociedad,19774.89,24675,0.80
laliga,2017,sdeibar,5337.42,6760,0.79
laliga,2017,sevillafc,32998.84,40282,0.82
laliga,2017,udlaspalmas,16074.47,26212,0.61
laliga,2017,valenciacf,38502.11,47775,0.81
laliga,2018,athleticbilbao,40653.84,47557,0.85
laliga,2018,atleticodemadrid,56215.79,67752,0.83
laliga,2018,cdleganes,10435.00,12319,0.85
laliga,2018,celtadevigo,17602.84,22519,0.78
laliga,2018,deportivoalaves,17174.16,19349,0.89
laliga,2018,fcbarcelona,76051.16,93265,0.82
laliga,2018,fcvillarreal,16732.16,19903,0.84
laliga,2018,getafecf,11000.26,14721,0.75
laliga,2018,gironafc,10921.26,14021,0.78
laliga,2018,levanteud,20216.00,24073,0.84
laliga,2018,rayovallecano,11927.95,13880,0.86
laliga,2018,rcdespanyol,19387.58,26568,0.73
laliga,2018,realbetisbalompie,44525.05,54187,0.82
laliga,2018,realmadridcf,60644.58,78921,0.77
laliga,2018,realsociedad,22328.53,27322,0.82
laliga,2018,realvalladolidcf,19044.53,23455,0.81
laliga,2018,sdeibar,4946.89,6714,0.74
laliga,2018,sdhuesca,6604.63,7341,0.90
laliga,2018,sevillafc,35941.63,42885,0.84
laliga,2018,valenciacf,39480.21,46249,0.85
laliga,2021,athleticbilbao,32948.74,43398,0.76
laliga,2021,atleticodemadrid,48039.26,63874,0.75
laliga,2021,cadizcf,14055.16,19643,0.72
laliga,2021,caosasuna,17211.00,21741,0.79
laliga,2021,celtadevigo,10013.53,15714,0.64
laliga,2021,deportivoalaves,10951.89,16209,0.68
laliga,2021,elchecf,15413.63,30146,0.51
laliga,2021,fcbarcelona,53981.68,86422,0.62
laliga,2021,fcvillarreal,14293.16,19050,0.75
laliga,2021,getafecf,8702.00,13072,0.67
laliga,2021,granadacf,13897.05,18000,0.77
laliga,2021,levanteud,14963.53,20785,0.72
laliga,2021,rayovallecano,7919.53,10349,0.77
laliga,2021,rcdespanyol,17351.89,25049,0.69
laliga,2021,rcdmallorca,12764.47,18466,0.69
laliga,2021,realbetisbalompie,41715.42,52158,0.80
laliga,2021,realmadridcf,41303.89,60017,0.69
laliga,2021,realsociedad,26812.89,37066,0.72
laliga,2021,sevillafc,29755.53,40629,0.73
laliga,2021,valenciacf,27349.37,38315,0.71
laliga,2022,athleticbilbao,43487.58,49741,0.87
laliga,2022,atleticodemadrid,55800.47,66881,0.83
laliga,2022,cadizcf,17741.11,19833,0.89
laliga,2022,caosasuna,19654.68,22128,0.89
laliga,2022,celtadevigo,14425.26,23365,0.62
laliga,2022,elchecf,19874.58,30236,0.66
laliga,2022,fcbarcelona,83497.74,95745,0.87
laliga,2022,fcvillarreal,16403.47,21178,0.77
laliga,2022,getafecf,11591.84,14854,0.78
laliga,2022,gironafc,11470.84,13402,0.86
laliga,2022,rayovallecano,12525.37,14216,0.88
laliga,2022,rcdespanyol,21601.47,28512,0.76
laliga,2022,rcdmallorca,14798.05,18258,0.81
laliga,2022,realbetisbalompie,49740.21,54229,0.92
laliga,2022,realmadridcf,56644.32,64721,0.88
laliga,2022,realsociedad,32185.89,38216,0.84
laliga,2022,realvalladolidcf,20942.95,25950,0.81
laliga,2022,sevillafc,35570.68,41392,0.86
laliga,2022,udalmeria,12927.42,15279,0.85
laliga,2022,valenciacf,40601.53,46007,0.88
laliga,2023,athleticbilbao,46112.16,51475,0.90
laliga,2023,atleticodemadrid,59730.84,69082,0.86
laliga,2023,cadizcf,18016.37,20325,0.89
laliga,2023,caosasuna,19703.16,22430,0.88
laliga,2023,celtadevigo,20038.79,23096,0.87
laliga,2023,deportivoalaves,17391.26,19480,0.89
laliga,2023,fcbarcelona,39843.42,50112,0.80
laliga,2023,fcvillarreal,17957.37,21679,0.83
laliga,2023,getafecf,11456.37,15264,0.75
laliga,2023,gironafc,12520.26,14184,0.88
laliga,2023,granadacf,16350.05,20354,0.80
laliga,2023,rayovallecano,12758.37,14354,0.89
laliga,2023,rcdmallorca,17767.21,23244,0.76
laliga,2023,realbetisbalompie,51258.63,58036,0.88
laliga,2023,realmadridcf,72061.16,77981,0.92
laliga,2023,realsociedad,31709.95,38229,0.83
laliga,2023,sevillafc,35492.84,43858,0.81
laliga,2023,udalmeria,12892.63,17561,0.73
laliga,2023,udlaspalmas,25040.74,32037,0.78
laliga,2023,valenciacf,43419.68,47427,0.92
laliga,2024,athleticbilbao,48419.79,51364,0.94
laliga,2024,atleticodemadrid,60883.16,70112,0.87
laliga,2024,caosasuna,20476.32,22390,0.91
laliga,2024,cdleganes,11134.89,12530,0.89
laliga,2024,celtadevigo,21504.26,24573,0.88
laliga,2024,deportivoalaves,17318.05,19468,0.89
laliga,2024,fcbarcelona,45952.53,50319,0.91
laliga,2024,fcvillarreal,18266.16,22048,0.83
laliga,2024,getafecf,11468.53,15184,0.76
laliga,2024,gironafc,11657.21,13891,0.84
laliga,2024,rayovallecano,12879.32,14168,0.91
laliga,2024,rcdespanyol,25640.00,34283,0.75
laliga,2024,rcdmallorca,18502.47,23010,0.80
laliga,2024,realbetisbalompie,51542.00,58538,0.88
laliga,2024,realmadridcf,72691.68,78192,0.93
laliga,2024,realsociedad,30499.26,39313,0.78
laliga,2024,realvalladolidcf,19811.21,26025,0.76
laliga,2024,sevillafc,35619.21,42571,0.84
laliga,2024,udlaspalmas,23010.26,31192,0.74
laliga,2024,valenciacf,43041.68,46673,0.92
laliga2,2007,albacetebalompie,6288.10,17000,0.37
laliga2,2007,cadizcf,14814.29,17500,0.85
laliga2,2007,cdcastellon,9714.29,13000,0.75
laliga2,2007,cdnumancia,5257.14,9700,0.54
laliga2,2007,cdtenerife,10387.62,17693,0.59
laliga2,2007,celtadevigo,6706.14,11000,0.61
laliga2,2007,cordobacf,10057.38,13000,0.77
laliga2,2007,deportivoalaves,7573.10,15542,0.49
laliga2,2007,elchecf,8903.67,13000,0.68
laliga2,2007,gimnasticdetarragona,7665.19,11500,0.67
laliga2,2007,granada74cf,2719.05,4200,0.65
laliga2,2007,herculescf,7357.14,17000,0.43
laliga2,2007,malagacf,20104.76,37200,0.54
laliga2,2007,polideportivoejido,3890.48,5500,0.71
laliga2,2007,racingferrol,3628.57,8000,0.45
laliga2,2007,realsociedad,20460.71,32564,0.63
laliga2,2007,realsportingdegijon,16652.38,25000,0.67
laliga2,2007,sdeibar,2313.24,3540,0.65
laliga2,2007,sevilhaatletico,3380.95,10000,0.34
laliga2,2007,udlaspalmas,11641.10,29132,0.40
laliga2,2007,udsalamanca,5742.81,10767,0.53
laliga2,2007,xerezcd,7959.86,18136,0.44
laliga2,2008,albacetebalompie,5411.71,7030,0.77
laliga2,2008,alicantecf,3000.00,6000,0.50
laliga2,2008,cdcastellon,6475.10,10000,0.65
laliga2,2008,cdtenerife,16715.38,23000,0.73
laliga2,2008,celtadevigo,7104.57,25000,0.28
laliga2,2008,cordobacf,9104.76,12000,0.76
laliga2,2008,deportivoalaves,7370.48,9558,0.77
laliga2,2008,elchecf,7216.52,14614,0.49
laliga2,2008,gimnasticdetarragona,4942.86,8000,0.62
laliga2,2008,gironafc,4435.05,6411,0.69
laliga2,2008,herculescf,11238.10,24000,0.47
laliga2,2008,levanteud,4877.29,9000,0.54
laliga2,2008,rayovallecano,9928.57,15500,0.64
laliga2,2008,realmurciacf,12872.57,18000,0.72
laliga2,2008,realsociedad,17079.71,28416,0.60
laliga2,2008,realzaragoza,19079.10,34596,0.55
laliga2,2008,sdeibar,2006.67,3863,0.52
laliga2,2008,sdhuesca,4295.24,6000,0.72
laliga2,2008,sevilhaatletico,1152.86,6000,0.19
laliga2,2008,udlaspalmas,12487.29,26131,0.48
laliga2,2008,udsalamanca,6340.67,11006,0.58
laliga2,2008,xerezcd,10616.57,20742,0.51
laliga2,2009,albacetebalompie,5875.57,9183,0.64
laliga2,2009,cadizcf,9190.48,18000,0.51
laliga2,2009,cdcastellon,3791.48,7373,0.51
laliga2,2009,cdnumancia,4076.14,7599,0.54
laliga2,2009,celtadevigo,8318.71,11426,0.73
laliga2,2009,cordobacf,9719.29,16000,0.61
laliga2,2009,elchecf,8892.29,32752,0.27
laliga2,2009,fccartagena,10689.90,15105,0.71
laliga2,2009,gimnasticdetarragona,4571.43,13000,0.35
laliga2,2009,gironafc,4243.00,6183,0.69
laliga2,2009,herculescf,14190.48,27000,0.53
laliga2,2009,levanteud,7184.38,20000,0.36
laliga2,2009,rayovallecano,10357.14,14500,0.71
laliga2,2009,realbetisbalompie,28729.86,55000,0.52
laliga2,2009,realmurciacf,11533.19,21766,0.53
laliga2,2009,realsociedad,19879.62,31000,0.64
laliga2,2009,realunionclub,4214.29,6500,0.65
laliga2,2009,recreativodehuelva,9277.10,11461,0.81
laliga2,2009,sdhuesca,3704.76,5500,0.67
laliga2,2009,udlaspalmas,11606.90,29132,0.40
laliga2,2009,udsalamanca,6991.76,15617,0.45
laliga2,2009,villarrealcfb,2761.90,7000,0.39
laliga2,2010,adalcorcon,2485.71,4500,0.55
laliga2,2010,albacetebalompie,4316.33,8378,0.52
laliga2,2010,cdnumancia,3951.95,4801,0.82
laliga2,2010,cdtenerife,13850.43,20275,0.68
laliga2,2010,celtadevigo,10492.19,15000,0.70
laliga2,2010,cordobacf,7649.05,12000,0.64
laliga2,2010,elchecf,7558.33,18496,0.41
laliga2,2010,fcbarcelonab,3606.00,11390,0.32
laliga2,2010,fccartagena,7358.76,10000,0.74
laliga2,2010,gimnasticdetarragona,5149.19,13000,0.40
laliga2,2010,gironafc,6242.76,9282,0.67
laliga2,2010,granadacf,14138.67,16212,0.87
laliga2,2010,rayovallecano,11857.14,15500,0.76
laliga2,2010,realbetisbalompie,31095.24,45000,0.69
laliga2,2010,realvalladolidcf,9826.43,15400,0.64
laliga2,2010,recreativodehuelva,7027.90,9500,0.74
laliga2,2010,sdhuesca,3133.33,4600,0.68
laliga2,2010,sdponferradina,6476.19,8000,0.81
laliga2,2010,udlaspalmas,14173.90,25140,0.56
laliga2,2010,udsalamanca,6290.05,9100,0.69
laliga2,2010,villarrealcfb,1814.29,4000,0.45
laliga2,2010,xerezcd,9602.86,12995,0.74
laliga2,2011,adalcorcon,2804.76,5000,0.56
laliga2,2011,cdalcoyano,3560.57,4500,0.79
laliga2,2011,cdguadalajara,3509.52,8000,0.44
laliga2,2011,cdnumancia,3351.29,5000,0.67
laliga2,2011,celtadevigo,12488.81,31800,0.39
laliga2,2011,cesabadellfc,4538.10,7200,0.63
laliga2,2011,cordobacf,9612.05,17000,0.57
laliga2,2011,elchecf,8671.38,13265,0.65
laliga2,2011,fcbarcelonab,2666.43,6230,0.43
laliga2,2011,fccartagena,7104.24,12000,0.59
laliga2,2011,gimnasticdetarragona,3994.14,8453,0.47
laliga2,2011,gironafc,5085.33,8500,0.60
laliga2,2011,herculescf,9597.00,20584,0.47
laliga2,2011,rcdeportivodecorunha,26438.10,34600,0.76
laliga2,2011,realmurciacf,8117.52,13092,0.62
laliga2,2011,realvalladolidcf,9731.29,14700,0.66
laliga2,2011,recreativodehuelva,5522.95,7754,0.71
laliga2,2011,sdhuesca,3156.52,4100,0.77
laliga2,2011,udalmeria,6843.52,10458,0.65
laliga2,2011,udlaspalmas,9610.95,13632,0.71
laliga2,2011,villarrealcfb,1595.24,5000,0.32
laliga2,2011,xerezcd,6823.14,8847,0.77
laliga2,2012,adalcorcon,3225.81,4800,0.67
laliga2,2012,cdguadalajara,3228.57,5000,0.65
laliga2,2012,cdlugo,3923.81,6000,0.65
laliga2,2012,cdmirandes,4685.90,5500,0.85
laliga2,2012,cdnumancia,2925.43,3504,0.83
laliga2,2012,cesabadellfc,3419.76,6420,0.53
laliga2,2012,cordobacf,9576.10,18375,0.52
laliga2,2012,elchecf,14950.71,33318,0.45
laliga2,2012,fcbarcelonab,5305.05,15000,0.35
laliga2,2012,fcvillarreal,10595.24,25000,0.42
laliga2,2012,gironafc,5905.43,9286,0.64
laliga2,2012,herculescf,7261.90,11000,0.66
laliga2,2012,racingsantander,9028.90,14995,0.60
laliga2,2012,realmadridcastilla,3060.86,7000,0.44
laliga2,2012,realmurciacf,7257.67,13882,0.52
laliga2,2012,realsportingdegijon,15715.90,20000,0.79
laliga2,2012,recreativodehuelva,4917.76,6500,0.76
laliga2,2012,sdhuesca,3190.48,5000,0.64
laliga2,2012,sdponferradina,6317.24,8500,0.74
laliga2,2012,udalmeria,7711.43,12927,0.60
laliga2,2012,udlaspalmas,12026.33,23985,0.50
laliga2,2012,xerezcd,4564.95,6474,0.71
laliga2,2013,adalcorcon,3006.57,4900,0.61
laliga2,2013,cdlugo,3656.86,7564,0.48
laliga2,2013,cdmirandes,4027.76,5473,0.74
laliga2,2013,cdnumancia,3106.67,6207,0.50
laliga2,2013,cdtenerife,10279.81,18040,0.57
laliga2,2013,cesabadellfc,4161.29,10182,0.41
laliga2,2013,cordobacf,10623.33,21822,0.49
laliga2,2013,deportivoalaves,9866.95,14356,0.69
laliga2,2013,fcbarcelonab,3703.19,9003,0.41
laliga2,2013,gironafc,4725.95,8846,0.53
laliga2,2013,herculescf,7300.48,10500,0.70
laliga2,2013,rcdeportivodecorunha,22330.57,33639,0.66
laliga2,2013,rcdmallorca,9196.71,15252,0.60
laliga2,2013,realjaen,7278.52,12600,0.58
laliga2,2013,realmadridcastilla,3086.90,4049,0.76
laliga2,2013,realmurciacf,8093.86,16524,0.49
laliga2,2013,realsportingdegijon,16991.76,22315,0.76
laliga2,2013,realzaragoza,9857.14,18000,0.55
laliga2,2013,recreativodehuelva,7092.33,12418,0.57
laliga2,2013,sdeibar,3017.00,5129,0.59
laliga2,2013,sdponferradina,5485.71,8000,0.69
laliga2,2013,udlaspalmas,10976.38,31123,0.35
laliga2,2014,adalcorcon,2643.67,4500,0.59
laliga2,2014,albacetebalompie,7527.86,11000,0.68
laliga2,2014,caosasuna,13190.76,17720,0.74
laliga2,2014,cdleganes,4759.48,8138,0.58
laliga2,2014,cdlugo,3286.38,6600,0.50
laliga2,2014,cdmirandes,3440.52,4306,0.80
laliga2,2014,cdnumancia,2884.67,6305,0.46
laliga2,2014,cdtenerife,9366.24,19193,0.49
laliga2,2014,cesabadellfc,3936.67,8074,0.49
laliga2,2014,deportivoalaves,9369.24,12171,0.77
laliga2,2014,fcbarcelonab,3780.00,12356,0.31
laliga2,2014,gironafc,5473.43,8974,0.61
laliga2,2014,racingsantander,8909.43,17855,0.50
laliga2,2014,rcdmallorca,6141.57,8190,0.75
laliga2,2014,realbetisbalompie,30639.57,48462,0.63
laliga2,2014,realsportingdegijon,19317.90,26873,0.72
laliga2,2014,realvalladolidcf,9592.48,14615,0.66
laliga2,2014,realzaragoza,14794.38,22000,0.67
laliga2,2014,recreativodehuelva,5534.71,14682,0.38
laliga2,2014,sdponferradina,4888.00,8200,0.60
laliga2,2014,udlaspalmas,14672.29,28032,0.52
laliga2,2014,uellagostera,2318.14,3576,0.65
laliga2,2015,adalcorcon,2650.38,4391,0.60
laliga2,2015,albacetebalompie,6672.38,10212,0.65
laliga2,2015,bilbaoathletic,6888.57,13006,0.53
laliga2,2015,caosasuna,14344.81,18211,0.79
laliga2,2015,cdleganes,5394.52,8138,0.66
laliga2,2015,cdlugo,3733.95,5250,0.71
laliga2,2015,cdmirandes,3449.48,5348,0.65
laliga2,2015,cdnumancia,3277.48,8851,0.37
laliga2,2015,cdtenerife,9104.86,11769,0.77
laliga2,2015,cordobacf,14320.29,19000,0.75
laliga2,2015,deportivoalaves,11461.90,19840,0.58
laliga2,2015,elchecf,9366.14,13180,0.71
laliga2,2015,gimnasticdetarragona,7791.19,14571,0.53
laliga2,2015,gironafc,4348.86,6602,0.66
laliga2,2015,rcdmallorca,8491.38,14596,0.58
laliga2,2015,realoviedo,14188.62,22634,0.63
laliga2,2015,realvalladolidcf,8678.62,12811,0.68
laliga2,2015,realzaragoza,16329.33,23763,0.69
laliga2,2015,sdhuesca,3053.10,4828,0.63
laliga2,2015,sdponferradina,4992.62,7192,0.69
laliga2,2015,udalmeria,7832.05,9549,0.82
laliga2,2015,uellagostera,2097.95,3568,0.59
laliga2,2016,adalcorcon,2754.71,4262,0.65
laliga2,2016,cadizcf,13250.71,16471,0.80
laliga2,2016,cdlugo,3582.43,5977,0.60
laliga2,2016,cdmirandes,3173.05,4150,0.76
laliga2,2016,cdnumancia,3074.29,4739,0.65
laliga2,2016,cdtenerife,11555.24,19395,0.60
laliga2,2016,cfreusdeportiu,3740.76,4193,0.89
laliga2,2016,cordobacf,12199.86,15600,0.78
laliga2,2016,elchecf,7531.81,14559,0.52
laliga2,2016,getafecf,6575.62,11130,0.59
laliga2,2016,gimnasticdetarragona,6712.05,12541,0.54
laliga2,2016,gironafc,5582.90,8824,0.63
laliga2,2016,levanteud,12038.14,18715,0.64
laliga2,2016,rayovallecano,8384.95,11871,0.71
laliga2,2016,rcdmallorca,9212.52,14923,0.62
laliga2,2016,realoviedo,13958.29,18946,0.74
laliga2,2016,realvalladolidcf,8262.05,12812,0.64
laliga2,2016,realzaragoza,15769.86,21500,0.73
laliga2,2016,sdhuesca,3371.14,4721,0.71
laliga2,2016,sevilhaatletico,4704.00,18169,0.26
laliga2,2016,ucammurciacf,3915.00,5877,0.67
laliga2,2016,udalmeria,7558.38,11258,0.67
laliga2,2017,adalcorcon,2849.95,4247,0.67
laliga2,2017,albacetebalompie,6769.38,12556,0.54
laliga2,2017,cadizcf,13145.24,16705,0.79
laliga2,2017,caosasuna,13771.76,16292,0.85
laliga2,2017,cdleonesa,8586.71,12354,0.70
laliga2,2017,cdlugo,3699.95,6498,0.57
laliga2,2017,cdnumancia,3663.57,6903,0.53
laliga2,2017,cdtenerife,12050.81,19123,0.63
laliga2,2017,cfreusdeportiu,2587.90,4300,0.60
laliga2,2017,cordobacf,12970.05,20306,0.64
laliga2,2017,fcbarcelonab,2652.62,5592,0.47
laliga2,2017,gimnasticdetarragona,6558.52,11853,0.55
laliga2,2017,granadacf,10814.57,14047,0.77
laliga2,2017,lorcafc,4431.24,6727,0.66
laliga2,2017,rayovallecano,9524.90,13840,0.69
laliga2,2017,realoviedo,14177.19,26638,0.53
laliga2,2017,realsportingdegijon,20488.38,27506,0.74
laliga2,2017,realvalladolidcf,10591.14,22287,0.48
laliga2,2017,realzaragoza,18604.57,28917,0.64
laliga2,2017,sdhuesca,4186.57,5261,0.80
laliga2,2017,sevilhaatletico,1358.57,4663,0.29
laliga2,2017,udalmeria,7081.19,12678,0.56
laliga2,2018,adalcorcon,2900.71,3902,0.74
laliga2,2018,albacetebalompie,9734.48,15065,0.65
laliga2,2018,cadizcf,13219.62,15914,0.83
laliga2,2018,caosasuna,14899.00,16819,0.89
laliga2,2018,cdlugo,3747.43,6093,0.62
laliga2,2018,cdnumancia,3484.71,6024,0.58
laliga2,2018,cdtenerife,11185.95,18717,0.60
laliga2,2018,cfrayomajadahonda,3373.43,7219,0.47
laliga2,2018,cfreusdeportiu,2803.19,4195,0.67
laliga2,2018,cordobacf,10077.33,14242,0.71
laliga2,2018,elchecf,9574.19,12868,0.74
laliga2,2018,extremaduraud,10135.71,11580,0.88
laliga2,2018,gimnasticdetarragona,4526.33,8625,0.52
laliga2,2018,granadacf,11684.29,18282,0.64
laliga2,2018,malagacf,18002.14,23621,0.76
laliga2,2018,rcdeportivodecorunha,16703.95,22269,0.75
laliga2,2018,rcdmallorca,8779.76,17989,0.49
laliga2,2018,realoviedo,13401.14,23175,0.58
laliga2,2018,realsportingdegijon,18505.10,26748,0.69
laliga2,2018,realzaragoza,20442.33,25977,0.79
laliga2,2018,udalmeria,7031.48,13273,0.53
laliga2,2018,udlaspalmas,12217.00,21350,0.57
laliga2,2021,adalcorcon,1780.90,3000,0.59
laliga2,2021,burgoscf,7989.67,11152,0.72
laliga2,2021,cdleganes,6606.05,8654,0.76
laliga2,2021,cdlugo,2514.90,5069,0.50
laliga2,2021,cdmirandes,2676.05,4924,0.54
laliga2,2021,cdtenerife,11334.10,18587,0.61
laliga2,2021,fccartagena,6163.05,9382,0.66
laliga2,2021,fuenlabradacf,2314.38,3402,0.68
laliga2,2021,gironafc,4984.00,7432,0.67
laliga2,2021,malagacf,15344.90,25389,0.60
laliga2,2021,realoviedo,10732.52,21729,0.49
laliga2,2021,realsociedadssbsanse,3805.00,8563,0.44
laliga2,2021,realsportingdegijon,13688.52,23470,0.58
laliga2,2021,realvalladolidcf,14593.10,22397,0.65
laliga2,2021,realzaragoza,14959.05,25307,0.59
laliga2,2021,sdamorebieta,997.57,1415,0.70
laliga2,2021,sdeibar,4359.57,7237,0.60
laliga2,2021,sdhuesca,5290.48,8143,0.65
laliga2,2021,sdponferradina,4831.62,6658,0.73
laliga2,2021,udalmeria,8931.62,14759,0.61
laliga2,2021,udibiza,3813.29,5011,0.76
laliga2,2021,udlaspalmas,12154.24,30063,0.40
laliga2,2022,albacetebalompie,9662.43,16008,0.60
laliga2,2022,burgoscf,9018.24,11153,0.81
laliga2,2022,cdleganes,7023.43,9003,0.78
laliga2,2022,cdlugo,2900.48,5348,0.54
laliga2,2022,cdmirandes,3057.81,4754,0.64
laliga2,2022,cdtenerife,12014.81,17959,0.67
laliga2,2022,deportivoalaves,14028.48,19450,0.72
laliga2,2022,fcandorra,2041.14,2720,0.75
laliga2,2022,fccartagena,7826.05,10651,0.73
laliga2,2022,granadacf,14818.90,18222,0.81
laliga2,2022,levanteud,14084.43,20356,0.69
laliga2,2022,malagacf,18509.29,27202,0.68
laliga2,2022,racingsantander,12109.71,18402,0.66
laliga2,2022,realoviedo,13547.38,24574,0.55
laliga2,2022,realsportingdegijon,17580.24,24790,0.71
laliga2,2022,realzaragoza,18610.52,23674,0.79
laliga2,2022,sdeibar,5377.33,8128,0.66
laliga2,2022,sdhuesca,5392.05,8443,0.64
laliga2,2022,sdponferradina,5569.43,7152,0.78
laliga2,2022,udibiza,2327.81,3695,0.63
laliga2,2022,udlaspalmas,20834.57,31790,0.66
laliga2,2022,villarrealcfb,2769.81,11569,0.24
laliga2,2023,adalcorcon,3410.29,4414,0.77
laliga2,2023,albacetebalompie,10600.95,15074,0.70
laliga2,2023,burgoscf,9462.90,11314,0.84
laliga2,2023,cdeldense,4594.14,5776,0.80
laliga2,2023,cdleganes,8659.05,12083,0.72
laliga2,2023,cdmirandes,3230.62,5049,0.64
laliga2,2023,cdtenerife,15237.57,19102,0.80
laliga2,2023,elchecf,15695.05,24210,0.65
laliga2,2023,fcandorra,2056.86,3020,0.68
laliga2,2023,fccartagena,8383.76,11862,0.71
laliga2,2023,levanteud,14225.81,17240,0.83
laliga2,2023,racingferrol,6733.38,9026,0.75
laliga2,2023,racingsantander,15841.48,21036,0.75
laliga2,2023,rcdespanyol,20076.52,25015,0.80
laliga2,2023,realoviedo,17974.48,26798,0.67
laliga2,2023,realsportingdegijon,19507.62,26794,0.73
laliga2,2023,realvalladolidcf,17825.76,24765,0.72
laliga2,2023,realzaragoza,22536.43,29468,0.76
laliga2,2023,sdamorebieta,1353.90,2924,0.46
laliga2,2023,sdeibar,5422.19,7588,0.71
laliga2,2023,sdhuesca,5539.57,8181,0.68
laliga2,2023,villarrealcfb,2999.43,9467,0.32
laliga2,2024,albacetebalompie,9675.00,11719,0.83
laliga2,2024,burgoscf,9619.71,11300,0.85
laliga2,2024,cadizcf,14352.24,16970,0.85
laliga2,2024,cdcastellon,10913.81,13709,0.80
laliga2,2024,cdeldense,4580.95,5616,0.82
laliga2,2024,cdmirandes,3742.81,5122,0.73
laliga2,2024,cdtenerife,12898.33,15891,0.81
laliga2,2024,cordobacf,15803.71,18189,0.87
laliga2,2024,elchecf,19055.48,36436,0.52
laliga2,2024,fccartagena,4795.95,8800,0.54
laliga2,2024,granadacf,14972.29,18827,0.80
laliga2,2024,levanteud,15994.81,22624,0.71
laliga2,2024,malagacf,24856.43,27281,0.91
laliga2,2024,racingferrol,5703.86,8778,0.65
laliga2,2024,racingsantander,20212.00,22298,0.91
laliga2,2024,rcdeportivodecorunha,21508.67,26452,0.81
laliga2,2024,realoviedo,20672.67,29418,0.70
laliga2,2024,realsportingdegijon,21130.76,25706,0.82
laliga2,2024,realzaragoza,18748.43,24007,0.78
laliga2,2024,sdeibar,5020.05,6307,0.80
laliga2,2024,sdhuesca,6009.81,7427,0.81
laliga2,2024,udalmeria,11356.33,14347,0.79
ligaportugal,1996,boavistafc,5617.65,22000,0.26
ligaportugal,1996,cfosbelenenses,3529.41,6000,0.59
ligaportugal,1996,clubefutebolestreladaamadora,3088.24,7000,0.44
ligaportugal,1996,clubsportmaritimo,4852.94,8000,0.61
ligaportugal,1996,fcporto,28058.82,50000,0.56
ligaportugal,1996,gdchaves,3676.47,7000,0.53
ligaportugal,1996,gilvicentefutebolclube,3420.59,25000,0.14
ligaportugal,1996,lecafc,3176.47,8000,0.40
ligaportugal,1996,rioavefutebolclube,4558.82,15000,0.30
ligaportugal,1996,scbraga,8588.24,17000,0.51
ligaportugal,1996,scfarense,6411.76,15000,0.43
ligaportugal,1996,scsalgueiros,4176.47,12000,0.35
ligaportugal,1996,slbenfica,18882.35,75000,0.25
ligaportugal,1996,sportingclubedeespinho,4088.24,10000,0.41
ligaportugal,1996,sportingcp,17352.94,35000,0.50
ligaportugal,1996,udleiria,4235.29,15000,0.28
ligaportugal,1996,vitoriafutebolclube,5882.35,15000,0.39
ligaportugal,1996,vitoriasportclube,9029.41,20000,0.45
ligaportugal,1997,academicadecoimbra,7941.18,20000,0.40
ligaportugal,1997,boavistafc,5588.24,12000,0.47
ligaportugal,1997,cfosbelenenses,2823.53,6000,0.47
ligaportugal,1997,clubefutebolestreladaamadora,2735.29,5000,0.55
ligaportugal,1997,clubsportmaritimo,5352.94,12000,0.45
ligaportugal,1997,fcporto,24352.94,50000,0.49
ligaportugal,1997,gdchaves,3647.06,12000,0.30
ligaportugal,1997,lecafc,2823.53,8000,0.35
ligaportugal,1997,rioavefutebolclube,4529.41,10000,0.45
ligaportugal,1997,scbraga,8000.00,20000,0.40
ligaportugal,1997,sccampomaiorense2013,3705.88,9000,0.41
ligaportugal,1997,scfarense,5647.06,14000,0.40
ligaportugal,1997,scsalgueiros,3500.00,7000,0.50
ligaportugal,1997,slbenfica,31588.24,70000,0.45
ligaportugal,1997,sportingcp,15176.47,41000,0.37
ligaportugal,1997,varzimsc,4882.35,10000,0.49
ligaportugal,1997,vitoriafutebolclube,4764.71,10000,0.48
ligaportugal,1997,vitoriasportclube,9352.94,25000,0.37
ligaportugal,1998,academicadecoimbra,3647.06,7000,0.52
ligaportugal,1998,boavistafc,5352.94,10000,0.54
ligaportugal,1998,clubefutebolestreladaamadora,2758.82,7000,0.39
ligaportugal,1998,clubsportmaritimo,4794.12,10000,0.48
ligaportugal,1998,fcalverca,2676.47,5000,0.54
ligaportugal,1998,fcporto,24342.18,48254,0.50
ligaportugal,1998,gdchaves,3441.18,6000,0.57
ligaportugal,1998,rioavefutebolclube,4764.71,20000,0.24
ligaportugal,1998,scbeiramar,4147.06,15000,0.28
ligaportugal,1998,scbraga,5764.71,10000,0.58
ligaportugal,1998,sccampomaiorense2013,2735.29,7000,0.39
ligaportugal,1998,scfarense,4588.24,12000,0.38
ligaportugal,1998,scsalgueiros,3264.71,7000,0.47
ligaportugal,1998,slbenfica,27941.18,80000,0.35
ligaportugal,1998,sportingcp,18088.24,45000,0.40
ligaportugal,1998,udleiria,3588.24,12000,0.30
ligaportugal,1998,vitoriafutebolclube,5064.65,10000,0.51
ligaportugal,1998,vitoriasportclube,6676.47,12000,0.56
ligaportugal,1999,boavistafc,5147.06,10000,0.51
ligaportugal,1999,cfosbelenenses,3735.29,15000,0.25
ligaportugal,1999,clubedesportivosantaclara,3752.94,15000,0.25
ligaportugal,1999,clubefutebolestreladaamadora,2929.41,10000,0.29
ligaportugal,1999,clubsportmaritimo,5029.41,10500,0.48
ligaportugal,1999,fcalverca,2155.88,7000,0.31
ligaportugal,1999,fcporto,20836.94,48000,0.43
ligaportugal,1999,gilvicentefutebolclube,3352.94,12000,0.28
ligaportugal,1999,rioavefutebolclube,4338.88,20000,0.22
ligaportugal,1999,scbraga,5764.71,15000,0.38
ligaportugal,1999,sccampomaiorense2013,3000.00,10000,0.30
ligaportugal,1999,scfarense,3470.59,8000,0.43
ligaportugal,1999,scsalgueiros,2941.18,4500,0.65
ligaportugal,1999,slbenfica,27617.65,75000,0.37
ligaportugal,1999,sportingcp,21323.53,50000,0.43
ligaportugal,1999,udleiria,4323.53,15000,0.29
ligaportugal,1999,vitoriafutebolclube,4823.53,12000,0.40
ligaportugal,1999,vitoriasportclube,6882.29,10000,0.69
ligaportugal,2000,boavistafc,5213.47,10000,0.52
ligaportugal,2000,cfosbelenenses,3852.94,15000,0.26
ligaportugal,2000,clubedesportivodasaves2020,3088.24,5000,0.62
ligaportugal,2000,clubefutebolestreladaamadora,1711.76,7000,0.24
ligaportugal,2000,clubsportmaritimo,4411.76,10000,0.44
ligaportugal,2000,fcalverca,3529.41,6000,0.59
ligaportugal,2000,fcpacosdeferreira,5000.00,22500,0.22
ligaportugal,2000,fcporto,18461.06,50000,0.37
ligaportugal,2000,gilvicentefutebolclube,3029.41,5000,0.61
ligaportugal,2000,scbeiramar,4529.41,10000,0.45
ligaportugal,2000,scbraga,8117.65,25000,0.32
ligaportugal,2000,sccampomaiorense2013,2558.82,5000,0.51
ligaportugal,2000,scfarense,3441.18,7000,0.49
ligaportugal,2000,scsalgueiros,2411.76,4000,0.60
ligaportugal,2000,slbenfica,29261.76,82500,0.35
ligaportugal,2000,sportingcp,17676.47,30000,0.59
ligaportugal,2000,udleiria,2935.29,9000,0.33
ligaportugal,2000,vitoriasportclube,7822.41,14008,0.56
ligaportugal,2001,boavistafc,6411.76,12000,0.53
ligaportugal,2001,cfosbelenenses,3882.35,20000,0.19
ligaportugal,2001,clubedesportivosantaclara,7623.53,14000,0.54
ligaportugal,2001,clubsportmaritimo,4000.00,10000,0.40
ligaportugal,2001,fcalverca,2264.71,4500,0.50
ligaportugal,2001,fcpacosdeferreira,3823.53,7500,0.51
ligaportugal,2001,fcporto,21648.59,46225,0.47
ligaportugal,2001,gilvicentefutebolclube,3147.06,6000,0.52
ligaportugal,2001,scbeiramar,4441.18,11000,0.40
ligaportugal,2001,scbraga,7058.82,20000,0.35
ligaportugal,2001,scfarense,3382.35,8000,0.42
ligaportugal,2001,scsalgueiros,1885.29,4500,0.42
ligaportugal,2001,slbenfica,29679.41,80000,0.37
ligaportugal,2001,sportingcp,26068.06,44573,0.58
ligaportugal,2001,udleiria,2764.71,12500,0.22
ligaportugal,2001,varzimsc,4117.65,8000,0.51
ligaportugal,2001,vitoriafutebolclube,4852.94,16000,0.30
ligaportugal,2001,vitoriasportclube,8115.18,13680,0.59
ligaportugal,2004,academicadecoimbra,9285.41,20128,0.46
ligaportugal,2004,boavistafc,9194.12,30000,0.31
ligaportugal,2004,cdnacional,1929.41,3000,0.64
ligaportugal,2004,cfosbelenenses,4323.53,15000,0.29
ligaportugal,2004,clubsportmaritimo,3882.35,7000,0.55
ligaportugal,2004,fcporto,35922.47,50218,0.72
ligaportugal,2004,futebolclubepenafiel,3764.71,8000,0.47
ligaportugal,2004,gdestorilpraia,3256.94,30000,0.11
ligaportugal,2004,gilvicentefutebolclube,4426.06,12500,0.35
ligaportugal,2004,moreirensefutebolclube,3364.71,8000,0.42
ligaportugal,2004,rioavefutebolclube,3754.53,12800,0.29
ligaportugal,2004,scbeiramar,6315.35,17052,0.37
ligaportugal,2004,scbraga,10949.88,27500,0.40
ligaportugal,2004,slbenfica,32523.65,64000,0.51
ligaportugal,2004,sportingcp,29840.12,46889,0.64
ligaportugal,2004,udleiria,5050.18,15300,0.33
ligaportugal,2004,vitoriafutebolclube,5411.76,15000,0.36
ligaportugal,2004,vitoriasportclube,15199.06,26057,0.58
ligaportugal,2005,academicadecoimbra,9845.94,26118,0.38
ligaportugal,2005,boavistafc,4694.12,9500,0.49
ligaportugal,2005,cdnacional,1976.47,3000,0.66
ligaportugal,2005,cfosbelenenses,5188.24,17000,0.31
ligaportugal,2005,clubefutebolestreladaamadora,1882.35,5000,0.38
ligaportugal,2005,clubsportmaritimo,4235.29,10000,0.42
ligaportugal,2005,fcpacosdeferreira,2929.41,5000,0.59
ligaportugal,2005,fcporto,38679.35,50109,0.77
ligaportugal,2005,futebolclubepenafiel,2194.12,8000,0.27
ligaportugal,2005,gilvicentefutebolclube,4495.12,10653,0.42
ligaportugal,2005,naval1odemaio,2077.65,6000,0.35
ligaportugal,2005,rioavefutebolclube,2529.41,5000,0.51
ligaportugal,2005,scbraga,11678.29,25000,0.47
ligaportugal,2005,slbenfica,43070.35,63489,0.68
ligaportugal,2005,sportingcp,32099.18,48018,0.67
ligaportugal,2005,udleiria,3323.35,16796,0.20
ligaportugal,2005,vitoriafutebolclube,3717.65,8000,0.46
ligaportugal,2005,vitoriasportclube,15982.71,23183,0.69
ligaportugal,2006,academicadecoimbra,8751.20,19464,0.45
ligaportugal,2006,boavistafc,4653.40,17500,0.27
ligaportugal,2006,cdnacional,1920.00,3000,0.64
ligaportugal,2006,cfosbelenenses,3873.33,10000,0.39
ligaportugal,2006,clubedesportivodasaves2020,2980.00,7000,0.43
ligaportugal,2006,clubefutebolestreladaamadora,2067.27,7650,0.27
ligaportugal,2006,clubsportmaritimo,4200.00,10000,0.42
ligaportugal,2006,fcpacosdeferreira,3000.00,6000,0.50
ligaportugal,2006,fcporto,38914.27,50428,0.77
ligaportugal,2006,naval1odemaio,1948.27,5000,0.39
ligaportugal,2006,scbeiramar,6634.80,29427,0.23
ligaportugal,2006,scbraga,12229.13,29931,0.41
ligaportugal,2006,slbenfica,39004.93,62756,0.62
ligaportugal,2006,sportingcp,31495.20,44042,0.72
ligaportugal,2006,udleiria,2763.13,11433,0.24
ligaportugal,2006,vitoriafutebolclube,3469.53,6862,0.51
ligaportugal,2007,academicadecoimbra,6462.73,16185,0.40
ligaportugal,2007,boavistafc,5139.53,17875,0.29
ligaportugal,2007,cdnacional,1858.40,4000,0.46
ligaportugal,2007,cfosbelenenses,3345.07,7889,0.42
ligaportugal,2007,clubefutebolestreladaamadora,1353.33,3500,0.39
ligaportugal,2007,clubsportmaritimo,4847.67,9000,0.54
ligaportugal,2007,fcpacosdeferreira,2440.67,4000,0.61
ligaportugal,2007,fcporto,38632.07,50199,0.77
ligaportugal,2007,leixoessc,5038.87,12710,0.40
ligaportugal,2007,naval1odemaio,2102.07,4981,0.42
ligaportugal,2007,scbraga,15614.07,25745,0.61
ligaportugal,2007,slbenfica,37471.27,60116,0.62
ligaportugal,2007,sportingcp,29110.73,40659,0.72
ligaportugal,2007,udleiria,2253.13,8960,0.25
ligaportugal,2007,vitoriafutebolclube,3395.00,4850,0.70
ligaportugal,2007,vitoriasportclube,19578.07,30000,0.65
ligaportugal,2008,academicadecoimbra,6004.40,18980,0.32
ligaportugal,2008,cdnacional,2109.47,4175,0.51
ligaportugal,2008,cfosbelenenses,5073.13,9635,0.53
ligaportugal,2008,clubedesportivotrofense,3536.07,4977,0.71
ligaportugal,2008,clubefutebolestreladaamadora,1290.67,4252,0.30
ligaportugal,2008,clubsportmaritimo,4900.73,8234,0.60
ligaportugal,2008,fcpacosdeferreira,1845.93,3784,0.49
ligaportugal,2008,fcporto,38762.87,50309,0.77
ligaportugal,2008,leixoessc,4150.87,8500,0.49
ligaportugal,2008,naval1odemaio,2118.33,8214,0.26
ligaportugal,2008,rioavefutebolclube,3371.13,10426,0.32
ligaportugal,2008,scbraga,10551.87,20321,0.52
ligaportugal,2008,slbenfica,35698.67,60022,0.59
ligaportugal,2008,sportingcp,26517.07,44863,0.59
ligaportugal,2008,vitoriafutebolclube,3781.80,14827,0.26
ligaportugal,2008,vitoriasportclube,16579.07,26812,0.62
ligaportugal,2009,academicadecoimbra,4959.73,21742,0.23
ligaportugal,2009,cdnacional,2092.00,4646,0.45
ligaportugal,2009,cfosbelenenses,3377.20,17473,0.19
ligaportugal,2009,clubsportmaritimo,3490.07,5000,0.70
ligaportugal,2009,fcpacosdeferreira,1659.47,4865,0.34
ligaportugal,2009,fcporto,33464.60,46511,0.72
ligaportugal,2009,leixoessc,3645.53,6474,0.56
ligaportugal,2009,naval1odemaio,2092.07,8068,0.26
ligaportugal,2009,rioavefutebolclube,2593.47,7060,0.37
ligaportugal,2009,scbraga,14274.13,30186,0.47
ligaportugal,2009,slbenfica,50033.27,64103,0.78
ligaportugal,2009,sportingclubeolhanense,4362.53,8206,0.53
ligaportugal,2009,sportingcp,24605.53,45880,0.54
ligaportugal,2009,udleiria,3480.93,22676,0.15
ligaportugal,2009,vitoriafutebolclube,4407.27,11042,0.40
ligaportugal,2009,vitoriasportclube,15883.80,27310,0.58
ligaportugal,2010,academicadecoimbra,4558.33,13264,0.34
ligaportugal,2010,cdnacional,2083.40,4568,0.46
ligaportugal,2010,clubsportmaritimo,3439.07,4242,0.81
ligaportugal,2010,fcpacosdeferreira,1930.13,4845,0.40
ligaportugal,2010,fcporto,36986.67,49817,0.74
ligaportugal,2010,naval1odemaio,1603.53,5201,0.31
ligaportugal,2010,portimonensesad,3307.13,12373,0.27
ligaportugal,2010,rioavefutebolclube,2391.00,5639,0.42
ligaportugal,2010,scbeiramar,4020.47,15468,0.26
ligaportugal,2010,scbraga,14508.67,25533,0.57
ligaportugal,2010,slbenfica,38146.47,54991,0.69
ligaportugal,2010,sportingclubeolhanense,3194.27,5713,0.56
ligaportugal,2010,sportingcp,24857.60,36422,0.68
ligaportugal,2010,udleiria,2407.20,12506,0.19
ligaportugal,2010,vitoriafutebolclube,3920.87,8605,0.46
ligaportugal,2010,vitoriasportclube,13949.00,25651,0.54
ligaportugal,2011,academicadecoimbra,5491.40,14011,0.39
ligaportugal,2011,cdfeirense,3138.07,14848,0.21
ligaportugal,2011,cdnacional,1997.93,3575,0.56
ligaportugal,2011,clubsportmaritimo,3826.60,4403,0.87
ligaportugal,2011,fcpacosdeferreira,1811.47,4528,0.40
ligaportugal,2011,fcporto,35176.27,50212,0.70
ligaportugal,2011,gilvicentefutebolclube,5044.73,12008,0.42
ligaportugal,2011,rioavefutebolclube,2699.87,5454,0.50
ligaportugal,2011,scbeiramar,4316.73,17845,0.24
ligaportugal,2011,scbraga,15169.47,25791,0.59
ligaportugal,2011,slbenfica,42530.27,63146,0.67
ligaportugal,2011,sportingclubeolhanense,2225.07,4842,0.46
ligaportugal,2011,sportingcp,34489.87,48855,0.71
ligaportugal,2011,udleiria,2200.87,8378,0.26
ligaportugal,2011,vitoriafutebolclube,3194.20,5590,0.57
ligaportugal,2011,vitoriasportclube,12077.67,19830,0.61
ligaportugal,2012,academicadecoimbra,4681.40,12739,0.37
ligaportugal,2012,cdnacional,2117.53,4327,0.49
ligaportugal,2012,clubsportmaritimo,3660.27,4504,0.81
ligaportugal,2012,fcpacosdeferreira,2054.87,4928,0.42
ligaportugal,2012,fcporto,30278.20,50117,0.60
ligaportugal,2012,gdestorilpraia,1970.13,5015,0.39
ligaportugal,2012,gilvicentefutebolclube,4230.40,8298,0.51
ligaportugal,2012,moreirensefutebolclube,2083.20,4139,0.50
ligaportugal,2012,rioavefutebolclube,2136.93,5028,0.43
ligaportugal,2012,scbeiramar,4159.20,18730,0.22
ligaportugal,2012,scbraga,12060.93,18401,0.66
ligaportugal,2012,slbenfica,42359.40,62553,0.68
ligaportugal,2012,sportingclubeolhanense,2469.60,9498,0.26
ligaportugal,2012,sportingcp,26521.13,35114,0.76
ligaportugal,2012,vitoriafutebolclube,3168.93,10569,0.30
ligaportugal,2012,vitoriasportclube,12888.67,26340,0.49
ligaportugal,2013,academicadecoimbra,4541.20,14194,0.32
ligaportugal,2013,cdnacional,2331.67,5142,0.45
ligaportugal,2013,cfosbelenenses,4046.80,10118,0.40
ligaportugal,2013,clubsportmaritimo,3549.87,7075,0.50
ligaportugal,2013,fcarouca,3659.80,28200,0.13
ligaportugal,2013,fcpacosdeferreira,3247.93,6218,0.52
ligaportugal,2013,fcporto,28685.20,48108,0.60
ligaportugal,2013,gdestorilpraia,2775.13,5020,0.55
ligaportugal,2013,gilvicentefutebolclube,4027.47,9052,0.44
ligaportugal,2013,rioavefutebolclube,2333.33,6023,0.39
ligaportugal,2013,scbraga,10484.07,18360,0.57
ligaportugal,2013,slbenfica,43612.93,63982,0.68
ligaportugal,2013,sportingclubeolhanense,2314.73,10148,0.23
ligaportugal,2013,sportingcp,33702.60,46109,0.73
ligaportugal,2013,vitoriafutebolclube,3077.40,11136,0.28
ligaportugal,2013,vitoriasportclube,11193.93,20576,0.54
ligaportugal,2014,academicadecoimbra,5154.18,19029,0.27
ligaportugal,2014,boavistafc,4613.88,10702,0.43
ligaportugal,2014,cdnacional,2197.00,5239,0.42
ligaportugal,2014,cfosbelenenses,3258.94,15137,0.22
ligaportugal,2014,clubsportmaritimo,4329.88,7097,0.61
ligaportugal,2014,fcarouca,1814.06,6960,0.26
ligaportugal,2014,fcpacosdeferreira,3052.53,6404,0.48
ligaportugal,2014,fcporto,31847.29,48109,0.66
ligaportugal,2014,futebolclubepenafiel,1570.59,5217,0.30
ligaportugal,2014,gdestorilpraia,2071.24,7587,0.27
ligaportugal,2014,gilvicentefutebolclube,3075.82,8532,0.36
ligaportugal,2014,moreirensefutebolclube,2755.82,13000,0.21
ligaportugal,2014,rioavefutebolclube,2961.82,9679,0.31
ligaportugal,2014,scbraga,10681.65,21078,0.51
ligaportugal,2014,slbenfica,48520.29,63534,0.76
ligaportugal,2014,sportingcp,34988.24,49076,0.71
ligaportugal,2014,vitoriafutebolclube,3399.41,10654,0.32
ligaportugal,2014,vitoriasportclube,15906.35,28875,0.55
ligaportugal,2015,academicadecoimbra,5353.65,26444,0.20
ligaportugal,2015,boavistafc,5801.29,17193,0.34
ligaportugal,2015,cdnacional,2484.53,4753,0.52
ligaportugal,2015,cfosbelenenses,4460.76,13109,0.34
ligaportugal,2015,cfuniaodamadeira2021,2244.88,5095,0.44
ligaportugal,2015,clubedesportivotondela,3351.53,22003,0.15
ligaportugal,2015,clubsportmaritimo,6145.53,9400,0.65
ligaportugal,2015,fcarouca,2877.41,23450,0.12
ligaportugal,2015,fcpacosdeferreira,2801.47,6433,0.44
ligaportugal,2015,fcporto,32564.24,49289,0.66
ligaportugal,2015,gdestorilpraia,2794.47,7836,0.36
ligaportugal,2015,moreirensefutebolclube,2244.76,5772,0.39
ligaportugal,2015,rioavefutebolclube,3472.65,9023,0.38
ligaportugal,2015,scbraga,11167.88,19428,0.57
ligaportugal,2015,slbenfica,50322.00,64235,0.78
ligaportugal,2015,sportingcp,39885.71,49699,0.80
ligaportugal,2015,vitoriafutebolclube,4435.65,10998,0.40
ligaportugal,2015,vitoriasportclube,12422.47,22218,0.56
ligaportugal,2016,boavistafc,6144.76,16157,0.38
ligaportugal,2016,cdfeirense,2971.59,5449,0.55
ligaportugal,2016,cdnacional,2737.35,5017,0.55
ligaportugal,2016,cfosbelenenses,4082.29,12236,0.33
ligaportugal,2016,clubedesportivotondela,2308.18,4987,0.46
ligaportugal,2016,clubsportmaritimo,7818.18,10454,0.75
ligaportugal,2016,fcarouca,1707.65,5351,0.32
ligaportugal,2016,fcpacosdeferreira,3414.76,9076,0.38
ligaportugal,2016,fcporto,37129.53,50019,0.74
ligaportugal,2016,gdchaves,3620.65,8000,0.45
ligaportugal,2016,gdestorilpraia,2264.00,7249,0.31
ligaportugal,2016,moreirensefutebolclube,2199.00,5603,0.39
ligaportugal,2016,rioavefutebolclube,3953.82,8767,0.45
ligaportugal,2016,scbraga,11492.71,24836,0.46
ligaportugal,2016,slbenfica,55952.00,64591,0.87
ligaportugal,2016,sportingcp,42771.82,49399,0.87
ligaportugal,2016,vitoriafutebolclube,3833.65,10109,0.38
ligaportugal,2016,vitoriasportclube,18756.24,27212,0.69
ligaportugal,2017,boavistafc,5646.71,14676,0.38
ligaportugal,2017,cdfeirense,3906.59,5449,0.72
ligaportugal,2017,cfosbelenenses,3344.18,12851,0.26
ligaportugal,2017,clubedesportivodasaves2020,2635.47,5462,0.48
ligaportugal,2017,clubedesportivotondela,2373.18,4987,0.48
ligaportugal,2017,clubsportmaritimo,7018.59,10535,0.67
ligaportugal,2017,fcpacosdeferreira,3506.47,8810,0.40
ligaportugal,2017,fcporto,42674.18,50027,0.85
ligaportugal,2017,gdchaves,3626.94,8480,0.43
ligaportugal,2017,gdestorilpraia,2274.88,6415,0.35
ligaportugal,2017,moreirensefutebolclube,2264.35,4507,0.50
ligaportugal,2017,portimonensesad,3158.41,6000,0.53
ligaportugal,2017,rioavefutebolclube,3889.18,8614,0.45
ligaportugal,2017,scbraga,11705.76,21382,0.55
ligaportugal,2017,slbenfica,53209.00,63526,0.84
ligaportugal,2017,sportingcp,43623.47,49339,0.88
ligaportugal,2017,vitoriafutebolclube,4111.18,13739,0.30
ligaportugal,2017,vitoriasportclube,16015.00,25702,0.62
ligaportugal,2018,boavistafc,8155.24,19592,0.42
ligaportugal,2018,bsad,2889.06,10901,0.27
ligaportugal,2018,cdfeirense,3049.06,5449,0.56
ligaportugal,2018,cdnacional,2595.18,4793,0.54
ligaportugal,2018,clubedesportivodasaves2020,2454.47,5338,0.46
ligaportugal,2018,clubedesportivosantaclara,4009.53,10000,0.40
ligaportugal,2018,clubedesportivotondela,2701.76,4985,0.54
ligaportugal,2018,clubsportmaritimo,6622.12,9830,0.67
ligaportugal,2018,fcporto,41626.47,49220,0.85
ligaportugal,2018,gdchaves,4549.94,7783,0.58
ligaportugal,2018,moreirensefutebolclube,2274.71,5510,0.41
ligaportugal,2018,portimonensesad,3312.94,5989,0.55
ligaportugal,2018,rioavefutebolclube,3630.12,8836,0.41
ligaportugal,2018,scbraga,12035.18,24046,0.50
ligaportugal,2018,slbenfica,53823.71,64064,0.84
ligaportugal,2018,sportingcp,33690.76,45503,0.74
ligaportugal,2018,vitoriafutebolclube,4784.47,10628,0.45
ligaportugal,2018,vitoriasportclube,18249.41,27435,0.67
ligaportugal,2021,boavistafc,5176.47,13512,0.38
ligaportugal,2021,bsad,1822.00,6992,0.26
ligaportugal,2021,clubedesportivosantaclara,1252.47,3745,0.33
ligaportugal,2021,clubedesportivotondela,1726.88,4745,0.36
ligaportugal,2021,clubsportmaritimo,3807.53,9102,0.42
ligaportugal,2021,fcarouca,1409.88,3753,0.38
ligaportugal,2021,fcfamalicao,3208.41,4739,0.68
ligaportugal,2021,fcpacosdeferreira,2679.53,6869,0.39
ligaportugal,2021,fcporto,31126.41,48350,0.64
ligaportugal,2021,futebolclubedevizela,3019.47,4970,0.61
ligaportugal,2021,gdestorilpraia,1420.18,4128,0.34
ligaportugal,2021,gilvicentefutebolclube,3539.71,10185,0.35
ligaportugal,2021,moreirensefutebolclube,1750.94,3688,0.47
ligaportugal,2021,portimonensesad,1376.41,3903,0.35
ligaportugal,2021,scbraga,7898.24,17665,0.45
ligaportugal,2021,slbenfica,31956.29,48790,0.65
ligaportugal,2021,sportingcp,25158.71,40714,0.62
ligaportugal,2021,vitoriasportclube,11554.41,19232,0.60
ligaportugal,2022,boavistafc,6520.29,11335,0.58
ligaportugal,2022,casapiaac,3422.29,22253,0.15
ligaportugal,2022,clubedesportivosantaclara,2160.41,9701,0.22
ligaportugal,2022,clubsportmaritimo,8508.71,10547,0.81
ligaportugal,2022,fcarouca,1835.82,4614,0.40
ligaportugal,2022,fcfamalicao,3800.41,4992,0.76
ligaportugal,2022,fcpacosdeferreira,4429.82,8060,0.55
ligaportugal,2022,fcporto,41380.29,49499,0.84
ligaportugal,2022,futebolclubedevizela,3310.18,5872,0.56
ligaportugal,2022,gdchaves,3895.76,8297,0.47
ligaportugal,2022,gdestorilpraia,2523.76,4858,0.52
ligaportugal,2022,gilvicentefutebolclube,4528.41,11694,0.39
ligaportugal,2022,portimonensesad,1945.29,4474,0.43
ligaportugal,2022,rioavefutebolclube,2905.59,4134,0.70
ligaportugal,2022,scbraga,15489.65,22256,0.70
ligaportugal,2022,slbenfica,57108.06,64012,0.89
ligaportugal,2022,sportingcp,29292.18,39528,0.74
ligaportugal,2022,vitoriasportclube,16115.82,22733,0.71
ligaportugal,2023,boavistafc,10626.94,21320,0.50
ligaportugal,2023,casapiaac,2657.24,6981,0.38
ligaportugal,2023,cfestrelaamadora,4402.76,7331,0.60
ligaportugal,2023,fcarouca,1945.12,4437,0.44
ligaportugal,2023,fcfamalicao,3856.88,4944,0.78
ligaportugal,2023,fcporto,37911.94,49013,0.77
ligaportugal,2023,futebolclubedevizela,3117.82,5584,0.56
ligaportugal,2023,gdchaves,3219.71,8271,0.39
ligaportugal,2023,gdestorilpraia,3122.65,5018,0.62
ligaportugal,2023,gilvicentefutebolclube,4970.06,11792,0.42
ligaportugal,2023,moreirensefutebolclube,2567.24,5674,0.45
ligaportugal,2023,portimonensesad,2346.65,4574,0.51
ligaportugal,2023,rioavefutebolclube,3148.94,4811,0.65
ligaportugal,2023,scbraga,15445.06,25532,0.60
ligaportugal,2023,scfarense,4999.35,6356,0.79
ligaportugal,2023,slbenfica,56248.18,62247,0.90
ligaportugal,2023,sportingcp,40101.59,49557,0.81
ligaportugal,2023,vitoriasportclube,17387.76,25224,0.69
ligaportugal,2024,avsfutebol,2407.00,5473,0.44
ligaportugal,2024,boavistafc,7211.53,18322,0.39
ligaportugal,2024,casapiaac,2042.88,7051,0.29
ligaportugal,2024,cdnacional,2395.53,5086,0.47
ligaportugal,2024,cfestrelaamadora,3704.24,7031,0.53
ligaportugal,2024,clubedesportivosantaclara,3658.65,9933,0.37
ligaportugal,2024,fcarouca,2109.35,4644,0.45
ligaportugal,2024,fcfamalicao,3781.47,5025,0.75
ligaportugal,2024,fcporto,40609.18,49193,0.83
ligaportugal,2024,gdestorilpraia,2722.94,5026,0.54
ligaportugal,2024,gilvicentefutebolclube,5496.29,11010,0.50
ligaportugal,2024,moreirensefutebolclube,2386.76,5817,0.41
ligaportugal,2024,rioavefutebolclube,2590.76,4756,0.54
ligaportugal,2024,scbraga,13867.94,21215,0.65
ligaportugal,2024,scfarense,7165.41,17793,0.40
ligaportugal,2024,slbenfica,58745.88,63478,0.93
ligaportugal,2024,sportingcp,42528.65,49155,0.87
ligaportugal,2024,vitoriasportclube,18447.35,28133,0.66
ligaportugal2,2007,cdfatima,544.00,1175,0.46
ligaportugal2,2007,cdfeirense,890.27,2229,0.40
ligaportugal2,2007,clubedesportivodasaves2020,818.80,1920,0.43
ligaportugal2,2007,clubedesportivosantaclara,1439.00,5358,0.27
ligaportugal2,2007,clubedesportivotrofense,1937.27,3170,0.61
ligaportugal2,2007,futebolclubedevizela,2701.80,4750,0.57
ligaportugal2,2007,futebolclubepenafiel,682.27,1138,0.60
ligaportugal2,2007,gdestorilpraia,452.93,715,0.63
ligaportugal2,2007,gilvicentefutebolclube,2857.47,7530,0.38
ligaportugal2,2007,gondomarsc,1018.13,1209,0.84
ligaportugal2,2007,portimonensesad,1687.07,5565,0.30
ligaportugal2,2007,rioavefutebolclube,1931.80,4963,0.39
ligaportugal2,2007,scbeiramar,1387.80,3005,0.46
ligaportugal2,2007,scfreamunde,1133.33,1579,0.72
ligaportugal2,2007,varzimsc,1673.07,4273,0.39
ligaportugal2,2008,boavistafc,2986.40,6060,0.49
ligaportugal2,2008,cdfeirense,831.53,1488,0.56
ligaportugal2,2008,clubedesportivodasaves2020,674.20,876,0.77
ligaportugal2,2008,clubedesportivosantaclara,1470.33,2672,0.55
ligaportugal2,2008,futebolclubedevizela,1748.80,2748,0.64
ligaportugal2,2008,gdestorilpraia,278.13,778,0.36
ligaportugal2,2008,gilvicentefutebolclube,1821.80,2395,0.76
ligaportugal2,2008,gondomarsc,942.47,1700,0.55
ligaportugal2,2008,portimonensesad,1454.07,2157,0.67
ligaportugal2,2008,scbeiramar,2396.87,3817,0.63
ligaportugal2,2008,sccovilha,700.60,1147,0.61
ligaportugal2,2008,scfreamunde,980.00,1354,0.72
ligaportugal2,2008,sportingclubeolhanense,2558.47,7097,0.36
ligaportugal2,2008,udleiria,1626.80,8920,0.18
ligaportugal2,2008,udoliveirense,919.27,1308,0.70
ligaportugal2,2008,varzimsc,1536.80,2630,0.58
ligaportugal2,2009,adcarregado,344.40,1300,0.26
ligaportugal2,2009,cdfatima,440.07,705,0.62
ligaportugal2,2009,cdfeirense,1112.53,3429,0.32
ligaportugal2,2009,clubedesportivodasaves2020,620.07,1008,0.62
ligaportugal2,2009,clubedesportivosantaclara,586.73,977,0.60
ligaportugal2,2009,clubedesportivotrofense,1402.73,2123,0.66
ligaportugal2,2009,futebolclubepenafiel,546.73,805,0.68
ligaportugal2,2009,gdchaves,1073.47,2300,0.47
ligaportugal2,2009,gdestorilpraia,618.80,1421,0.44
ligaportugal2,2009,gilvicentefutebolclube,1306.33,1953,0.67
ligaportugal2,2009,portimonensesad,1531.07,4961,0.31
ligaportugal2,2009,scbeiramar,1965.80,7498,0.26
ligaportugal2,2009,sccovilha,476.67,705,0.68
ligaportugal2,2009,scfreamunde,768.67,1102,0.70
ligaportugal2,2009,udoliveirense,622.07,1637,0.38
ligaportugal2,2009,varzimsc,1319.73,3724,0.35
ligaportugal2,2010,cdfatima,553.53,683,0.81
ligaportugal2,2010,cdfeirense,1048.07,3078,0.34
ligaportugal2,2010,cfosbelenenses,1424.33,2295,0.62
ligaportugal2,2010,clubedesportivodasaves2020,646.47,1302,0.50
ligaportugal2,2010,clubedesportivosantaclara,374.67,530,0.71
ligaportugal2,2010,clubedesportivotrofense,1867.47,4208,0.44
ligaportugal2,2010,fcarouca,543.33,1254,0.43
ligaportugal2,2010,futebolclubepenafiel,1268.47,1972,0.64
ligaportugal2,2010,gdestorilpraia,742.33,2203,0.34
ligaportugal2,2010,gilvicentefutebolclube,4074.53,12000,0.34
ligaportugal2,2010,leixoessc,1622.33,1935,0.84
ligaportugal2,2010,moreirensefutebolclube,1484.53,2320,0.64
ligaportugal2,2010,sccovilha,682.67,1545,0.44
ligaportugal2,2010,scfreamunde,784.80,1286,0.61
ligaportugal2,2010,udoliveirense,816.47,1490,0.55
ligaportugal2,2010,varzimsc,1768.67,3653,0.48
ligaportugal2,2011,atleticoclubedeportugal,644.87,1750,0.37
ligaportugal2,2011,cfosbelenenses,1460.20,2092,0.70
ligaportugal2,2011,cfuniaodamadeira2021,597.27,1965,0.30
ligaportugal2,2011,clubedesportivodasaves2020,660.53,1176,0.56
ligaportugal2,2011,clubedesportivosantaclara,545.47,1339,0.41
ligaportugal2,2011,clubedesportivotrofense,1348.13,4127,0.33
ligaportugal2,2011,fcarouca,501.60,1122,0.45
ligaportugal2,2011,futebolclubepenafiel,1413.53,2799,0.51
ligaportugal2,2011,gdestorilpraia,1175.20,4357,0.27
ligaportugal2,2011,leixoessc,1419.80,3814,0.37
ligaportugal2,2011,moreirensefutebolclube,1542.93,6153,0.25
ligaportugal2,2011,naval1odemaio,390.33,1381,0.28
ligaportugal2,2011,portimonensesad,1584.47,4000,0.40
ligaportugal2,2011,sccovilha,435.27,1030,0.42
ligaportugal2,2011,scfreamunde,768.80,1810,0.42
ligaportugal2,2011,udoliveirense,612.27,891,0.69
ligaportugal2,2012,atleticoclubedeportugal,722.33,1650,0.44
ligaportugal2,2012,cdfeirense,722.67,1304,0.55
ligaportugal2,2012,cfosbelenenses,1726.33,3066,0.56
ligaportugal2,2012,cfuniaodamadeira2021,450.52,1037,0.43
ligaportugal2,2012,clubedesportivodasaves2020,429.29,866,0.50
ligaportugal2,2012,clubedesportivosantaclara,823.24,1554,0.53
ligaportugal2,2012,clubedesportivotondela,845.33,1646,0.51
ligaportugal2,2012,clubedesportivotrofense,766.10,1402,0.55
ligaportugal2,2012,csmaritimob,536.95,1119,0.48
ligaportugal2,2012,fcarouca,616.33,1470,0.42
ligaportugal2,2012,fcportob,972.19,6849,0.14
ligaportugal2,2012,futebolclubepenafiel,677.14,1243,0.54
ligaportugal2,2012,leixoessc,1260.81,1922,0.66
ligaportugal2,2012,naval1odemaio,245.05,628,0.39
ligaportugal2,2012,portimonensesad,1039.19,2128,0.49
ligaportugal2,2012,scbragab,1056.33,3079,0.34
ligaportugal2,2012,sccovilha,470.38,795,0.59
ligaportugal2,2012,scfreamunde,688.62,886,0.78
ligaportugal2,2012,slbenficab,1175.71,4928,0.24
ligaportugal2,2012,sportingcpb,523.52,2500,0.21
ligaportugal2,2012,udoliveirense,574.00,933,0.62
ligaportugal2,2012,vitoriaguimaraesscb,2006.86,3726,0.54
ligaportugal2,2013,academicodeviseufc,1077.48,3430,0.31
ligaportugal2,2013,atleticoclubedeportugal,403.24,850,0.47
ligaportugal2,2013,cdfeirense,731.05,1112,0.66
ligaportugal2,2013,cfuniaodamadeira2021,608.14,1629,0.37
ligaportugal2,2013,clubedesportivodasaves2020,557.86,2875,0.19
ligaportugal2,2013,clubedesportivosantaclara,565.00,1077,0.52
ligaportugal2,2013,clubedesportivotondela,567.76,979,0.58
ligaportugal2,2013,clubedesportivotrofense,722.62,1114,0.65
ligaportugal2,2013,csmaritimob,500.10,785,0.64
ligaportugal2,2013,fcportob,589.57,2376,0.25
ligaportugal2,2013,futebolclubepenafiel,1050.67,4131,0.25
ligaportugal2,2013,gdchaves,955.38,2044,0.47
ligaportugal2,2013,leixoessc,1069.43,2390,0.45
ligaportugal2,2013,moreirensefutebolclube,1358.00,3834,0.35
ligaportugal2,2013,portimonensesad,1041.71,3012,0.35
ligaportugal2,2013,scbeiramar,720.19,1210,0.60
ligaportugal2,2013,scbragab,517.00,756,0.68
ligaportugal2,2013,sccovilha,377.05,592,0.64
ligaportugal2,2013,scfarense,979.76,2601,0.38
ligaportugal2,2013,slbenficab,662.10,1771,0.37
ligaportugal2,2013,sportingcpb,865.24,2020,0.43
ligaportugal2,2013,udoliveirense,499.43,892,0.56
ligaportugal2,2014,academicodeviseufc,713.26,1864,0.38
ligaportugal2,2014,atleticoclubedeportugal,350.91,696,0.50
ligaportugal2,2014,cdfeirense,805.04,1310,0.61
ligaportugal2,2014,cfuniaodamadeira2021,1202.83,2294,0.52
ligaportugal2,2014,clubedesportivodasaves2020,530.13,782,0.68
ligaportugal2,2014,clubedesportivosantaclara,561.09,1394,0.40
ligaportugal2,2014,clubedesportivotondela,811.30,2500,0.32
ligaportugal2,2014,clubedesportivotrofense,528.22,878,0.60
ligaportugal2,2014,clubeorientallisboa,598.83,1235,0.48
ligaportugal2,2014,csmaritimob,241.04,912,0.26
ligaportugal2,2014,fcportob,457.87,839,0.55
ligaportugal2,2014,gdchaves,2119.52,7930,0.27
ligaportugal2,2014,leixoessc,739.74,1359,0.54
ligaportugal2,2014,portimonensesad,669.70,1570,0.43
ligaportugal2,2014,scbeiramar,614.70,1170,0.53
ligaportugal2,2014,scbragab,445.48,820,0.54
ligaportugal2,2014,sccovilha,480.35,1048,0.46
ligaportugal2,2014,scfarense,871.43,2436,0.36
ligaportugal2,2014,scfreamunde,810.83,2127,0.38
ligaportugal2,2014,slbenficab,790.74,2135,0.37
ligaportugal2,2014,sportingclubeolhanense,573.39,1778,0.32
ligaportugal2,2014,sportingcpb,276.43,417,0.66
ligaportugal2,2014,udoliveirense,535.39,846,0.63
ligaportugal2,2014,vitoriaguimaraesscb,1588.78,3740,0.42
ligaportugal2,2015,academicodeviseufc,706.65,2142,0.33
ligaportugal2,2015,atleticoclubedeportugal,271.26,475,0.57
ligaportugal2,2015,cdfeirense,1047.78,3493,0.30
ligaportugal2,2015,cdmafra,484.52,1028,0.47
ligaportugal2,2015,clubedesportivodasaves2020,749.35,1717,0.44
ligaportugal2,2015,clubedesportivosantaclara,558.87,1062,0.53
ligaportugal2,2015,clubeorientallisboa,454.00,867,0.52
ligaportugal2,2015,fcfamalicao,2809.35,4647,0.60
ligaportugal2,2015,fcportob,727.00,5373,0.14
ligaportugal2,2015,futebolclubepenafiel,573.00,865,0.66
ligaportugal2,2015,gdchaves,2714.43,7900,0.34
ligaportugal2,2015,gilvicentefutebolclube,977.65,2282,0.43
ligaportugal2,2015,leixoessc,1225.35,4538,0.27
ligaportugal2,2015,portimonensesad,1206.26,4951,0.24
ligaportugal2,2015,scbragab,456.87,1020,0.45
ligaportugal2,2015,sccovilha,318.17,688,0.46
ligaportugal2,2015,scfarense,834.43,1617,0.52
ligaportugal2,2015,scfreamunde,931.30,3450,0.27
ligaportugal2,2015,slbenficab,696.09,1685,0.41
ligaportugal2,2015,sportingclubeolhanense,528.39,2560,0.21
ligaportugal2,2015,sportingcpb,308.26,904,0.34
ligaportugal2,2015,udoliveirense,456.91,893,0.51
ligaportugal2,2015,varzimsc,1265.48,3785,0.33
ligaportugal2,2015,vitoriaguimaraesscb,1282.61,3509,0.37
ligaportugal2,2016,academicadecoimbra,2483.00,3542,0.70
ligaportugal2,2016,academicodeviseufc,896.52,3324,0.27
ligaportugal2,2016,adfafe,1349.19,3000,0.45
ligaportugal2,2016,cdcovadapiedade,891.67,1613,0.55
ligaportugal2,2016,cfuniaodamadeira2021,780.81,1723,0.45
ligaportugal2,2016,clubedesportivodasaves2020,1153.29,3500,0.33
ligaportugal2,2016,clubedesportivosantaclara,1041.76,2642,0.39
ligaportugal2,2016,fcfamalicao,2502.24,4156,0.60
ligaportugal2,2016,fcportob,564.52,1148,0.49
ligaportugal2,2016,futebolclubedevizela,1085.95,1890,0.57
ligaportugal2,2016,futebolclubepenafiel,606.33,1526,0.40
ligaportugal2,2016,gilvicentefutebolclube,965.05,2762,0.35
ligaportugal2,2016,leixoessc,1987.90,5813,0.34
ligaportugal2,2016,portimonensesad,1807.71,4417,0.41
ligaportugal2,2016,scbragab,427.19,740,0.58
ligaportugal2,2016,sccovilha,303.86,637,0.48
ligaportugal2,2016,scfreamunde,569.33,1116,0.51
ligaportugal2,2016,slbenficab,733.95,1331,0.55
ligaportugal2,2016,sportingclubeolhanense,288.71,821,0.35
ligaportugal2,2016,sportingcpb,274.00,451,0.61
ligaportugal2,2016,varzimsc,1390.67,2303,0.60
ligaportugal2,2016,vitoriaguimaraesscb,1714.33,3201,0.54
ligaportugal2,2017,academicadecoimbra,4802.89,20446,0.23
ligaportugal2,2017,academicodeviseufc,977.53,1668,0.59
ligaportugal2,2017,cdcovadapiedade,784.32,1151,0.68
ligaportugal2,2017,cdnacional,1924.47,4131,0.47
ligaportugal2,2017,cfuniaodamadeira2021,907.05,2489,0.36
ligaportugal2,2017,clubedesportivosantaclara,2031.11,4000,0.51
ligaportugal2,2017,fcarouca,992.32,1675,0.59
ligaportugal2,2017,fcfamalicao,1731.05,3125,0.55
ligaportugal2,2017,fcportob,502.00,1470,0.34
ligaportugal2,2017,futebolclubepenafiel,846.32,1581,0.54
ligaportugal2,2017,gilvicentefutebolclube,961.79,2018,0.48
ligaportugal2,2017,leixoessc,1488.32,5063,0.29
ligaportugal2,2017,realsc,493.53,971,0.51
ligaportugal2,2017,scbragab,362.79,550,0.66
ligaportugal2,2017,sccovilha,357.74,1238,0.29
ligaportugal2,2017,slbenficab,594.21,1083,0.55
ligaportugal2,2017,sportingcpb,226.37,476,0.48
ligaportugal2,2017,udoliveirense,378.42,605,0.63
ligaportugal2,2017,varzimsc,1229.95,2146,0.57
ligaportugal2,2017,vitoriaguimaraesscb,1590.74,2807,0.57
ligaportugal2,2018,academicadecoimbra,2529.12,3449,0.73
ligaportugal2,2018,academicodeviseufc,724.12,1363,0.53
ligaportugal2,2018,cdcovadapiedade,940.00,1943,0.48
ligaportugal2,2018,cdmafra,616.59,1085,0.57
ligaportugal2,2018,fcarouca,975.65,1890,0.52
ligaportugal2,2018,fcfamalicao,3478.41,5226,0.67
ligaportugal2,2018,fcpacosdeferreira,2772.29,7873,0.35
ligaportugal2,2018,fcportob,488.35,1314,0.37
ligaportugal2,2018,futebolclubepenafiel,593.94,1468,0.40
ligaportugal2,2018,gdestorilpraia,894.82,1683,0.53
ligaportugal2,2018,leixoessc,894.53,1558,0.57
ligaportugal2,2018,scbragab,336.71,891,0.38
ligaportugal2,2018,sccovilha,460.59,1227,0.38
ligaportugal2,2018,scfarense,2436.65,6140,0.40
ligaportugal2,2018,slbenficab,656.88,1550,0.42
ligaportugal2,2018,udoliveirense,486.00,1037,0.47
ligaportugal2,2018,varzimsc,1606.18,5899,0.27
ligaportugal2,2018,vitoriaguimaraesscb,1035.12,2117,0.49
ligaportugal2,2021,academicadecoimbra,1184.59,2448,0.48
ligaportugal2,2021,academicodeviseufc,200.24,439,0.46
ligaportugal2,2021,casapiaac,374.06,978,0.38
ligaportugal2,2021,cdfeirense,1250.53,3122,0.40
ligaportugal2,2021,cdmafra,522.18,987,0.53
ligaportugal2,2021,cdnacional,688.18,1218,0.57
ligaportugal2,2021,cfestrelaamadora,2437.47,4332,0.56
ligaportugal2,2021,clubedesportivotrofense,897.71,2358,0.38
ligaportugal2,2021,fcportob,424.12,887,0.48
ligaportugal2,2021,futebolclubepenafiel,543.94,1226,0.44
ligaportugal2,2021,gdchaves,1257.18,5161,0.24
ligaportugal2,2021,leixoessc,1699.71,3479,0.49
ligaportugal2,2021,rioavefutebolclube,1187.76,3047,0.39
ligaportugal2,2021,sccovilha,459.47,1796,0.26
ligaportugal2,2021,scfarense,2386.29,3227,0.74
ligaportugal2,2021,slbenficab,387.59,568,0.68
ligaportugal2,2021,udvilafranquense,203.00,356,0.57
ligaportugal2,2021,varzimsc,1814.71,3532,0.51
ligaportugal2,2022,academicodeviseufc,1915.94,4657,0.41
ligaportugal2,2022,bsad,392.94,904,0.43
ligaportugal2,2022,cdfeirense,1362.47,2818,0.48
ligaportugal2,2022,cdmafra,731.18,1226,0.60
ligaportugal2,2022,cdnacional,1473.82,3881,0.38
ligaportugal2,2022,cfestrelaamadora,1825.12,5149,0.35
ligaportugal2,2022,clubedesportivotondela,994.06,2629,0.38
ligaportugal2,2022,clubedesportivotrofense,790.76,1321,0.60
ligaportugal2,2022,fcportob,424.47,917,0.46
ligaportugal2,2022,futebolclubepenafiel,641.00,1211,0.53
ligaportugal2,2022,leixoessc,1592.41,2347,0.68
ligaportugal2,2022,moreirensefutebolclube,1449.59,3108,0.47
ligaportugal2,2022,sccovilha,680.71,1181,0.58
ligaportugal2,2022,scfarense,3468.18,6017,0.58
ligaportugal2,2022,scuniaotorreense,730.59,1274,0.57
ligaportugal2,2022,slbenficab,549.12,990,0.55
ligaportugal2,2022,udoliveirense,689.06,1540,0.45
ligaportugal2,2022,udvilafranquense,162.82,352,0.46
ligaportugal2,2023,academicodeviseufc,1437.71,4615,0.31
ligaportugal2,2023,avsfutebol,945.12,1628,0.58
ligaportugal2,2023,cdfeirense,1817.12,4323,0.42
ligaportugal2,2023,cdmafra,768.76,1187,0.65
ligaportugal2,2023,cdnacional,2085.76,5083,0.41
ligaportugal2,2023,cfosbelenenses,1798.88,2598,0.69
ligaportugal2,2023,clubedesportivosantaclara,2131.00,7443,0.29
ligaportugal2,2023,clubedesportivotondela,1141.82,3610,0.32
ligaportugal2,2023,clubsportmaritimo,7320.29,10385,0.70
ligaportugal2,2023,fcpacosdeferreira,2143.65,3574,0.60
ligaportugal2,2023,fcportob,497.06,850,0.58
ligaportugal2,2023,futebolclubepenafiel,791.41,1240,0.64
ligaportugal2,2023,lankfcvilaverdense,240.47,686,0.35
ligaportugal2,2023,leixoessc,1789.53,2380,0.75
ligaportugal2,2023,scuniaotorreense,942.29,2046,0.46
ligaportugal2,2023,slbenficab,492.65,833,0.59
ligaportugal2,2023,udleiria,5771.47,12178,0.47
ligaportugal2,2023,udoliveirense,606.59,1510,0.40
ligaportugal2,2024,academicodeviseufc,1624.12,5145,0.32
ligaportugal2,2024,cdfeirense,1895.41,3350,0.57
ligaportugal2,2024,cdmafra,464.47,779,0.60
ligaportugal2,2024,clubedesportivotondela,2147.82,4689,0.46
ligaportugal2,2024,clubsportmaritimo,5579.12,8125,0.69
ligaportugal2,2024,fcalverca,1005.06,2521,0.40
ligaportugal2,2024,fcfelgueiras1932,1434.29,1870,0.77
ligaportugal2,2024,fcpacosdeferreira,1781.47,3460,0.51
ligaportugal2,2024,fcportob,581.41,1088,0.53
ligaportugal2,2024,futebolclubedevizela,2056.00,4408,0.47
ligaportugal2,2024,futebolclubepenafiel,1108.76,2623,0.42
ligaportugal2,2024,gdchaves,1459.06,3163,0.46
ligaportugal2,2024,leixoessc,1578.82,3274,0.48
ligaportugal2,2024,portimonensesad,960.59,1634,0.59
ligaportugal2,2024,scuniaotorreense,824.71,1546,0.53
ligaportugal2,2024,slbenficab,544.29,760,0.72
ligaportugal2,2024,udleiria,3171.76,7565,0.42
ligaportugal2,2024,udoliveirense,592.24,1182,0.50
ligue1,1990,ajauxerre,8826.26,18500,0.48
ligue1,1990,ascannes,7154.00,15000,0.48
ligue1,1990,asmonaco,5745.47,18070,0.32
ligue1,1990,asnancylorraine,9087.16,23559,0.39
ligue1,1990,assaintetienne,13673.95,27806,0.49
ligue1,1990,brestarmoriquefc,9286.79,18000,0.52
ligue1,1990,fcgbordeaux,14834.26,20045,0.74
ligue1,1990,fcmetz,11331.26,23673,0.48
ligue1,1990,fcnantes,10381.16,31814,0.33
ligue1,1990,fcparissaintgermain,14502.95,38766,0.37
ligue1,1990,fcsochauxmontbeliard,4228.47,10015,0.42
ligue1,1990,fctoulouse,9290.16,30728,0.30
ligue1,1990,losclille,8052.84,19155,0.42
ligue1,1990,montpellierhsc,11882.47,20000,0.59
ligue1,1990,ogcnice,7163.89,14553,0.49
ligue1,1990,olympiquelyon,20367.37,39403,0.52
ligue1,1990,olympiquemarselha,31150.53,39432,0.79
ligue1,1990,smcaen,8735.79,12593,0.69
ligue1,1990,sportingclubdetoulonetduvar,5382.26,14980,0.36
ligue1,1990,staderennaisfc,9955.16,23349,0.43
ligue1,1991,ajauxerre,7857.00,15000,0.52
ligue1,1991,ascannes,6564.32,17000,0.39
ligue1,1991,asmonaco,5585.05,18000,0.31
ligue1,1991,asnancylorraine,9064.42,18000,0.50
ligue1,1991,assaintetienne,15170.32,30416,0.50
ligue1,1991,fcmetz,12673.74,28766,0.44
ligue1,1991,fcnantes,11220.74,35419,0.32
ligue1,1991,fcparissaintgermain,26843.53,43382,0.62
ligue1,1991,fcsochauxmontbeliard,4091.32,14962,0.27
ligue1,1991,fctoulouse,10048.21,27349,0.37
ligue1,1991,lehavreac,9548.79,18984,0.50
ligue1,1991,losclille,7695.11,17235,0.45
ligue1,1991,montpellierhsc,11120.63,20000,0.56
ligue1,1991,nimesolympique,12995.32,23015,0.56
ligue1,1991,olympiquelyon,16327.63,35000,0.47
ligue1,1991,olympiquemarselha,28401.47,48000,0.59
ligue1,1991,rclens,18422.37,48912,0.38
ligue1,1991,smcaen,8241.21,10800,0.76
ligue1,1991,sportingclubdetoulonetduvar,5151.74,15620,0.33
ligue1,1991,staderennaisfc,10553.32,24688,0.43
ligue1,1992,ajauxerre,9942.11,17000,0.58
ligue1,1992,asmonaco,6039.58,18000,0.34
ligue1,1992,assaintetienne,19973.53,41970,0.48
ligue1,1992,fcgbordeaux,20465.05,30755,0.67
ligue1,1992,fcmetz,9580.21,15067,0.64
ligue1,1992,fcnantes,19957.89,37494,0.53
ligue1,1992,fcparissaintgermain,26505.63,42510,0.62
ligue1,1992,fcsochauxmontbeliard,4334.00,10625,0.41
ligue1,1992,fctoulouse,9963.63,21233,0.47
ligue1,1992,lehavreac,7830.16,12116,0.65
ligue1,1992,losclille,6532.37,13000,0.50
ligue1,1992,montpellierhsc,9872.89,17719,0.56
ligue1,1992,nimesolympique,8788.26,21188,0.41
ligue1,1992,olympiquelyon,16725.68,39883,0.42
ligue1,1992,olympiquemarselha,27143.95,40000,0.68
ligue1,1992,rclens,17276.47,24126,0.72
ligue1,1992,rcstrasbourgalsace,21697.26,39033,0.56
ligue1,1992,smcaen,7736.00,10087,0.77
ligue1,1992,sportingclubdetoulonetduvar,4432.05,13655,0.32
ligue1,1992,usvalenciennesanzinarrondissement,11738.37,18102,0.65
ligue1,1993,ajauxerre,9648.53,18000,0.54
ligue1,1993,angerssco,6731.79,21000,0.32
ligue1,1993,ascannes,7288.47,18000,0.40
ligue1,1993,asmonaco,5315.79,20000,0.27
ligue1,1993,assaintetienne,14944.32,40017,0.37
ligue1,1993,fcgbordeaux,18215.84,30000,0.61
ligue1,1993,fcmartigues,4585.00,10000,0.46
ligue1,1993,fcmetz,9120.11,17607,0.52
ligue1,1993,fcnantes,16531.26,36000,0.46
ligue1,1993,fcparissaintgermain,26511.53,40021,0.66
ligue1,1993,fcsochauxmontbeliard,4960.95,9153,0.54
ligue1,1993,fctoulouse,7765.11,13702,0.57
ligue1,1993,lehavreac,7179.74,10447,0.69
ligue1,1993,losclille,6780.11,10526,0.64
ligue1,1993,montpellierhsc,9710.42,18585,0.52
ligue1,1993,olympiquelyon,17037.74,33000,0.52
ligue1,1993,olympiquemarselha,24638.95,38000,0.65
ligue1,1993,rclens,19691.37,40000,0.49
ligue1,1993,rcstrasbourgalsace,16534.42,31847,0.52
ligue1,1993,smcaen,16231.47,19611,0.83
ligue1,1994,ajauxerre,8719.16,17664,0.49
ligue1,1994,ascannes,7044.21,24871,0.28
ligue1,1994,asmonaco,5342.11,12000,0.45
ligue1,1994,assaintetienne,15891.58,35722,0.44
ligue1,1994,fcgbordeaux,15834.26,32476,0.49
ligue1,1994,fcmartigues,4211.47,9000,0.47
ligue1,1994,fcmetz,9762.05,15000,0.65
ligue1,1994,fcnantes,23222.84,34210,0.68
ligue1,1994,fcparissaintgermain,33586.63,45266,0.74
ligue1,1994,fcsochauxmontbeliard,4086.53,7985,0.51
ligue1,1994,lehavreac,8908.42,16017,0.56
ligue1,1994,losclille,7795.00,13563,0.57
ligue1,1994,montpellierhsc,9644.21,14104,0.68
ligue1,1994,ogcnice,5317.37,10811,0.49
ligue1,1994,olympiquelyon,22526.05,42741,0.53
ligue1,1994,rclens,27472.79,43000,0.64
ligue1,1994,rcstrasbourgalsace,16084.63,30514,0.53
ligue1,1994,scbastia,5894.74,8000,0.74
ligue1,1994,smcaen,15426.84,19645,0.79
ligue1,1994,staderennaisfc,11309.26,17549,0.64
ligue1,1995,ajauxerre,10709.89,20306,0.53
ligue1,1995,ascannes,4355.74,10985,0.40
ligue1,1995,asmonaco,5000.00,9000,0.56
ligue1,1995,assaintetienne,14726.58,30028,0.49
ligue1,1995,eaguingamp,11317.21,15949,0.71
ligue1,1995,fcgbordeaux,13711.53,25635,0.53
ligue1,1995,fcgueugnon,6745.58,11857,0.57
ligue1,1995,fcmartigues,3834.79,10000,0.38
ligue1,1995,fcmetz,16043.74,25339,0.63
ligue1,1995,fcnantes,21134.58,32410,0.65
ligue1,1995,fcparissaintgermain,37123.74,44526,0.83
ligue1,1995,lehavreac,9592.26,15644,0.61
ligue1,1995,losclille,8443.42,12263,0.69
ligue1,1995,montpellierhsc,9807.05,14792,0.66
ligue1,1995,ogcnice,5755.21,9746,0.59
ligue1,1995,olympiquelyon,18594.68,37903,0.49
ligue1,1995,rclens,25458.42,35074,0.73
ligue1,1995,rcstrasbourgalsace,12929.53,22125,0.58
ligue1,1995,scbastia,5387.26,8500,0.63
ligue1,1995,staderennaisfc,11908.37,19577,0.61
ligue1,1996,ajauxerre,8473.68,22000,0.39
ligue1,1996,ascannes,4933.63,10000,0.49
ligue1,1996,asmonaco,6236.84,16000,0.39
ligue1,1996,asnancylorraine,9665.26,21392,0.45
ligue1,1996,eaguingamp,9402.11,12000,0.78
ligue1,1996,fcgbordeaux,19684.37,30997,0.64
ligue1,1996,fcmetz,14651.63,23486,0.62
ligue1,1996,fcnantes,20715.11,36697,0.56
ligue1,1996,fcparissaintgermain,35301.53,44804,0.79
ligue1,1996,lehavreac,10558.74,20116,0.52
ligue1,1996,losclille,10020.58,15787,0.63
ligue1,1996,montpellierhsc,9941.00,16419,0.61
ligue1,1996,ogcnice,4933.00,10000,0.49
ligue1,1996,olympiquelyon,20126.58,29740,0.68
ligue1,1996,olympiquemarselha,19441.11,26000,0.75
ligue1,1996,rclens,23819.79,35694,0.67
ligue1,1996,rcstrasbourgalsace,14639.84,31473,0.47
ligue1,1996,scbastia,5609.47,10080,0.56
ligue1,1996,smcaen,15303.89,19968,0.77
ligue1,1996,staderennaisfc,12237.63,19500,0.63
ligue1,1997,ajauxerre,8809.29,20392,0.43
ligue1,1997,ascannes,4721.24,11000,0.43
ligue1,1997,asmonaco,5470.59,14000,0.39
ligue1,1997,eaguingamp,13108.41,19803,0.66
ligue1,1997,fcgbordeaux,17434.00,32000,0.54
ligue1,1997,fcmetz,16349.24,25142,0.65
ligue1,1997,fcnantes,22572.06,32597,0.69
ligue1,1997,fcparissaintgermain,36478.59,43307,0.84
ligue1,1997,fctoulouse,14959.35,36982,0.40
ligue1,1997,lbchateauroux,12385.12,16528,0.75
ligue1,1997,lehavreac,11217.29,15955,0.70
ligue1,1997,montpellierhsc,12992.76,26881,0.48
ligue1,1997,olympiquelyon,20758.94,42210,0.49
ligue1,1997,olympiquemarselha,28021.71,56470,0.50
ligue1,1997,rclens,27886.41,40478,0.69
ligue1,1997,rcstrasbourgalsace,17173.65,29127,0.59
ligue1,1997,scbastia,5265.88,10000,0.53
ligue1,1997,staderennaisfc,12803.00,19148,0.67
ligue1,1998,ajauxerre,10925.29,19566,0.56
ligue1,1998,asmonaco,7386.82,14464,0.51
ligue1,1998,asnancylorraine,11121.53,18516,0.60
ligue1,1998,fcgbordeaux,25723.71,38893,0.66
ligue1,1998,fclorient,11266.71,14000,0.80
ligue1,1998,fcmetz,17394.76,23470,0.74
ligue1,1998,fcnantes,26700.47,35437,0.75
ligue1,1998,fcparissaintgermain,40910.47,45597,0.90
ligue1,1998,fcsochauxmontbeliard,7739.24,8882,0.87
ligue1,1998,fctoulouse,16878.47,35830,0.47
ligue1,1998,lehavreac,11809.59,15322,0.77
ligue1,1998,montpellierhsc,14332.59,23341,0.61
ligue1,1998,olympiquelyon,29549.76,41440,0.71
ligue1,1998,olympiquemarselha,49726.00,57414,0.87
ligue1,1998,rclens,36010.12,40661,0.89
ligue1,1998,rcstrasbourgalsace,17533.41,34462,0.51
ligue1,1998,scbastia,5228.94,8459,0.62
ligue1,1998,staderennaisfc,15546.24,19261,0.81
ligue1,1999,ajauxerre,11934.18,20983,0.57
ligue1,1999,asmonaco,10258.65,14915,0.69
ligue1,1999,asnancylorraine,10358.88,15760,0.66
ligue1,1999,assaintetienne,27993.65,35095,0.80
ligue1,1999,associationtroyesaubechampagne,14142.12,17734,0.80
ligue1,1999,cssedanardennes,12953.47,17113,0.76
ligue1,1999,fcgbordeaux,30084.94,32656,0.92
ligue1,1999,fcmetz,19867.24,25648,0.77
ligue1,1999,fcnantes,28334.71,35853,0.79
ligue1,1999,fcparissaintgermain,42792.65,44784,0.96
ligue1,1999,lehavreac,12322.82,16319,0.76
ligue1,1999,montpellierhsc,13956.47,27960,0.50
ligue1,1999,olympiquelyon,35453.94,40080,0.88
ligue1,1999,olympiquemarselha,51686.18,56898,0.91
ligue1,1999,rclens,38805.29,40571,0.96
ligue1,1999,rcstrasbourgalsace,19845.06,35946,0.55
ligue1,1999,scbastia,6914.59,9835,0.70
ligue1,1999,staderennaisfc,13718.88,22072,0.62
ligue1,2000,ajauxerre,10513.41,17769,0.59
ligue1,2000,asmonaco,8897.35,14925,0.60
ligue1,2000,assaintetienne,26486.88,33783,0.78
ligue1,2000,cssedanardennes,14441.65,16951,0.85
ligue1,2000,eaguingamp,13056.06,17692,0.74
ligue1,2000,estactroyes,15040.29,17756,0.85
ligue1,2000,fcgbordeaux,29371.59,32497,0.90
ligue1,2000,fcmetz,18389.06,26320,0.70
ligue1,2000,fcnantes,31913.24,35852,0.89
ligue1,2000,fcparissaintgermain,42716.82,44757,0.95
ligue1,2000,fctoulouse,19926.29,32103,0.62
ligue1,2000,losclille,16793.41,19583,0.86
ligue1,2000,olympiquelyon,34564.53,40629,0.85
ligue1,2000,olympiquemarselha,50755.18,56806,0.89
ligue1,2000,rclens,39520.29,40651,0.97
ligue1,2000,rcstrasbourgalsace,13866.71,22523,0.62
ligue1,2000,scbastia,7357.71,9927,0.74
ligue1,2000,staderennaisfc,19454.29,23168,0.84
ligue1,2001,ajauxerre,12138.18,20502,0.59
ligue1,2001,asmonaco,8563.59,14900,0.57
ligue1,2001,cssedanardennes,16591.94,21998,0.75
ligue1,2001,eaguingamp,12202.53,16400,0.74
ligue1,2001,estactroyes,13926.18,16272,0.86
ligue1,2001,fcgbordeaux,27869.71,32641,0.85
ligue1,2001,fclorient,12235.06,15896,0.77
ligue1,2001,fcmetz,17876.41,25697,0.70
ligue1,2001,fcnantes,33367.82,35453,0.94
ligue1,2001,fcparissaintgermain,40863.47,43930,0.93
ligue1,2001,fcsochauxmontbeliard,16439.41,19907,0.83
ligue1,2001,losclille,17880.76,20380,0.88
ligue1,2001,montpellierhsc,13861.24,29507,0.47
ligue1,2001,olympiquelyon,34843.59,39691,0.88
ligue1,2001,olympiquemarselha,50030.06,55803,0.90
ligue1,2001,rclens,37336.47,40811,0.91
ligue1,2001,scbastia,7213.12,11333,0.64
ligue1,2001,staderennaisfc,19601.12,28724,0.68
ligue1,2002,acajaccio,4830.95,8305,0.58
ligue1,2002,ajauxerre,10463.05,16999,0.62
ligue1,2002,asmonaco,8448.26,17172,0.49
ligue1,2002,cssedanardennes,15575.05,22754,0.68
ligue1,2002,eaguingamp,14569.63,18001,0.81
ligue1,2002,estactroyes,11280.63,14211,0.79
ligue1,2002,fcgbordeaux,27022.79,32793,0.82
ligue1,2002,fcnantes,32421.26,36411,0.89
ligue1,2002,fcparissaintgermain,38671.47,43284,0.89
ligue1,2002,fcsochauxmontbeliard,15304.32,19910,0.77
ligue1,2002,lehavreac,12057.11,16185,0.74
ligue1,2002,losclille,15599.47,20211,0.77
ligue1,2002,montpellierhsc,12759.21,26096,0.49
ligue1,2002,ogcnice,13493.74,16668,0.81
ligue1,2002,olympiquelyon,36733.00,40188,0.91
ligue1,2002,olympiquemarselha,48233.47,56529,0.85
ligue1,2002,rclens,37203.89,40825,0.91
ligue1,2002,rcstrasbourgalsace,14759.63,26857,0.55
ligue1,2002,scbastia,7579.47,10055,0.75
ligue1,2002,staderennaisfc,18246.32,23572,0.77
ligue1,2003,acajaccio,4347.11,8204,0.53
ligue1,2003,ajauxerre,12323.32,21112,0.58
ligue1,2003,asmonaco,9088.26,18000,0.50
ligue1,2003,eaguingamp,14665.16,18002,0.81
ligue1,2003,fcgbordeaux,23491.26,32507,0.72
ligue1,2003,fcmetz,18052.00,28511,0.63
ligue1,2003,fcnantes,30737.11,36465,0.84
ligue1,2003,fcparissaintgermain,39244.63,52000,0.75
ligue1,2003,fcsochauxmontbeliard,16602.89,19791,0.84
ligue1,2003,fctoulouse,20028.58,35005,0.57
ligue1,2003,lemansunionclub72,12740.42,16312,0.78
ligue1,2003,losclille,15100.53,20400,0.74
ligue1,2003,montpellierhsc,11702.00,21085,0.55
ligue1,2003,ogcnice,11911.63,15690,0.76
ligue1,2003,olympiquelyon,36022.05,40000,0.90
ligue1,2003,olympiquemarselha,50806.21,59000,0.86
ligue1,2003,rclens,34822.11,40455,0.86
ligue1,2003,rcstrasbourgalsace,16564.21,27000,0.61
ligue1,2003,scbastia,5997.63,9243,0.65
ligue1,2003,staderennaisfc,17267.79,22143,0.78
ligue1,2004,acajaccio,4462.68,8000,0.56
ligue1,2004,ajauxerre,11134.95,21000,0.53
ligue1,2004,asmonaco,10829.84,17506,0.62
ligue1,2004,assaintetienne,29887.21,35070,0.85
ligue1,2004,fcgbordeaux,23508.95,32712,0.72
ligue1,2004,fcistresouestprovence,7207.37,15000,0.48
ligue1,2004,fcmetz,18205.26,25908,0.70
ligue1,2004,fcnantes,30735.53,36700,0.84
ligue1,2004,fcparissaintgermain,36265.16,43911,0.83
ligue1,2004,fcsochauxmontbeliard,15688.79,19931,0.79
ligue1,2004,fctoulouse,24162.26,35650,0.68
ligue1,2004,losclille,13679.11,19000,0.72
ligue1,2004,ogcnice,11352.95,15755,0.72
ligue1,2004,olympiquelyon,37211.05,40352,0.92
ligue1,2004,olympiquemarselha,52421.16,59000,0.89
ligue1,2004,rclens,34950.11,40281,0.87
ligue1,2004,rcstrasbourgalsace,17465.37,26659,0.66
ligue1,2004,scbastia,5222.37,8620,0.61
ligue1,2004,smcaen,19815.00,20972,0.94
ligue1,2004,staderennaisfc,23413.05,29164,0.80
ligue1,2005,acajaccio,3840.11,7000,0.55
ligue1,2005,ajauxerre,11012.58,20000,0.55
ligue1,2005,asmonaco,10217.42,17596,0.58
ligue1,2005,asnancylorraine,17164.89,20078,0.85
ligue1,2005,assaintetienne,29168.74,35616,0.82
ligue1,2005,estactroyes,13803.11,19825,0.70
ligue1,2005,fcgbordeaux,24249.79,32800,0.74
ligue1,2005,fcmetz,16039.74,22689,0.71
ligue1,2005,fcnantes,29131.42,37260,0.78
ligue1,2005,fcparissaintgermain,40486.26,43906,0.92
ligue1,2005,fcsochauxmontbeliard,14260.00,18777,0.76
ligue1,2005,fctoulouse,18894.63,28254,0.67
ligue1,2005,lemansunionclub72,11329.32,16531,0.69
ligue1,2005,losclille,13127.16,17100,0.77
ligue1,2005,ogcnice,11655.16,14283,0.82
ligue1,2005,olympiquelyon,38675.63,44400,0.87
ligue1,2005,olympiquemarselha,49646.00,57609,0.86
ligue1,2005,rclens,34189.26,40591,0.84
ligue1,2005,rcstrasbourgalsace,19028.58,26022,0.73
ligue1,2005,staderennaisfc,25000.26,29490,0.85
ligue1,2006,ajauxerre,10094.63,19415,0.52
ligue1,2006,asmonaco,11060.58,17510,0.63
ligue1,2006,asnancylorraine,18334.63,20081,0.91
ligue1,2006,assaintetienne,29391.21,35201,0.83
ligue1,2006,cssedanardennes,14620.37,22779,0.64
ligue1,2006,estactroyes,12712.42,18579,0.68
ligue1,2006,fcgbordeaux,25006.47,32253,0.78
ligue1,2006,fclorient,13586.79,15752,0.86
ligue1,2006,fcnantes,30074.16,35616,0.84
ligue1,2006,fcparissaintgermain,36234.42,44431,0.82
ligue1,2006,fcsochauxmontbeliard,14650.95,19990,0.73
ligue1,2006,fctoulouse,21543.05,35164,0.61
ligue1,2006,lemansunionclub72,11368.16,15976,0.71
ligue1,2006,losclille,14563.11,17351,0.84
ligue1,2006,ogcnice,11336.05,15030,0.75
ligue1,2006,olympiquelyon,38546.21,40363,0.95
ligue1,2006,olympiquemarselha,51818.00,58000,0.89
ligue1,2006,rclens,34363.53,40567,0.85
ligue1,2006,staderennaisfc,25169.74,29425,0.86
ligue1,2006,valenciennesfc,14764.32,16513,0.89
ligue1,2007,ajauxerre,10554.95,19799,0.53
ligue1,2007,asmonaco,10833.53,17368,0.62
ligue1,2007,asnancylorraine,18741.63,19901,0.94
ligue1,2007,assaintetienne,29232.95,34237,0.85
ligue1,2007,fcgbordeaux,25489.89,32487,0.78
ligue1,2007,fclorient,12304.21,15436,0.80
ligue1,2007,fcmetz,13790.74,25694,0.54
ligue1,2007,fcparissaintgermain,36491.42,45353,0.80
ligue1,2007,fcsochauxmontbeliard,15930.53,19957,0.80
ligue1,2007,fctoulouse,20209.16,34502,0.59
ligue1,2007,lemansunionclub72,11063.63,16361,0.68
ligue1,2007,losclille,17238.53,77840,0.22
ligue1,2007,ogcnice,11282.42,15884,0.71
ligue1,2007,olympiquelyon,37297.47,40381,0.92
ligue1,2007,olympiquemarselha,52700.37,58000,0.91
ligue1,2007,rclens,34653.47,40477,0.86
ligue1,2007,rcstrasbourgalsace,19401.32,26397,0.73
ligue1,2007,smcaen,19658.42,20933,0.94
ligue1,2007,staderennaisfc,25614.16,29278,0.87
ligue1,2007,valenciennesfc,13784.05,16028,0.86
ligue1,2008,ajauxerre,12914.21,20002,0.65
ligue1,2008,asmonaco,8511.95,16904,0.50
ligue1,2008,asnancylorraine,17998.63,20017,0.90
ligue1,2008,assaintetienne,28168.05,34734,0.81
ligue1,2008,fcgbordeaux,26953.21,32858,0.82
ligue1,2008,fclorient,11400.42,14617,0.78
ligue1,2008,fcnantes,24137.63,35993,0.67
ligue1,2008,fcparissaintgermain,40902.26,45774,0.89
ligue1,2008,fcsochauxmontbeliard,14658.68,19972,0.73
ligue1,2008,fctoulouse,20075.68,33572,0.60
ligue1,2008,grenoblefoot38,17216.74,19648,0.88
ligue1,2008,lehavreac,13566.11,16378,0.83
ligue1,2008,lemansunionclub72,10411.21,16221,0.64
ligue1,2008,losclille,17911.68,78056,0.23
ligue1,2008,ogcnice,10621.89,16669,0.64
ligue1,2008,olympiquelyon,37396.95,40245,0.93
ligue1,2008,olympiquemarselha,52161.84,56953,0.92
ligue1,2008,smcaen,18913.84,20924,0.90
ligue1,2008,staderennaisfc,24063.21,28879,0.83
ligue1,2008,valenciennesfc,12869.84,16191,0.79
ligue1,2009,ajauxerre,12438.05,20005,0.62
ligue1,2009,asmonaco,7893.58,13063,0.60
ligue1,2009,asnancylorraine,16312.68,20057,0.81
ligue1,2009,assaintetienne,26331.42,34342,0.77
ligue1,2009,fcgbordeaux,29267.42,32952,0.89
ligue1,2009,fclorient,12204.26,16337,0.75
ligue1,2009,fcparissaintgermain,34693.53,44778,0.77
ligue1,2009,fcsochauxmontbeliard,13182.42,19992,0.66
ligue1,2009,fctoulouse,19228.68,28352,0.68
ligue1,2009,grenoblefoot38,13909.74,19622,0.71
ligue1,2009,lemansunionclub72,9213.89,16309,0.56
ligue1,2009,losclille,14940.42,17688,0.84
ligue1,2009,montpellierhsc,18683.21,29312,0.64
ligue1,2009,ogcnice,9109.26,15047,0.61
ligue1,2009,olympiquelyon,35602.79,38659,0.92
ligue1,2009,olympiquemarselha,50097.26,56056,0.89
ligue1,2009,rclens,34196.68,41052,0.83
ligue1,2009,staderennaisfc,22660.05,28631,0.79
ligue1,2009,usboulogne,12133.74,15242,0.80
ligue1,2009,valenciennesfc,12122.58,16208,0.75
ligue1,2010,acarlesavignon,9207.63,15003,0.61
ligue1,2010,ajauxerre,11093.00,17298,0.64
ligue1,2010,asmonaco,6907.32,11140,0.62
ligue1,2010,asnancylorraine,16180.58,20019,0.81
ligue1,2010,assaintetienne,25096.21,35003,0.72
ligue1,2010,fcgbordeaux,24930.63,32805,0.76
ligue1,2010,fclorient,15633.47,16956,0.92
ligue1,2010,fcparissaintgermain,29316.63,40404,0.73
ligue1,2010,fcsochauxmontbeliard,12639.89,19930,0.63
ligue1,2010,fctoulouse,18256.95,33853,0.54
ligue1,2010,losclille,16434.79,17451,0.94
ligue1,2010,montpellierhsc,16343.79,25119,0.65
ligue1,2010,ogcnice,8454.63,12415,0.68
ligue1,2010,olympiquelyon,35265.53,39548,0.89
ligue1,2010,olympiquemarselha,51086.16,55790,0.92
ligue1,2010,rclens,31451.58,40859,0.77
ligue1,2010,smcaen,16023.95,20540,0.78
ligue1,2010,stadebrestois29,13603.11,15154,0.90
ligue1,2010,staderennaisfc,23397.53,29002,0.81
ligue1,2010,valenciennesfc,11663.84,15640,0.75
ligue1,2011,acajaccio,6336.11,8249,0.77
ligue1,2011,ajauxerre,12123.16,19342,0.63
ligue1,2011,asnancylorraine,15331.84,19304,0.79
ligue1,2011,assaintetienne,21498.32,26210,0.82
ligue1,2011,dijonfco,13596.95,15081,0.90
ligue1,2011,fcevianthonongaillard,11716.47,15162,0.77
ligue1,2011,fcgbordeaux,20712.47,31609,0.66
ligue1,2011,fclorient,15642.74,17122,0.91
ligue1,2011,fcparissaintgermain,42890.74,46252,0.93
ligue1,2011,fcsochauxmontbeliard,14025.42,19599,0.72
ligue1,2011,fctoulouse,21445.58,32874,0.65
ligue1,2011,losclille,16971.53,17921,0.95
ligue1,2011,montpellierhsc,17491.53,27649,0.63
ligue1,2011,ogcnice,9206.95,14405,0.64
ligue1,2011,olympiquelyon,33066.89,38982,0.85
ligue1,2011,olympiquemarselha,40445.11,41519,0.97
ligue1,2011,smcaen,15280.26,20470,0.75
ligue1,2011,stadebrestois29,13543.05,15096,0.90
ligue1,2011,staderennaisfc,20560.21,28802,0.71
ligue1,2011,valenciennesfc,15374.68,21642,0.71
ligue1,2012,acajaccio,6763.63,10344,0.65
ligue1,2012,asnancylorraine,15602.05,19122,0.82
ligue1,2012,assaintetienne,22966.32,26579,0.86
ligue1,2012,estactroyes,13854.79,19841,0.70
ligue1,2012,fcevianthonongaillard,10210.79,14621,0.70
ligue1,2012,fcgbordeaux,19410.26,32000,0.61
ligue1,2012,fclorient,15048.32,17395,0.87
ligue1,2012,fcparissaintgermain,43235.05,45432,0.95
ligue1,2012,fcsochauxmontbeliard,13496.95,19390,0.70
ligue1,2012,fctoulouse,17689.05,35012,0.51
ligue1,2012,losclille,40773.58,47828,0.85
ligue1,2012,montpellierhsc,16917.84,26360,0.64
ligue1,2012,ogcnice,10271.21,17012,0.60
ligue1,2012,olympiquelyon,32083.53,39939,0.80
ligue1,2012,olympiquemarselha,33653.21,40748,0.83
ligue1,2012,scbastia,11851.32,16054,0.74
ligue1,2012,stadebrestois29,11796.37,14601,0.81
ligue1,2012,stadereims,15575.63,21044,0.74
ligue1,2012,staderennaisfc,18209.47,28131,0.65
ligue1,2012,valenciennesfc,15467.89,23021,0.67
ligue1,2013,acajaccio,6325.95,7948,0.80
ligue1,2013,asmonaco,9052.16,16384,0.55
ligue1,2013,assaintetienne,30375.26,37587,0.81
ligue1,2013,eaguingamp,15008.53,18155,0.83
ligue1,2013,fcevianthonongaillard,10971.26,14771,0.74
ligue1,2013,fcgbordeaux,18806.58,32158,0.58
ligue1,2013,fclorient,15128.05,16614,0.91
ligue1,2013,fcnantes,28139.58,36609,0.77
ligue1,2013,fcparissaintgermain,45419.84,46440,0.98
ligue1,2013,fcsochauxmontbeliard,14387.58,19905,0.72
ligue1,2013,fctoulouse,14993.79,22049,0.68
ligue1,2013,losclille,38661.79,48960,0.79
ligue1,2013,montpellierhsc,14679.68,27717,0.53
ligue1,2013,ogcnice,23700.21,35030,0.68
ligue1,2013,olympiquelyon,34517.53,39717,0.87
ligue1,2013,olympiquemarselha,38045.26,44995,0.85
ligue1,2013,scbastia,13609.53,15425,0.88
ligue1,2013,stadereims,15558.42,20666,0.75
ligue1,2013,staderennaisfc,19037.58,28831,0.66
ligue1,2013,valenciennesfc,14354.47,20330,0.71
ligue1,2014,asmonaco,7811.89,13960,0.56
ligue1,2014,assaintetienne,32150.53,39147,0.82
ligue1,2014,eaguingamp,14939.58,17636,0.85
ligue1,2014,fcevianthonongaillard,10514.53,14600,0.72
ligue1,2014,fcgbordeaux,23455.53,40215,0.58
ligue1,2014,fclorient,13693.84,16143,0.85
ligue1,2014,fcmetz,18564.63,25012,0.74
ligue1,2014,fcnantes,25984.95,36022,0.72
ligue1,2014,fcparissaintgermain,45789.32,46683,0.98
ligue1,2014,fctoulouse,15687.37,20762,0.76
ligue1,2014,losclille,36551.68,45771,0.80
ligue1,2014,montpellierhsc,12860.05,27930,0.46
ligue1,2014,ogcnice,19496.63,25407,0.77
ligue1,2014,olympiquelyon,34949.26,39961,0.87
ligue1,2014,olympiquemarselha,52547.26,65415,0.80
ligue1,2014,rclens,17205.26,70785,0.24
ligue1,2014,scbastia,12904.11,16480,0.78
ligue1,2014,smcaen,16901.63,20501,0.82
ligue1,2014,stadereims,14091.11,19270,0.73
ligue1,2014,staderennaisfc,20129.42,27290,0.74
ligue1,2015,angerssco,13525.63,16381,0.83
ligue1,2015,asmonaco,7843.37,16224,0.48
ligue1,2015,assaintetienne,30328.26,39550,0.77
ligue1,2015,eaguingamp,14630.74,18022,0.81
ligue1,2015,estactroyes,12471.63,19184,0.65
ligue1,2015,fcgbordeaux,25088.74,39672,0.63
ligue1,2015,fclorient,11993.05,15599,0.77
ligue1,2015,fcnantes,24173.53,32611,0.74
ligue1,2015,fcparissaintgermain,46208.42,47844,0.97
ligue1,2015,fctoulouse,16318.47,30178,0.54
ligue1,2015,gfcoajaccio,3718.74,4125,0.90
ligue1,2015,losclille,30268.26,39601,0.76
ligue1,2015,montpellierhsc,12807.74,27163,0.47
ligue1,2015,ogcnice,19187.37,35596,0.54
ligue1,2015,olympiquelyon,40324.74,56696,0.71
ligue1,2015,olympiquemarselha,43512.16,61166,0.71
ligue1,2015,scbastia,11559.26,14702,0.79
ligue1,2015,smcaen,17660.79,20679,0.85
ligue1,2015,stadereims,13483.00,20950,0.64
ligue1,2015,staderennaisfc,23182.32,29068,0.80
ligue1,2016,angerssco,11953.74,15909,0.75
ligue1,2016,asmonaco,9428.11,16049,0.59
ligue1,2016,asnancylorraine,17515.84,20087,0.87
ligue1,2016,assaintetienne,27379.84,37029,0.74
ligue1,2016,dijonfco,10128.05,13416,0.75
ligue1,2016,eaguingamp,14789.63,18033,0.82
ligue1,2016,fcgbordeaux,24217.21,41265,0.59
ligue1,2016,fclorient,11831.68,15884,0.74
ligue1,2016,fcmetz,16010.11,21011,0.76
ligue1,2016,fcnantes,23151.89,32858,0.70
ligue1,2016,fcparissaintgermain,45159.47,47929,0.94
ligue1,2016,fctoulouse,17068.11,29430,0.58
ligue1,2016,losclille,29487.21,40485,0.73
ligue1,2016,montpellierhsc,12355.95,22217,0.56
ligue1,2016,ogcnice,22916.05,33190,0.69
ligue1,2016,olympiquelyon,39170.95,57050,0.69
ligue1,2016,olympiquemarselha,39897.95,65252,0.61
ligue1,2016,scbastia,10760.11,13122,0.82
ligue1,2016,smcaen,16755.58,20054,0.84
ligue1,2016,staderennaisfc,22688.53,29054,0.78
ligue1,2017,amienssc,9520.58,12297,0.77
ligue1,2017,angerssco,11065.37,15794,0.70
ligue1,2017,asmonaco,9243.05,16588,0.56
ligue1,2017,assaintetienne,28141.53,38993,0.72
ligue1,2017,dijonfco,12227.89,15160,0.81
ligue1,2017,eaguingamp,14501.63,18378,0.79
ligue1,2017,estactroyes,12196.26,20006,0.61
ligue1,2017,fcgbordeaux,26047.84,41290,0.63
ligue1,2017,fcmetz,14843.84,25015,0.59
ligue1,2017,fcnantes,24559.26,34486,0.71
ligue1,2017,fcparissaintgermain,46929.95,47759,0.98
ligue1,2017,fctoulouse,16929.26,31909,0.53
ligue1,2017,losclille,32958.79,49082,0.67
ligue1,2017,montpellierhsc,12976.95,20975,0.62
ligue1,2017,ogcnice,22876.47,33478,0.68
ligue1,2017,olympiquelyon,46004.79,58069,0.79
ligue1,2017,olympiquemarselha,46616.42,60410,0.77
ligue1,2017,rcstrasbourgalsace,24064.11,26015,0.93
ligue1,2017,smcaen,17186.58,20249,0.85
ligue1,2017,staderennaisfc,23111.11,29194,0.79
ligue1,2018,amienssc,10896.68,11952,0.91
ligue1,2018,angerssco,11192.47,16071,0.70
ligue1,2018,asmonaco,8448.00,14269,0.59
ligue1,2018,assaintetienne,28399.58,41594,0.68
ligue1,2018,dijonfco,13043.74,15117,0.86
ligue1,2018,eaguingamp,14730.53,19003,0.78
ligue1,2018,fcgbordeaux,20848.63,40841,0.51
ligue1,2018,fcnantes,25185.21,34471,0.73
ligue1,2018,fcparissaintgermain,46911.05,47647,0.98
ligue1,2018,fctoulouse,16224.16,27147,0.60
ligue1,2018,losclille,34079.37,49712,0.69
ligue1,2018,montpellierhsc,13828.68,20477,0.68
ligue1,2018,nimesolympique,13965.42,18045,0.77
ligue1,2018,ogcnice,19125.63,33138,0.58
ligue1,2018,olympiquelyon,49079.32,57624,0.85
ligue1,2018,olympiquemarselha,52400.21,64696,0.81
ligue1,2018,rcstrasbourgalsace,25215.95,25962,0.97
ligue1,2018,smcaen,16653.79,20076,0.83
ligue1,2018,stadereims,14341.47,20536,0.70
ligue1,2018,staderennaisfc,23675.21,29205,0.81
ligue1,2021,angerssco,8186.58,13000,0.63
ligue1,2021,asmonaco,5908.26,16642,0.36
ligue1,2021,assaintetienne,24429.42,41278,0.59
ligue1,2021,clermontfoot63,10568.79,12664,0.83
ligue1,2021,estactroyes,9526.68,19000,0.50
ligue1,2021,fcgbordeaux,24245.00,41172,0.59
ligue1,2021,fclorient,12738.11,16603,0.77
ligue1,2021,fcmetz,16173.84,26661,0.61
ligue1,2021,fcnantes,20484.79,35500,0.58
ligue1,2021,fcparissaintgermain,41588.84,47874,0.87
ligue1,2021,losclille,34556.21,48437,0.71
ligue1,2021,montpellierhsc,10763.26,19586,0.55
ligue1,2021,ogcnice,18923.37,31949,0.59
ligue1,2021,olympiquelyon,37632.26,54404,0.69
ligue1,2021,olympiquemarselha,54783.21,65121,0.84
ligue1,2021,rclens,32792.89,37764,0.87
ligue1,2021,rcstrasbourgalsace,23550.89,26052,0.90
ligue1,2021,stadebrestois29,11710.42,14611,0.80
ligue1,2021,stadereims,11612.95,20835,0.56
ligue1,2021,staderennaisfc,25501.47,28811,0.89
ligue1,2022,acajaccio,7527.16,10000,0.75
ligue1,2022,ajauxerre,15606.42,17246,0.90
ligue1,2022,angerssco,9636.63,19000,0.51
ligue1,2022,asmonaco,7094.84,16500,0.43
ligue1,2022,clermontfoot63,11269.89,13576,0.83
ligue1,2022,estactroyes,10021.37,18890,0.53
ligue1,2022,fclorient,14992.37,16782,0.89
ligue1,2022,fcnantes,30002.37,34467,0.87
ligue1,2022,fcparissaintgermain,46181.79,47000,0.98
ligue1,2022,fctoulouse,23965.84,31700,0.76
ligue1,2022,losclille,36148.95,48527,0.74
ligue1,2022,montpellierhsc,13804.37,18971,0.73
ligue1,2022,ogcnice,22285.58,34456,0.65
ligue1,2022,olympiquelyon,46108.63,58230,0.79
ligue1,2022,olympiquemarselha,62623.47,65894,0.95
ligue1,2022,rclens,37652.47,38223,0.99
ligue1,2022,rcstrasbourgalsace,25278.47,25828,0.98
ligue1,2022,stadebrestois29,12657.42,15143,0.84
ligue1,2022,stadereims,13602.37,20543,0.66
ligue1,2022,staderennaisfc,27721.58,28556,0.97
ligue1,2023,asmonaco,7520.00,14700,0.51
ligue1,2023,clermontfoot63,9772.53,10603,0.92
ligue1,2023,fclorient,15717.12,16783,0.94
ligue1,2023,fcmetz,23838.00,28455,0.84
ligue1,2023,fcnantes,29289.18,34600,0.85
ligue1,2023,fcparissaintgermain,47199.24,48229,0.98
ligue1,2023,fctoulouse,25807.94,29809,0.87
ligue1,2023,lehavreac,21878.53,24569,0.89
ligue1,2023,losclille,39932.00,48233,0.83
ligue1,2023,montpellierhsc,14808.29,19202,0.77
ligue1,2023,ogcnice,24951.59,33818,0.74
ligue1,2023,olympiquelyon,44876.76,57027,0.79
ligue1,2023,olympiquemarselha,61348.12,66046,0.93
ligue1,2023,rclens,37823.88,38223,0.99
ligue1,2023,rcstrasbourgalsace,25359.35,26001,0.98
ligue1,2023,stadebrestois29,14573.94,15201,0.96
ligue1,2023,stadereims,15669.29,20500,0.76
ligue1,2023,staderennaisfc,27662.65,28660,0.97
ligue1,2024,ajauxerre,16634.41,17511,0.95
ligue1,2024,angerssco,13146.76,17325,0.76
ligue1,2024,asmonaco,9359.82,14250,0.66
ligue1,2024,assaintetienne,30170.12,40372,0.75
ligue1,2024,fcnantes,30268.53,34780,0.87
ligue1,2024,fcparissaintgermain,47675.94,47926,0.99
ligue1,2024,fctoulouse,26251.00,31703,0.83
ligue1,2024,lehavreac,20218.24,23831,0.85
ligue1,2024,losclille,42416.82,48284,0.88
ligue1,2024,montpellierhsc,13491.00,18461,0.73
ligue1,2024,ogcnice,24299.12,31017,0.78
ligue1,2024,olympiquelyon,50620.88,58082,0.87
ligue1,2024,olympiquemarselha,63682.88,66312,0.96
ligue1,2024,rclens,37936.12,38223,0.99
ligue1,2024,rcstrasbourgalsace,19377.94,19968,0.97
ligue1,2024,stadebrestois29,14474.00,15099,0.96
ligue1,2024,stadereims,15637.71,20220,0.77
ligue1,2024,staderennaisfc,27374.71,28550,0.96
ligue2,1994,amienssc,4150.19,8786,0.47
ligue2,1994,angerssco,4618.90,15000,0.31
ligue2,1994,asbeauvaisoise,1838.71,3950,0.47
ligue2,1994,asnancylorraine,6726.33,18000,0.37
ligue2,1994,asredstar93,2213.19,12906,0.17
ligue2,1994,associationsportivedoriginearmeniennedevalence,2619.19,15000,0.17
ligue2,1994,chamoisniortaisfc,2797.24,10353,0.27
ligue2,1994,cssedanardennes,4120.05,10040,0.41
ligue2,1994,eaguingamp,6734.38,16000,0.42
ligue2,1994,fcgueugnon,3822.86,22206,0.17
ligue2,1994,fcmulhousesudalsace,2694.43,10432,0.26
ligue2,1994,fctoulouse,9336.05,33000,0.28
ligue2,1994,lbchateauroux,3570.67,7824,0.46
ligue2,1994,lemansunionclub72,3691.05,10000,0.37
ligue2,1994,nimesolympique,2668.81,18000,0.15
ligue2,1994,olympiquecharlevilleneufmanilaiglemont,2714.67,5397,0.50
ligue2,1994,olympiquedalesencevennes,1654.14,6000,0.28
ligue2,1994,olympiquemarselha,15696.00,32257,0.49
ligue2,1994,perpignanfc,2151.00,8000,0.27
ligue2,1994,stadebriochin,4679.95,10600,0.44
ligue2,1994,stadelavallois,2802.86,10000,0.28
ligue2,1994,usldunkerque,1786.00,5737,0.31
ligue2,1995,amienssc,4030.90,7268,0.55
ligue2,1995,angerssco,3724.10,7176,0.52
ligue2,1995,asnancylorraine,6753.33,20530,0.33
ligue2,1995,asredstar93,2279.76,6827,0.33
ligue2,1995,associationsportivedoriginearmeniennedevalence,2936.24,10300,0.29
ligue2,1995,chamoisniortaisfc,3231.29,10000,0.32
ligue2,1995,cslouhanscuiseaux71,2055.71,7000,0.29
ligue2,1995,fclorient,3231.05,11000,0.29
ligue2,1995,fcmulhousesudalsace,2646.43,7581,0.35
ligue2,1995,fcsochauxmontbeliard,3421.24,9500,0.36
ligue2,1995,fctoulouse,7599.33,30000,0.25
ligue2,1995,lbchateauroux,4045.95,8000,0.51
ligue2,1995,lemansunionclub72,3687.24,8628,0.43
ligue2,1995,olympiquecharlevilleneufmanilaiglemont,2556.14,6769,0.38
ligue2,1995,olympiquedalesencevennes,887.62,5000,0.18
ligue2,1995,olympiquemarselha,14019.43,39408,0.36
ligue2,1995,perpignanfc,2180.29,8000,0.27
ligue2,1995,sasepinal,2091.10,8000,0.26
ligue2,1995,smcaen,10135.00,20000,0.51
ligue2,1995,stadelavallois,5265.05,13000,0.41
ligue2,1995,stadepoitevinpepp,3157.95,10000,0.32
ligue2,1995,usldunkerque,2407.10,7000,0.34
ligue2,1996,amienssc,3576.05,5404,0.66
ligue2,1996,asbeauvaisoise,2469.48,5395,0.46
ligue2,1996,asredstar93,2115.57,6848,0.31
ligue2,1996,assaintetienne,8267.71,12000,0.69
ligue2,1996,associationsportivedoriginearmeniennedevalence,1674.00,7000,0.24
ligue2,1996,associationtroyesaubechampagne,4579.48,7000,0.65
ligue2,1996,chamoisniortaisfc,4080.86,9000,0.45
ligue2,1996,cslouhanscuiseaux71,1706.52,4000,0.43
ligue2,1996,fcgueugnon,2849.71,5289,0.54
ligue2,1996,fclorient,2543.05,4254,0.60
ligue2,1996,fcmartigues,2015.57,5514,0.37
ligue2,1996,fcmulhousesudalsace,2619.29,5355,0.49
ligue2,1996,fcsochauxmontbeliard,4157.05,7500,0.55
ligue2,1996,fctoulouse,7741.33,11977,0.65
ligue2,1996,lbchateauroux,4616.57,7785,0.59
ligue2,1996,lemansunionclub72,3201.81,6896,0.46
ligue2,1996,olympiquecharlevilleneufmanilaiglemont,1961.52,4087,0.48
ligue2,1996,perpignanfc,2628.62,4585,0.57
ligue2,1996,sasepinal,1589.67,2270,0.70
ligue2,1996,sportingclubdetoulon83,2879.90,4470,0.64
ligue2,1996,stadebriochin,3646.38,6229,0.59
ligue2,1996,stadelavallois,4097.10,6513,0.63
ligue2,1997,amienssc,3762.00,4917,0.77
ligue2,1997,asbeauvaisoise,2662.71,4590,0.58
ligue2,1997,asnancylorraine,6172.76,17000,0.36
ligue2,1997,asredstar93,2071.38,3937,0.53
ligue2,1997,assaintetienne,7859.48,27455,0.29
ligue2,1997,associationsportivedoriginearmeniennedevalence,3912.95,9881,0.40
ligue2,1997,associationtroyesaubechampagne,5298.52,7948,0.67
ligue2,1997,chamoisniortaisfc,3746.67,8000,0.47
ligue2,1997,cslouhanscuiseaux71,1917.48,3144,0.61
ligue2,1997,fcgueugnon,2861.24,4777,0.60
ligue2,1997,fclorient,7167.95,10000,0.72
ligue2,1997,fcmartigues,1768.00,2496,0.71
ligue2,1997,fcmulhousesudalsace,2589.00,6216,0.42
ligue2,1997,fcsochauxmontbeliard,4299.86,6500,0.66
ligue2,1997,lemansunionclub72,3459.10,5321,0.65
ligue2,1997,losclille,8302.00,13106,0.63
ligue2,1997,nimesolympique,4881.57,9529,0.51
ligue2,1997,ogcnice,3851.43,5764,0.67
ligue2,1997,smcaen,8138.52,13154,0.62
ligue2,1997,sportingclubdetoulon83,2283.19,3446,0.66
ligue2,1997,stadelavallois,3912.00,6764,0.58
ligue2,1997,wasquehalfootball,2299.00,10000,0.23
ligue2,1998,acajaccio,1747.68,3090,0.57
ligue2,1998,amienssc,3519.84,5270,0.67
ligue2,1998,asbeauvaisoise,4656.00,7902,0.59
ligue2,1998,ascannes,2806.79,4180,0.67
ligue2,1998,asredstar93,4251.79,48023,0.09
ligue2,1998,assaintetienne,23054.11,35350,0.65
ligue2,1998,associationsportivedoriginearmeniennedevalence,3610.53,12829,0.28
ligue2,1998,associationtroyesaubechampagne,5830.11,8009,0.73
ligue2,1998,chamoisniortaisfc,3985.32,8450,0.47
ligue2,1998,cssedanardennes,6221.00,13364,0.47
ligue2,1998,eaguingamp,7253.53,11492,0.63
ligue2,1998,fcgueugnon,3144.11,8509,0.37
ligue2,1998,lbchateauroux,7884.53,14347,0.55
ligue2,1998,lemansunionclub72,4289.00,9102,0.47
ligue2,1998,losclille,8271.47,15497,0.53
ligue2,1998,nimesolympique,3908.89,6652,0.59
ligue2,1998,ogcnice,3540.11,7827,0.45
ligue2,1998,smcaen,10833.42,13176,0.82
ligue2,1998,stadelavallois,4961.74,8960,0.55
ligue2,1998,wasquehalfootball,2157.42,9341,0.23
ligue2,1999,acajaccio,1392.68,2654,0.52
ligue2,1999,amienssc,7716.16,9765,0.79
ligue2,1999,ascannes,2434.21,3724,0.65
ligue2,1999,associationsportivedoriginearmeniennedevalence,3259.63,5924,0.55
ligue2,1999,chamoisniortaisfc,4359.74,9801,0.44
ligue2,1999,cslouhanscuiseaux71,1668.26,3274,0.51
ligue2,1999,eaguingamp,8833.26,16433,0.54
ligue2,1999,fcgueugnon,3630.63,5533,0.66
ligue2,1999,fclorient,7455.74,10681,0.70
ligue2,1999,fcsochauxmontbeliard,7325.79,11370,0.64
ligue2,1999,fctoulouse,10819.68,27227,0.40
ligue2,1999,lbchateauroux,6181.32,8022,0.77
ligue2,1999,lemansunionclub72,4786.79,6596,0.73
ligue2,1999,losclille,12200.00,15400,0.79
ligue2,1999,nimesolympique,5165.05,7114,0.73
ligue2,1999,ogcnice,4745.21,8092,0.59
ligue2,1999,smcaen,12139.05,19105,0.64
ligue2,1999,unionsportivecreteil,2308.63,5180,0.45
ligue2,1999,wasquehalfootball,2190.00,12990,0.17
ligue2,2000,acajaccio,1237.11,1759,0.70
ligue2,2000,angerssco,3661.47,6346,0.58
ligue2,2000,asbeauvaisoise,2799.37,3914,0.72
ligue2,2000,ascannes,2161.68,3812,0.57
ligue2,2000,asnancylorraine,6940.63,16693,0.42
ligue2,2000,chamoisniortaisfc,4683.37,10697,0.44
ligue2,2000,fcgueugnon,3077.79,3970,0.78
ligue2,2000,fclorient,6980.32,13085,0.53
ligue2,2000,fcmartigues,1418.53,2043,0.69
ligue2,2000,fcsochauxmontbeliard,12355.37,19345,0.64
ligue2,2000,lbchateauroux,6333.16,8099,0.78
ligue2,2000,lehavreac,8591.42,12060,0.71
ligue2,2000,lemansunionclub72,4241.47,7139,0.59
ligue2,2000,montpellierhsc,9041.95,16761,0.54
ligue2,2000,nimesolympique,5328.21,16400,0.32
ligue2,2000,ogcnice,3393.63,5587,0.61
ligue2,2000,smcaen,10642.84,15694,0.68
ligue2,2000,stadelavallois,4760.89,9007,0.53
ligue2,2000,unionsportivecreteil,2220.37,3401,0.65
ligue2,2000,wasquehalfootball,1414.47,2961,0.48
ligue2,2001,acajaccio,2656.58,4563,0.58
ligue2,2001,amienssc,8044.53,10858,0.74
ligue2,2001,asbeauvaisoise,3943.11,7979,0.49
ligue2,2001,asnancylorraine,4846.89,10678,0.45
ligue2,2001,assaintetienne,15872.58,20442,0.78
ligue2,2001,chamoisniortaisfc,4082.74,10072,0.41
ligue2,2001,fcgueugnon,3345.95,6194,0.54
ligue2,2001,fcistresvillenouvelle,1020.58,1756,0.58
ligue2,2001,fcmartigues,1534.84,2918,0.53
ligue2,2001,grenoblefoot38,5045.63,10131,0.50
ligue2,2001,lbchateauroux,6211.11,10225,0.61
ligue2,2001,lehavreac,9035.00,13831,0.65
ligue2,2001,lemansunionclub72,4364.21,10920,0.40
ligue2,2001,nimesolympique,4151.68,6425,0.65
ligue2,2001,ogcnice,6607.16,14440,0.46
ligue2,2001,rcstrasbourgalsace,9450.42,23770,0.40
ligue2,2001,smcaen,11187.21,17576,0.64
ligue2,2001,stadelavallois,3800.58,7772,0.49
ligue2,2001,unionsportivecreteil,2044.05,6325,0.32
ligue2,2001,wasquehalfootball,1730.53,5807,0.30
ligue2,2002,amienssc,6910.89,9635,0.72
ligue2,2002,asbeauvaisoise,3276.53,6362,0.52
ligue2,2002,asnancylorraine,5598.42,17870,0.31
ligue2,2002,assaintetienne,14934.16,20089,0.74
ligue2,2002,associationsportivedoriginearmeniennedevalence,3596.05,12129,0.30
ligue2,2002,chamoisniortaisfc,4319.21,10520,0.41
ligue2,2002,clermontfootauvergne,6346.89,9405,0.67
ligue2,2002,fcgueugnon,3090.37,6363,0.49
ligue2,2002,fcistresvillenouvelle,1684.53,1998,0.84
ligue2,2002,fclorient,7718.63,11141,0.69
ligue2,2002,fcmetz,13115.37,25913,0.51
ligue2,2002,fctoulouse,10232.00,22555,0.45
ligue2,2002,grenoblefoot38,5133.21,10017,0.51
ligue2,2002,lbchateauroux,7214.84,11596,0.62
ligue2,2002,lemansunionclub72,7360.42,12389,0.59
ligue2,2002,smcaen,9604.26,14853,0.65
ligue2,2002,stadelavallois,3464.42,6891,0.50
ligue2,2002,stadereims,5711.58,7318,0.78
ligue2,2002,uscreteillusitanos,2148.32,4972,0.43
ligue2,2002,wasquehalfootball,1525.47,2990,0.51
ligue2,2003,amienssc,7842.58,11561,0.68
ligue2,2003,angerssco,5409.37,14253,0.38
ligue2,2003,asnancylorraine,6317.74,19790,0.32
ligue2,2003,assaintetienne,21898.26,34797,0.63
ligue2,2003,associationsportivedoriginearmeniennedevalence,2888.26,10298,0.28
ligue2,2003,besanconracingclub,3572.58,8168,0.44
ligue2,2003,chamoisniortaisfc,4467.32,9619,0.46
ligue2,2003,clermontfootauvergne,6156.37,10562,0.58
ligue2,2003,cssedanardennes,9909.89,12716,0.78
ligue2,2003,estactroyes,6260.42,7667,0.82
ligue2,2003,fcgueugnon,3873.68,6294,0.62
ligue2,2003,fcistresvillenouvelle,2102.63,3241,0.65
ligue2,2003,fclorient,7951.47,12792,0.62
ligue2,2003,fcrouen1899,5999.00,10743,0.56
ligue2,2003,grenoblefoot38,5202.89,10057,0.52
ligue2,2003,lbchateauroux,6539.95,8942,0.73
ligue2,2003,lehavreac,8227.16,15582,0.53
ligue2,2003,smcaen,12635.53,20495,0.62
ligue2,2003,stadelavallois,3846.00,7072,0.54
ligue2,2003,uscreteillusitanos,1985.05,5693,0.35
ligue2,2004,amienssc,7124.53,11152,0.64
ligue2,2004,angerssco,4693.21,8145,0.58
ligue2,2004,asnancylorraine,12081.05,18065,0.67
ligue2,2004,chamoisniortaisfc,4447.32,7508,0.59
ligue2,2004,clermontfootauvergne,5044.95,6600,0.76
ligue2,2004,cssedanardennes,9716.53,18628,0.52
ligue2,2004,dijonfco,4799.37,6704,0.72
ligue2,2004,eaguingamp,10568.37,16669,0.63
ligue2,2004,estactroyes,8762.32,18177,0.48
ligue2,2004,fcgueugnon,3741.79,6401,0.58
ligue2,2004,fclorient,8247.58,14255,0.58
ligue2,2004,grenoblefoot38,5063.16,7093,0.71
ligue2,2004,lbchateauroux,6669.47,10627,0.63
ligue2,2004,lehavreac,7388.79,13106,0.56
ligue2,2004,lemansunionclub72,7489.63,11274,0.66
ligue2,2004,montpellierhsc,6644.63,16303,0.41
ligue2,2004,stadebrestois29,7339.79,9773,0.75
ligue2,2004,stadelavallois,4710.00,6973,0.68
ligue2,2004,stadereims,5800.42,8003,0.72
ligue2,2004,uscreteillusitanos,1862.26,2336,0.80
ligue2,2005,amienssc,7553.32,10788,0.70
ligue2,2005,clermontfootauvergne,5027.05,8446,0.60
ligue2,2005,cssedanardennes,11464.74,23130,0.50
ligue2,2005,dijonfco,4790.84,7461,0.64
ligue2,2005,eaguingamp,9347.32,15592,0.60
ligue2,2005,fcgueugnon,4102.68,7038,0.58
ligue2,2005,fcistresouestprovence,3412.95,3978,0.86
ligue2,2005,fclorient,8652.79,14863,0.58
ligue2,2005,fcsete34,2295.53,5590,0.41
ligue2,2005,grenoblefoot38,5811.11,6374,0.91
ligue2,2005,lbchateauroux,6951.79,10766,0.65
ligue2,2005,lehavreac,8789.37,12715,0.69
ligue2,2005,montpellierhsc,5891.79,10860,0.54
ligue2,2005,scbastia,4453.21,10254,0.43
ligue2,2005,smcaen,12866.32,20376,0.63
ligue2,2005,stadebrestois29,6167.11,8290,0.74
ligue2,2005,stadelavallois,4691.79,7882,0.60
ligue2,2005,stadereims,5128.05,6888,0.74
ligue2,2005,uscreteillusitanos,3999.58,6266,0.64
ligue2,2005,valenciennesfc,8609.95,11283,0.76
ligue2,2006,acajaccio,2265.00,5246,0.43
ligue2,2006,amienssc,7841.26,11305,0.69
ligue2,2006,chamoisniortaisfc,4796.16,9053,0.53
ligue2,2006,dijonfco,5149.89,7049,0.73
ligue2,2006,eaguingamp,8899.11,11863,0.75
ligue2,2006,fcgueugnon,3409.21,6947,0.49
ligue2,2006,fcistresouestprovence,4004.05,5961,0.67
ligue2,2006,fclibournesaintseurin,2338.26,4073,0.57
ligue2,2006,fcmetz,12287.79,22680,0.54
ligue2,2006,lbchateauroux,6842.42,11175,0.61
ligue2,2006,lehavreac,10194.11,14786,0.69
ligue2,2006,montpellierhsc,7058.00,18403,0.38
ligue2,2006,rcstrasbourgalsace,15569.79,27102,0.57
ligue2,2006,scbastia,3300.21,5352,0.62
ligue2,2006,smcaen,16202.89,20886,0.78
ligue2,2006,stadebrestois29,5961.63,9508,0.63
ligue2,2006,stadereims,6484.05,8678,0.75
ligue2,2006,toursfc,4379.37,7675,0.57
ligue2,2006,uscreteillusitanos,3512.74,5591,0.63
ligue2,2007,acajaccio,2218.68,4353,0.51
ligue2,2007,amienssc,9427.32,11272,0.84
ligue2,2007,angerssco,6974.00,14100,0.49
ligue2,2007,chamoisniortaisfc,5358.47,9329,0.57
ligue2,2007,clermontfootauvergne63,5368.84,9552,0.56
ligue2,2007,cssedanardennes,9590.16,14840,0.65
ligue2,2007,dijonfco,4830.42,7252,0.67
ligue2,2007,eaguingamp,9059.89,10718,0.85
ligue2,2007,estactroyes,10110.37,18058,0.56
ligue2,2007,fcgueugnon,2832.11,3940,0.72
ligue2,2007,fclibournesaintseurin,2607.95,3385,0.77
ligue2,2007,fcnantes,22771.63,31370,0.73
ligue2,2007,grenoblefoot38,9995.79,19247,0.52
ligue2,2007,lbchateauroux,6520.84,10277,0.63
ligue2,2007,lehavreac,11632.47,15896,0.73
ligue2,2007,montpellierhsc,7247.11,12607,0.57
ligue2,2007,scbastia,2763.32,4465,0.62
ligue2,2007,stadebrestois29,5755.26,9088,0.63
ligue2,2007,stadereims,6862.53,8965,0.77
ligue2,2007,usboulogne,5180.53,7639,0.68
ligue2,2008,acajaccio,2322.95,4556,0.51
ligue2,2008,amienssc,9368.89,11859,0.79
ligue2,2008,angerssco,7398.58,14015,0.53
ligue2,2008,clermontfootauvergne63,5289.53,8034,0.66
ligue2,2008,cssedanardennes,8769.84,15808,0.55
ligue2,2008,dijonfco,4008.79,9111,0.44
ligue2,2008,eaguingamp,9385.53,15529,0.60
ligue2,2008,estactroyes,9810.00,17329,0.57
ligue2,2008,fcmetz,9665.21,17127,0.56
ligue2,2008,lbchateauroux,6316.26,9735,0.65
ligue2,2008,montpellierhsc,9401.58,27481,0.34
ligue2,2008,nimesolympique,9306.47,17495,0.53
ligue2,2008,rclens,29842.21,40032,0.75
ligue2,2008,rcstrasbourgalsace,14193.32,23039,0.62
ligue2,2008,scbastia,2761.32,4275,0.65
ligue2,2008,stadebrestois29,6334.47,8636,0.73
ligue2,2008,stadereims,11531.26,19995,0.58
ligue2,2008,toursfc,6898.21,12696,0.54
ligue2,2008,usboulogne,5767.21,8688,0.66
ligue2,2008,vannesoc,3624.11,7014,0.52
ligue2,2009,acajaccio,2328.16,4654,0.50
ligue2,2009,acarlesavignon,4132.26,7833,0.53
ligue2,2009,angerssco,6591.05,12422,0.53
ligue2,2009,clermontfootauvergne63,4429.84,8101,0.55
ligue2,2009,cssedanardennes,8984.21,18149,0.50
ligue2,2009,dijonfco,5420.53,7456,0.73
ligue2,2009,eaguingamp,10780.63,16801,0.64
ligue2,2009,fcistresouestprovence,2235.42,3058,0.73
ligue2,2009,fcmetz,11232.11,26353,0.43
ligue2,2009,fcnantes,15814.32,23104,0.68
ligue2,2009,lbchateauroux,6407.84,11109,0.58
ligue2,2009,lehavreac,8069.63,10274,0.79
ligue2,2009,nimesolympique,8265.95,12287,0.67
ligue2,2009,rcstrasbourgalsace,11328.79,16814,0.67
ligue2,2009,scbastia,3006.89,5682,0.53
ligue2,2009,smcaen,13199.21,19481,0.68
ligue2,2009,stadebrestois29,7702.11,10058,0.77
ligue2,2009,stadelavallois,6679.26,10448,0.64
ligue2,2009,toursfc,5639.37,11496,0.49
ligue2,2009,vannesoc,4291.05,8540,0.50
ligue2,2010,acajaccio,3438.89,4555,0.75
ligue2,2010,angerssco,6484.68,10576,0.61
ligue2,2010,clermontfootauvergne63,4179.95,6438,0.65
ligue2,2010,cssedanardennes,9016.47,19199,0.47
ligue2,2010,dijonfco,7340.58,14405,0.51
ligue2,2010,estactroyes,9368.42,17093,0.55
ligue2,2010,fcevianthonongaillard,5554.58,12298,0.45
ligue2,2010,fcistresouestprovence,1873.74,2784,0.67
ligue2,2010,fcmetz,9032.42,24482,0.37
ligue2,2010,fcnantes,11439.37,17400,0.66
ligue2,2010,grenoblefoot38,5117.32,6370,0.80
ligue2,2010,lbchateauroux,6141.84,9096,0.68
ligue2,2010,lehavreac,7296.42,9012,0.81
ligue2,2010,lemansfc,10318.42,24375,0.42
ligue2,2010,nimesolympique,6474.05,7567,0.86
ligue2,2010,stadelavallois,5653.68,8395,0.67
ligue2,2010,stadereims,8940.21,17037,0.52
ligue2,2010,toursfc,6108.63,10052,0.61
ligue2,2010,usboulogne,8809.84,12726,0.69
ligue2,2010,vannesoc,3776.89,6215,0.61
ligue2,2011,acarlesavignon,2799.05,4914,0.57
ligue2,2011,amienssc,9573.37,11805,0.81
ligue2,2011,angerssco,6953.42,10443,0.67
ligue2,2011,asmonaco,4601.68,6596,0.70
ligue2,2011,clermontfootauvergne63,5505.11,9814,0.56
ligue2,2011,cssedanardennes,7816.16,11778,0.66
ligue2,2011,eaguingamp,9469.32,15683,0.60
ligue2,2011,estactroyes,10784.74,20346,0.53
ligue2,2011,fcistresouestprovence,2458.26,5280,0.47
ligue2,2011,fcmetz,9412.68,13733,0.69
ligue2,2011,fcnantes,13418.58,28746,0.47
ligue2,2011,lbchateauroux,6148.79,7761,0.79
ligue2,2011,lehavreac,8041.74,16026,0.50
ligue2,2011,lemansfc,8190.26,16083,0.51
ligue2,2011,rclens,21768.84,30961,0.70
ligue2,2011,scbastia,9914.79,14101,0.70
ligue2,2011,stadelavallois,5814.89,8663,0.67
ligue2,2011,stadereims,12851.74,20621,0.62
ligue2,2011,toursfc,5371.21,7734,0.69
ligue2,2011,usboulogne,8221.84,10478,0.78
ligue2,2012,acarlesavignon,2353.95,3711,0.63
ligue2,2012,ajauxerre,5877.47,9156,0.64
ligue2,2012,angerssco,8384.95,16931,0.50
ligue2,2012,asmonaco,5294.47,8058,0.66
ligue2,2012,chamoisniortaisfc,4943.05,8485,0.58
ligue2,2012,clermontfootauvergne63,4075.37,6815,0.60
ligue2,2012,cssedanardennes,5260.32,6802,0.77
ligue2,2012,dijonfco,8707.89,12126,0.72
ligue2,2012,eaguingamp,9526.32,18208,0.52
ligue2,2012,fcistresouestprovence,2339.89,3628,0.64
ligue2,2012,fcnantes,18671.42,36967,0.51
ligue2,2012,gfcoajaccio,1914.16,3645,0.53
ligue2,2012,lbchateauroux,5569.47,7130,0.78
ligue2,2012,lehavreac,8518.26,15552,0.55
ligue2,2012,lemansfc,7763.89,21373,0.36
ligue2,2012,nimesolympique,5641.42,7928,0.71
ligue2,2012,rclens,16179.16,26727,0.61
ligue2,2012,smcaen,10128.58,19751,0.51
ligue2,2012,stadelavallois,4736.16,7698,0.62
ligue2,2012,toursfc,4301.26,11912,0.36
ligue2,2013,acarlesavignon,2179.84,3248,0.67
ligue2,2013,ajauxerre,5638.63,12088,0.47
ligue2,2013,angerssco,8264.79,12487,0.66
ligue2,2013,asnancylorraine,14678.00,19028,0.77
ligue2,2013,cabastia2017,1461.21,3386,0.43
ligue2,2013,chamoisniortaisfc,5074.53,7058,0.72
ligue2,2013,clermontfoot63,3827.95,6825,0.56
ligue2,2013,dijonfco,8272.26,10869,0.76
ligue2,2013,estactroyes,10028.74,17565,0.57
ligue2,2013,fcistresouestprovence,2262.37,3513,0.64
ligue2,2013,fcmetz,13897.53,23506,0.59
ligue2,2013,lbchateauroux,5658.53,13548,0.42
ligue2,2013,lehavreac,7456.74,14325,0.52
ligue2,2013,nimesolympique,5733.32,11711,0.49
ligue2,2013,rclens,31016.47,40740,0.76
ligue2,2013,smcaen,10794.47,20027,0.54
ligue2,2013,stadebrestois29,7608.53,9648,0.79
ligue2,2013,stadelavallois,5549.63,12840,0.43
ligue2,2013,toursfc,6181.26,13035,0.47
ligue2,2013,uscreteillusitanos,2605.42,5457,0.48
ligue2,2014,acajaccio,4182.47,6525,0.64
ligue2,2014,acarlesavignon,1397.26,1995,0.70
ligue2,2014,ajauxerre,6077.05,7870,0.77
ligue2,2014,angerssco,8623.05,16872,0.51
ligue2,2014,asnancylorraine,14919.00,19527,0.76
ligue2,2014,chamoisniortaisfc,4664.47,7442,0.63
ligue2,2014,clermontfoot63,3099.16,5100,0.61
ligue2,2014,dijonfco,8708.58,12036,0.72
ligue2,2014,estactroyes,9659.21,20136,0.48
ligue2,2014,fcsochauxmontbeliard,9289.74,16301,0.57
ligue2,2014,gfcoajaccio,2256.63,3007,0.75
ligue2,2014,lbchateauroux,4975.16,6175,0.81
ligue2,2014,lehavreac,7269.68,11966,0.61
ligue2,2014,nimesolympique,5027.16,7624,0.66
ligue2,2014,stadebrestois29,7557.11,10061,0.75
ligue2,2014,stadelavallois,5582.11,7360,0.76
ligue2,2014,toursfc,5129.47,7389,0.69
ligue2,2014,uscreteillusitanos,2432.89,3707,0.66
ligue2,2014,usorleans,4003.26,4565,0.88
ligue2,2014,valenciennesfc,8127.11,19308,0.42
ligue2,2015,acajaccio,3325.21,3522,0.94
ligue2,2015,ajauxerre,5380.84,9621,0.56
ligue2,2015,asnancylorraine,15108.05,19640,0.77
ligue2,2015,chamoisniortaisfc,3802.53,5612,0.68
ligue2,2015,clermontfoot63,3755.00,6043,0.62
ligue2,2015,dijonfco,8094.68,10698,0.76
ligue2,2015,fcevianthonongaillard,4015.47,6283,0.64
ligue2,2015,fcmetz,13268.74,25003,0.53
ligue2,2015,fcsochauxmontbeliard,8942.21,15634,0.57
ligue2,2015,footballbourgenbresseperonnas01,2112.16,3884,0.54
ligue2,2015,lehavreac,7611.00,14507,0.52
ligue2,2015,nimesolympique,6896.47,14878,0.46
ligue2,2015,parisfc,3265.89,7004,0.47
ligue2,2015,rclens,26288.26,36254,0.73
ligue2,2015,redstarfc,1916.26,6113,0.31
ligue2,2015,stadebrestois29,6887.32,12494,0.55
ligue2,2015,stadelavallois,5444.16,9684,0.56
ligue2,2015,toursfc,4968.53,6829,0.73
ligue2,2015,uscreteillusitanos,2272.37,3426,0.66
ligue2,2015,valenciennesfc,8804.79,16582,0.53
ligue2,2022,amienssc,7560.89,12300,0.61
ligue2,2022,assaintetienne,22217.05,39873,0.56
ligue2,2022,chamoisniortaisfc,2576.21,5446,0.47
ligue2,2022,dijonfco,7539.68,14210,0.53
ligue2,2022,eaguingamp,8839.21,12885,0.69
ligue2,2022,fcannecy,6847.47,12705,0.54
ligue2,2022,fcgbordeaux,21810.42,41591,0.52
ligue2,2022,fcmetz,15571.89,26661,0.58
ligue2,2022,fcsochauxmontbeliard,11999.79,19205,0.62
ligue2,2022,grenoblefoot38,5640.32,14792,0.38
ligue2,2022,lehavreac,12503.84,23561,0.53
ligue2,2022,nimesolympique,2774.42,9462,0.29
ligue2,2022,parisfc,4030.00,10727,0.38
ligue2,2022,paufc,3111.74,3821,0.81
ligue2,2022,quevillyrouenmetropole,3824.11,7963,0.48
ligue2,2022,rodezaf,2220.05,3263,0.68
ligue2,2022,scbastia,10024.63,12529,0.80
ligue2,2022,smcaen,13993.11,19686,0.71
ligue2,2022,stadelavallois,7123.26,8968,0.79
ligue2,2022,valenciennesfc,7928.16,21790,0.36
premierleague,1992,astonvillafc,29593.90,39063,0.76
premierleague,1992,blackburnrovers,16247.95,20305,0.80
premierleague,1992,chelseafc,18754.19,34464,0.54
premierleague,1992,coventrycity,14995.10,24429,0.61
premierleague,1992,crystalpalacefc,15726.24,30115,0.52
premierleague,1992,fcarsenal,24403.14,29739,0.82
premierleague,1992,fceverton,20456.57,35826,0.57
premierleague,1992,fcliverpool,37009.19,44619,0.83
premierleague,1992,fcmiddlesbrough,16723.76,24172,0.69
premierleague,1992,fcsouthampton,15148.48,19654,0.77
premierleague,1992,ipswichtownfc,18184.90,22093,0.82
premierleague,1992,leedsunitedfc,29228.48,34166,0.86
premierleague,1992,manchestercityfc,24697.86,37136,0.67
premierleague,1992,manchesterunitedfc,35131.81,40447,0.87
premierleague,1992,norwichcity,16453.24,20610,0.80
premierleague,1992,nottinghamforest,21909.86,26752,0.82
premierleague,1992,oldhamathletic,12859.14,17106,0.75
premierleague,1992,queensparkrangers,15001.67,21117,0.71
premierleague,1992,sheffieldunited,18801.24,30039,0.63
premierleague,1992,sheffieldwednesday,27263.52,38688,0.70
premierleague,1992,tottenhamhotspur,27877.62,33707,0.83
premierleague,1992,wimbledonfc2004,8405.00,30115,0.28
premierleague,1993,astonvillafc,28969.71,45347,0.64
premierleague,1993,blackburnrovers,17414.14,21462,0.81
premierleague,1993,chelseafc,19211.14,37064,0.52
premierleague,1993,coventrycity,13563.71,17020,0.80
premierleague,1993,fcarsenal,30492.05,36203,0.84
premierleague,1993,fceverton,22911.71,38157,0.60
premierleague,1993,fcliverpool,38503.48,44601,0.86
premierleague,1993,fcsouthampton,14778.00,19300,0.77
premierleague,1993,ipswichtownfc,16410.57,22559,0.73
premierleague,1993,leedsunitedfc,34506.19,41125,0.84
premierleague,1993,manchestercityfc,26334.14,35155,0.75
premierleague,1993,manchesterunitedfc,44244.43,44751,0.99
premierleague,1993,newcastleunited,33791.95,36388,0.93
premierleague,1993,norwichcity,18178.76,21181,0.86
premierleague,1993,oldhamathletic,12568.52,16708,0.75
premierleague,1993,queensparkrangers,14132.95,21267,0.66
premierleague,1993,sheffieldunited,19455.62,30044,0.65
premierleague,1993,sheffieldwednesday,27186.67,34959,0.78
premierleague,1993,swindontownfc,15034.95,18102,0.83
premierleague,1993,tottenhamhotspur,27255.19,33130,0.82
premierleague,1993,westhamunited,20831.00,28832,0.72
premierleague,1993,wimbledonfc2004,10461.81,28553,0.37
premierleague,1994,astonvillafc,29756.24,40154,0.74
premierleague,1994,blackburnrovers,25271.86,30545,0.83
premierleague,1994,chelseafc,21062.38,31161,0.68
premierleague,1994,coventrycity,15979.81,21885,0.73
premierleague,1994,crystalpalacefc,14816.10,18224,0.81
premierleague,1994,fcarsenal,35353.33,38377,0.92
premierleague,1994,fceverton,31369.19,40011,0.78
premierleague,1994,fcliverpool,34175.81,40014,0.85
premierleague,1994,fcsouthampton,14689.24,15210,0.97
premierleague,1994,ipswichtownfc,16894.86,22559,0.75
premierleague,1994,leedsunitedfc,32993.19,39426,0.84
premierleague,1994,leicestercityfc,19532.00,21393,0.91
premierleague,1994,manchestercityfc,22674.19,27850,0.81
premierleague,1994,manchesterunitedfc,43201.33,43868,0.98
premierleague,1994,newcastleunited,34694.05,35626,0.97
premierleague,1994,norwichcity,18624.95,21843,0.85
premierleague,1994,nottinghamforest,23632.76,28882,0.82
premierleague,1994,queensparkrangers,14587.38,18948,0.77
premierleague,1994,sheffieldwednesday,26586.57,34051,0.78
premierleague,1994,tottenhamhotspur,27068.38,33040,0.82
premierleague,1994,westhamunited,20205.76,24783,0.82
premierleague,1994,wimbledonfc2004,10206.00,18224,0.56
premierleague,1995,astonvillafc,32613.68,39336,0.83
premierleague,1995,blackburnrovers,27713.89,30895,0.90
premierleague,1995,boltonwanderers,18822.37,21381,0.88
premierleague,1995,chelseafc,25597.95,31137,0.82
premierleague,1995,coventrycity,18527.58,23400,0.79
premierleague,1995,fcarsenal,37568.26,38323,0.98
premierleague,1995,fceverton,35427.11,40127,0.88
premierleague,1995,fcliverpool,39552.68,40820,0.97
premierleague,1995,fcmiddlesbrough,29256.79,30011,0.97
premierleague,1995,fcsouthampton,14821.79,15262,0.97
premierleague,1995,leedsunitedfc,32628.74,39801,0.82
premierleague,1995,manchestercityfc,27941.32,31436,0.89
premierleague,1995,manchesterunitedfc,41681.05,53926,0.77
premierleague,1995,newcastleunited,36506.11,36589,1.00
premierleague,1995,nottinghamforest,25915.53,29263,0.89
premierleague,1995,queensparkrangers,15672.37,18828,0.83
premierleague,1995,sheffieldwednesday,24877.11,34101,0.73
premierleague,1995,tottenhamhotspur,30548.32,32918,0.93
premierleague,1995,westhamunited,22316.58,24324,0.92
premierleague,1995,wimbledonfc2004,13243.16,25380,0.52
premierleague,1996,afcsunderland,20959.32,22512,0.93
premierleague,1996,astonvillafc,36027.37,39339,0.92
premierleague,1996,blackburnrovers,24946.84,30476,0.82
premierleague,1996,chelseafc,27616.95,28418,0.97
premierleague,1996,coventrycity,19608.42,23085,0.85
premierleague,1996,derbycounty,17888.68,18287,0.98
premierleague,1996,fcarsenal,37821.21,38264,0.99
premierleague,1996,fceverton,36188.00,40177,0.90
premierleague,1996,fcliverpool,39776.68,40892,0.97
premierleague,1996,fcmiddlesbrough,29870.58,30215,0.99
premierleague,1996,fcsouthampton,15104.53,15253,0.99
premierleague,1996,leedsunitedfc,32117.63,39981,0.80
premierleague,1996,leicestercityfc,20183.68,21134,0.96
premierleague,1996,manchesterunitedfc,55081.42,55314,1.00
premierleague,1996,newcastleunited,36466.16,36582,1.00
premierleague,1996,nottinghamforest,24586.89,29181,0.84
premierleague,1996,sheffieldwednesday,25713.95,38943,0.66
premierleague,1996,tottenhamhotspur,31067.16,33040,0.94
premierleague,1996,westhamunited,23209.00,25064,0.93
premierleague,1996,wimbledonfc2004,15138.79,25786,0.59
premierleague,1997,astonvillafc,36136.16,39372,0.92
premierleague,1997,barnsleyfc,18442.74,18694,0.99
premierleague,1997,blackburnrovers,25252.84,30547,0.83
premierleague,1997,boltonwanderers,24352.26,25000,0.97
premierleague,1997,chelseafc,33387.21,34845,0.96
premierleague,1997,coventrycity,19722.21,23054,0.86
premierleague,1997,crystalpalacefc,21982.79,26186,0.84
premierleague,1997,derbycounty,29104.58,30492,0.95
premierleague,1997,fcarsenal,38053.11,38269,0.99
premierleague,1997,fceverton,35354.74,40112,0.88
premierleague,1997,fcliverpool,40628.26,44532,0.91
premierleague,1997,fcsouthampton,15159.00,15255,0.99
premierleague,1997,leedsunitedfc,34640.79,39952,0.87
premierleague,1997,leicestercityfc,20615.21,21699,0.95
premierleague,1997,manchesterunitedfc,55164.47,55306,1.00
premierleague,1997,newcastleunited,36671.68,36783,1.00
premierleague,1997,sheffieldwednesday,28706.47,39427,0.73
premierleague,1997,tottenhamhotspur,29143.74,35995,0.81
premierleague,1997,westhamunited,25075.16,25909,0.97
premierleague,1997,wimbledonfc2004,16665.89,26309,0.63
premierleague,1998,astonvillafc,36936.58,39241,0.94
premierleague,1998,blackburnrovers,25761.00,30436,0.85
premierleague,1998,charltonathletic,19823.00,20046,0.99
premierleague,1998,chelseafc,34751.37,35016,0.99
premierleague,1998,coventrycity,20778.47,23098,0.90
premierleague,1998,derbycounty,29194.63,32913,0.89
premierleague,1998,fcarsenal,38023.68,38308,0.99
premierleague,1998,fceverton,36202.95,40185,0.90
premierleague,1998,fcliverpool,43321.32,44852,0.97
premierleague,1998,fcmiddlesbrough,34389.11,34687,0.99
premierleague,1998,fcsouthampton,15139.63,15255,0.99
premierleague,1998,leedsunitedfc,35839.79,40255,0.89
premierleague,1998,leicestercityfc,20483.16,22091,0.93
premierleague,1998,manchesterunitedfc,55188.42,55316,1.00
premierleague,1998,newcastleunited,36663.53,36775,1.00
premierleague,1998,nottinghamforest,24415.47,30025,0.81
premierleague,1998,sheffieldwednesday,26745.32,39475,0.68
premierleague,1998,tottenhamhotspur,34174.05,36521,0.94
premierleague,1998,westhamunited,25684.00,26044,0.99
premierleague,1998,wimbledonfc2004,18235.16,26121,0.70
premierleague,1999,afcsunderland,41375.32,42192,0.98
premierleague,1999,astonvillafc,31696.68,39217,0.81
premierleague,1999,bradfordcityafc,18025.37,18286,0.99
premierleague,1999,chelseafc,34532.11,35113,0.98
premierleague,1999,coventrycity,20808.89,23098,0.90
premierleague,1999,derbycounty,29351.47,33378,0.88
premierleague,1999,fcarsenal,38033.16,38147,1.00
premierleague,1999,fceverton,34880.42,40052,0.87
premierleague,1999,fcliverpool,44073.79,44929,0.98
premierleague,1999,fcmiddlesbrough,33393.37,34800,0.96
premierleague,1999,fcsouthampton,15131.00,15257,0.99
premierleague,1999,fcwatford,18544.11,21590,0.86
premierleague,1999,leedsunitedfc,39154.84,40192,0.97
premierleague,1999,leicestercityfc,19827.37,22170,0.89
premierleague,1999,manchesterunitedfc,58014.16,61629,0.94
premierleague,1999,newcastleunited,36355.37,37376,0.97
premierleague,1999,sheffieldwednesday,24855.42,39640,0.63
premierleague,1999,tottenhamhotspur,34911.63,36233,0.96
premierleague,1999,westhamunited,25093.11,26044,0.96
premierleague,1999,wimbledonfc2004,17156.53,26129,0.66
premierleague,2000,afcsunderland,46790.84,48285,0.97
premierleague,2000,astonvillafc,31470.16,41366,0.76
premierleague,2000,bradfordcityafc,18510.79,22057,0.84
premierleague,2000,charltonathletic,20022.58,20043,1.00
premierleague,2000,chelseafc,34700.11,35196,0.99
premierleague,2000,coventrycity,20582.32,23063,0.89
premierleague,2000,derbycounty,28550.95,33239,0.86
premierleague,2000,fcarsenal,37974.32,38146,1.00
premierleague,2000,fceverton,33657.42,40260,0.84
premierleague,2000,fcliverpool,43698.58,44806,0.98
premierleague,2000,fcmiddlesbrough,30747.11,34696,0.89
premierleague,2000,fcsouthampton,15115.21,15252,0.99
premierleague,2000,ipswichtownfc,22504.00,25004,0.90
premierleague,2000,leedsunitedfc,38974.05,40055,0.97
premierleague,2000,leicestercityfc,20452.42,22132,0.92
premierleague,2000,manchestercityfc,34058.32,34629,0.98
premierleague,2000,manchesterunitedfc,67489.89,67637,1.00
premierleague,2000,newcastleunited,51309.16,52134,0.98
premierleague,2000,tottenhamhotspur,35194.58,36148,0.97
premierleague,2000,westhamunited,25697.26,26048,0.99
premierleague,2001,afcsunderland,46745.05,48355,0.97
premierleague,2001,astonvillafc,35016.47,42632,0.82
premierleague,2001,blackburnrovers,25976.37,30487,0.85
premierleague,2001,boltonwanderers,25098.26,27351,0.92
premierleague,2001,charltonathletic,24164.79,26614,0.91
premierleague,2001,chelseafc,39030.47,41725,0.94
premierleague,2001,derbycounty,29816.21,33297,0.90
premierleague,2001,fcarsenal,38074.84,38500,0.99
premierleague,2001,fceverton,34003.53,39948,0.85
premierleague,2001,fcfulham,19343.11,21159,0.91
premierleague,2001,fcliverpool,43389.21,44371,0.98
premierleague,2001,fcmiddlesbrough,28458.89,34358,0.83
premierleague,2001,fcsouthampton,30632.58,31973,0.96
premierleague,2001,ipswichtownfc,24425.58,28433,0.86
premierleague,2001,leedsunitedfc,39751.95,40287,0.99
premierleague,2001,leicestercityfc,19835.32,21886,0.91
premierleague,2001,manchesterunitedfc,67557.58,67683,1.00
premierleague,2001,newcastleunited,51372.58,52130,0.99
premierleague,2001,tottenhamhotspur,35000.79,36083,0.97
premierleague,2001,westhamunited,31357.89,35546,0.88
premierleague,2002,afcsunderland,39698.26,47586,0.83
premierleague,2002,astonvillafc,34975.32,42602,0.82
premierleague,2002,birminghamcity,28883.21,29505,0.98
premierleague,2002,blackburnrovers,26237.74,30475,0.86
premierleague,2002,boltonwanderers,25016.95,27409,0.91
premierleague,2002,charltonathletic,26255.53,26728,0.98
premierleague,2002,chelseafc,39780.63,41911,0.95
premierleague,2002,fcarsenal,38032.00,38164,1.00
premierleague,2002,fceverton,38480.16,40167,0.96
premierleague,2002,fcfulham,16707.05,18800,0.89
premierleague,2002,fcliverpool,43242.74,44250,0.98
premierleague,2002,fcmiddlesbrough,31024.00,34814,0.89
premierleague,2002,fcsouthampton,30680.42,32104,0.96
premierleague,2002,leedsunitedfc,39146.26,40205,0.97
premierleague,2002,manchestercityfc,34564.74,35131,0.98
premierleague,2002,manchesterunitedfc,67601.79,67721,1.00
premierleague,2002,newcastleunited,51923.26,52181,1.00
premierleague,2002,tottenhamhotspur,35897.32,36084,0.99
premierleague,2002,westbromwichalbion,26730.95,27129,0.99
premierleague,2002,westhamunited,34419.05,35303,0.97
premierleague,2003,astonvillafc,36621.63,42573,0.86
premierleague,2003,birminghamcity,28735.21,29588,0.97
premierleague,2003,blackburnrovers,24376.11,30074,0.81
premierleague,2003,boltonwanderers,26794.95,28353,0.95
premierleague,2003,charltonathletic,26349.53,26768,0.98
premierleague,2003,chelseafc,41234.79,41932,0.98
premierleague,2003,fcarsenal,38078.84,38419,0.99
premierleague,2003,fceverton,38837.68,40216,0.97
premierleague,2003,fcfulham,16992.16,28500,0.60
premierleague,2003,fcliverpool,42677.21,44374,0.96
premierleague,2003,fcmiddlesbrough,30441.53,35100,0.87
premierleague,2003,fcportsmouth,20109.16,20140,1.00
premierleague,2003,fcsouthampton,31350.68,32151,0.98
premierleague,2003,leedsunitedfc,36666.16,40153,0.91
premierleague,2003,leicestercityfc,30982.84,32148,0.96
premierleague,2003,manchestercityfc,46834.42,47304,0.99
premierleague,2003,manchesterunitedfc,67607.16,67758,1.00
premierleague,2003,newcastleunited,51439.89,52165,0.99
premierleague,2003,tottenhamhotspur,34938.95,36137,0.97
premierleague,2003,wolverhamptonwanderers,28873.89,29396,0.98
premierleague,2004,astonvillafc,37353.74,42593,0.88
premierleague,2004,birminghamcity,28759.05,29382,0.98
premierleague,2004,blackburnrovers,22898.84,31149,0.74
premierleague,2004,boltonwanderers,26163.37,27880,0.94
premierleague,2004,charltonathletic,26701.00,34585,0.77
premierleague,2004,chelseafc,41870.21,42328,0.99
premierleague,2004,crystalpalacefc,24101.47,26193,0.92
premierleague,2004,fcarsenal,37974.89,38164,1.00
premierleague,2004,fceverton,36817.32,40552,0.91
premierleague,2004,fcfulham,19838.32,21940,0.90
premierleague,2004,fcliverpool,42585.16,44224,0.96
premierleague,2004,fcmiddlesbrough,32012.42,34836,0.92
premierleague,2004,fcportsmouth,20073.68,20210,0.99
premierleague,2004,fcsouthampton,30609.63,32066,0.95
premierleague,2004,manchestercityfc,45192.37,47221,0.96
premierleague,2004,manchesterunitedfc,67872.00,67989,1.00
premierleague,2004,newcastleunited,51847.32,52387,0.99
premierleague,2004,norwichcity,24347.68,25522,0.95
premierleague,2004,tottenhamhotspur,35788.42,36105,0.99
premierleague,2004,westbromwichalbion,25984.11,27751,0.94
premierleague,2005,afcsunderland,33904.21,44003,0.77
premierleague,2005,astonvillafc,34111.79,42551,0.80
premierleague,2005,birminghamcity,27392.00,29312,0.93
premierleague,2005,blackburnrovers,21015.16,29142,0.72
premierleague,2005,boltonwanderers,25265.05,27718,0.91
premierleague,2005,charltonathletic,26195.84,27111,0.97
premierleague,2005,chelseafc,41901.63,42321,0.99
premierleague,2005,fcarsenal,38184.16,38359,1.00
premierleague,2005,fceverton,36860.37,40158,0.92
premierleague,2005,fcfulham,20654.21,22486,0.92
premierleague,2005,fcliverpool,44236.37,44983,0.98
premierleague,2005,fcmiddlesbrough,28463.11,31908,0.89
premierleague,2005,fcportsmouth,19839.53,20240,0.98
premierleague,2005,manchestercityfc,42856.26,47192,0.91
premierleague,2005,manchesterunitedfc,68764.63,73006,0.94
premierleague,2005,newcastleunited,52032.05,52327,0.99
premierleague,2005,tottenhamhotspur,36073.63,36247,1.00
premierleague,2005,westbromwichalbion,25403.53,27623,0.92
premierleague,2005,westhamunited,33742.58,34970,0.96
premierleague,2005,wiganathletic,20608.42,25023,0.82
premierleague,2006,astonvillafc,36214.26,42551,0.85
premierleague,2006,blackburnrovers,21275.42,29342,0.73
premierleague,2006,boltonwanderers,23605.53,27229,0.87
premierleague,2006,charltonathletic,26195.16,27111,0.97
premierleague,2006,chelseafc,41492.26,41953,0.99
premierleague,2006,fcarsenal,60039.89,60132,1.00
premierleague,2006,fceverton,36752.42,40260,0.91
premierleague,2006,fcfulham,22286.53,24593,0.91
premierleague,2006,fcliverpool,43561.05,44403,0.98
premierleague,2006,fcmiddlesbrough,27729.79,32013,0.87
premierleague,2006,fcportsmouth,19862.11,20223,0.98
premierleague,2006,fcreading,23829.37,24122,0.99
premierleague,2006,fcwatford,18740.58,19830,0.95
premierleague,2006,manchestercityfc,39997.16,47244,0.85
premierleague,2006,manchesterunitedfc,75826.26,76098,1.00
premierleague,2006,newcastleunited,50686.11,52305,0.97
premierleague,2006,sheffieldunited,30512.00,32604,0.94
premierleague,2006,tottenhamhotspur,35701.00,36170,0.99
premierleague,2006,westhamunited,34719.11,34977,0.99
premierleague,2006,wiganathletic,18158.89,24726,0.73
premierleague,2007,afcsunderland,43344.21,47802,0.91
premierleague,2007,astonvillafc,40396.00,47938,0.84
premierleague,2007,birminghamcity,26180.95,29252,0.90
premierleague,2007,blackburnrovers,23943.58,30316,0.79
premierleague,2007,boltonwanderers,20901.16,25414,0.82
premierleague,2007,chelseafc,41397.32,41837,0.99
premierleague,2007,derbycounty,32432.42,33087,0.98
premierleague,2007,fcarsenal,60082.74,60374,1.00
premierleague,2007,fceverton,36954.84,40049,0.92
premierleague,2007,fcfulham,23774.42,25357,0.94
premierleague,2007,fcliverpool,43532.16,44459,0.98
premierleague,2007,fcmiddlesbrough,26707.89,33952,0.79
premierleague,2007,fcportsmouth,19914.05,20556,0.97
premierleague,2007,fcreading,23574.47,24374,0.97
premierleague,2007,manchestercityfc,42126.32,47321,0.89
premierleague,2007,manchesterunitedfc,75691.37,76013,1.00
premierleague,2007,newcastleunited,51320.68,52307,0.98
premierleague,2007,tottenhamhotspur,35966.84,36178,0.99
premierleague,2007,westhamunited,34601.21,34980,0.99
premierleague,2007,wiganathletic,19046.11,25133,0.76
premierleague,2008,afcsunderland,40168.32,47936,0.84
premierleague,2008,astonvillafc,39811.63,42585,0.93
premierleague,2008,blackburnrovers,23479.05,28389,0.83
premierleague,2008,boltonwanderers,22485.68,26021,0.86
premierleague,2008,chelseafc,41588.00,43417,0.96
premierleague,2008,fcarsenal,60039.74,60109,1.00
premierleague,2008,fceverton,35667.32,39574,0.90
premierleague,2008,fcfulham,24343.89,25661,0.95
premierleague,2008,fcliverpool,43611.05,44424,0.98
premierleague,2008,fcmiddlesbrough,28428.63,33767,0.84
premierleague,2008,fcportsmouth,19829.58,20540,0.97
premierleague,2008,hullcity,24816.16,24945,0.99
premierleague,2008,manchestercityfc,42903.42,47331,0.91
premierleague,2008,manchesterunitedfc,75270.68,75569,1.00
premierleague,2008,newcastleunited,48749.68,52114,0.94
premierleague,2008,stokecity,26821.26,27500,0.98
premierleague,2008,tottenhamhotspur,35928.74,36183,0.99
premierleague,2008,westbromwichalbion,25827.68,26344,0.98
premierleague,2008,westhamunited,33700.37,34958,0.96
premierleague,2008,wiganathletic,18350.32,22954,0.80
premierleague,2009,afcsunderland,40355.16,47641,0.85
premierleague,2009,astonvillafc,38573.42,42788,0.90
premierleague,2009,birminghamcity,25246.32,28958,0.87
premierleague,2009,blackburnrovers,25428.16,29912,0.85
premierleague,2009,boltonwanderers,22200.05,28353,0.78
premierleague,2009,chelseafc,41422.58,41836,0.99
premierleague,2009,fcarsenal,59927.00,60103,1.00
premierleague,2009,fcburnley,20653.84,21761,0.95
premierleague,2009,fceverton,36725.00,39652,0.93
premierleague,2009,fcfulham,23909.26,25700,0.93
premierleague,2009,fcliverpool,42863.74,44392,0.97
premierleague,2009,fcportsmouth,18249.32,20821,0.88
premierleague,2009,hullcity,24389.79,25030,0.97
premierleague,2009,manchestercityfc,45470.00,47370,0.96
premierleague,2009,manchesterunitedfc,74864.42,75316,0.99
premierleague,2009,stokecity,27162.21,27604,0.98
premierleague,2009,tottenhamhotspur,35794.26,36041,0.99
premierleague,2009,westhamunited,33683.32,34989,0.96
premierleague,2009,wiganathletic,18006.21,22113,0.81
premierleague,2009,wolverhamptonwanderers,28365.74,29023,0.98
premierleague,2010,afcsunderland,40011.00,47864,0.84
premierleague,2010,astonvillafc,37193.95,42785,0.87
premierleague,2010,birminghamcity,25461.84,28270,0.90
premierleague,2010,blackburnrovers,24999.74,29867,0.84
premierleague,2010,blackpoolfc,15779.74,16116,0.98
premierleague,2010,boltonwanderers,22806.58,26881,0.85
premierleague,2010,chelseafc,41435.32,41829,0.99
premierleague,2010,fcarsenal,60023.42,60112,1.00
premierleague,2010,fceverton,36064.32,40157,0.90
premierleague,2010,fcfulham,25150.63,25700,0.98
premierleague,2010,fcliverpool,42824.26,45000,0.95
premierleague,2010,manchestercityfc,45905.00,47679,0.96
premierleague,2010,manchesterunitedfc,74989.05,75486,0.99
premierleague,2010,newcastleunited,47717.89,51988,0.92
premierleague,2010,stokecity,26858.05,27566,0.97
premierleague,2010,tottenhamhotspur,35721.89,36310,0.98
premierleague,2010,westbromwichalbion,24682.95,26196,0.94
premierleague,2010,westhamunited,33404.47,34941,0.96
premierleague,2010,wiganathletic,16806.89,22043,0.76
premierleague,2010,wolverhamptonwanderers,27696.05,29086,0.95
premierleague,2011,afcsunderland,39046.89,47751,0.82
premierleague,2011,astonvillafc,33882.63,40053,0.85
premierleague,2011,blackburnrovers,22551.26,26532,0.85
premierleague,2011,boltonwanderers,23669.95,26901,0.88
premierleague,2011,chelseafc,41484.00,41837,0.99
premierleague,2011,fcarsenal,59999.84,60111,1.00
premierleague,2011,fceverton,33228.05,39517,0.84
premierleague,2011,fcfulham,25399.26,27689,0.92
premierleague,2011,fcliverpool,44253.05,45071,0.98
premierleague,2011,manchestercityfc,47044.79,48000,0.98
premierleague,2011,manchesterunitedfc,75387.26,75627,1.00
premierleague,2011,newcastleunited,49951.47,52599,0.95
premierleague,2011,norwichcity,26605.74,26819,0.99
premierleague,2011,queensparkrangers,17295.42,18076,0.96
premierleague,2011,stokecity,27225.79,27789,0.98
premierleague,2011,swanseacityafc,19946.21,20605,0.97
premierleague,2011,tottenhamhotspur,36035.84,36312,0.99
premierleague,2011,westbromwichalbion,24769.74,26358,0.94
premierleague,2011,wiganathletic,18633.58,22187,0.84
premierleague,2011,wolverhamptonwanderers,25677.42,27494,0.93
premierleague,2012,afcsunderland,40563.05,47456,0.85
premierleague,2012,astonvillafc,35059.74,42084,0.83
premierleague,2012,chelseafc,41462.42,41794,0.99
premierleague,2012,fcarsenal,60078.84,60112,1.00
premierleague,2012,fceverton,36355.95,39613,0.92
premierleague,2012,fcfulham,25422.74,25700,0.99
premierleague,2012,fcliverpool,44748.63,45009,0.99
premierleague,2012,fcreading,23862.00,24184,0.99
premierleague,2012,fcsouthampton,30854.84,32070,0.96
premierleague,2012,manchestercityfc,46974.00,47386,0.99
premierleague,2012,manchesterunitedfc,75529.63,75605,1.00
premierleague,2012,newcastleunited,50517.16,52385,0.96
premierleague,2012,norwichcity,26671.68,26842,0.99
premierleague,2012,queensparkrangers,17778.89,18337,0.97
premierleague,2012,stokecity,26722.47,27544,0.97
premierleague,2012,swanseacityafc,20475.63,22561,0.91
premierleague,2012,tottenhamhotspur,36066.16,36763,0.98
premierleague,2012,westbromwichalbion,25202.00,26144,0.96
premierleague,2012,westhamunited,34716.53,35005,0.99
premierleague,2012,wiganathletic,19359.32,23001,0.84
premierleague,2013,afcsunderland,41089.79,46313,0.89
premierleague,2013,astonvillafc,36080.79,42682,0.85
premierleague,2013,cardiffcity,27429.74,28018,0.98
premierleague,2013,chelseafc,41481.74,41623,1.00
premierleague,2013,crystalpalacefc,24114.16,25564,0.94
premierleague,2013,fcarsenal,60013.21,60071,1.00
premierleague,2013,fceverton,37731.68,39576,0.95
premierleague,2013,fcfulham,24977.00,25700,0.97
premierleague,2013,fcliverpool,44671.05,44822,1.00
premierleague,2013,fcsouthampton,30211.58,31659,0.95
premierleague,2013,hullcity,24116.68,24940,0.97
premierleague,2013,manchestercityfc,47080.37,47364,0.99
premierleague,2013,manchesterunitedfc,75206.74,75368,1.00
premierleague,2013,newcastleunited,50395.32,52280,0.96
premierleague,2013,norwichcity,26805.37,26876,1.00
premierleague,2013,stokecity,26137.21,27429,0.95
premierleague,2013,swanseacityafc,20406.58,20769,0.98
premierleague,2013,tottenhamhotspur,35808.42,36102,0.99
premierleague,2013,westbromwichalbion,25193.58,26613,0.95
premierleague,2013,westhamunited,34196.89,35153,0.97
premierleague,2014,afcsunderland,43171.32,47563,0.91
premierleague,2014,astonvillafc,34132.53,41273,0.83
premierleague,2014,chelseafc,41546.11,41629,1.00
premierleague,2014,crystalpalacefc,24411.79,25197,0.97
premierleague,2014,fcarsenal,59991.74,60081,1.00
premierleague,2014,fcburnley,19130.68,21335,0.90
premierleague,2014,fceverton,38405.84,39621,0.97
premierleague,2014,fcliverpool,44658.89,44736,1.00
premierleague,2014,fcsouthampton,30652.37,31723,0.97
premierleague,2014,hullcity,23557.05,24877,0.95
premierleague,2014,leicestercityfc,31692.89,32021,0.99
premierleague,2014,manchestercityfc,45365.21,45919,0.99
premierleague,2014,manchesterunitedfc,75334.84,75454,1.00
premierleague,2014,newcastleunited,50359.11,52315,0.96
premierleague,2014,queensparkrangers,17808.89,18098,0.98
premierleague,2014,stokecity,27081.42,27602,0.98
premierleague,2014,swanseacityafc,20554.95,20828,0.99
premierleague,2014,tottenhamhotspur,35727.58,36130,0.99
premierleague,2014,westbromwichalbion,25063.74,26768,0.94
premierleague,2014,westhamunited,34871.16,34977,1.00
premierleague,2015,afcbournemouth,11188.74,11386,0.98
premierleague,2015,afcsunderland,43071.11,47653,0.90
premierleague,2015,astonvillafc,33690.11,42200,0.80
premierleague,2015,chelseafc,41499.79,41642,1.00
premierleague,2015,crystalpalacefc,24825.42,28467,0.87
premierleague,2015,fcarsenal,59944.42,60084,1.00
premierleague,2015,fceverton,38124.00,39598,0.96
premierleague,2015,fcliverpool,43909.74,44228,0.99
premierleague,2015,fcsouthampton,30750.84,31688,0.97
premierleague,2015,fcwatford,20593.74,21012,0.98
premierleague,2015,leicestercityfc,32020.68,32242,0.99
premierleague,2015,manchestercityfc,54040.84,54693,0.99
premierleague,2015,manchesterunitedfc,75278.89,75415,1.00
premierleague,2015,newcastleunited,49753.53,52311,0.95
premierleague,2015,norwichcity,26972.16,27137,0.99
premierleague,2015,stokecity,27534.11,27833,0.99
premierleague,2015,swanseacityafc,20710.95,20972,0.99
premierleague,2015,tottenhamhotspur,35775.84,36084,0.99
premierleague,2015,westbromwichalbion,24631.32,26313,0.94
premierleague,2015,westhamunited,34910.05,34977,1.00
premierleague,2016,afcbournemouth,11182.32,11388,0.98
premierleague,2016,afcsunderland,41286.84,46494,0.89
premierleague,2016,chelseafc,41507.63,41622,1.00
premierleague,2016,crystalpalacefc,25160.63,25648,0.98
premierleague,2016,fcarsenal,59956.63,60055,1.00
premierleague,2016,fcburnley,20558.37,21870,0.94
premierleague,2016,fceverton,39080.05,40221,0.97
premierleague,2016,fcliverpool,53016.37,53292,0.99
premierleague,2016,fcmiddlesbrough,30449.42,32704,0.93
premierleague,2016,fcsouthampton,30936.16,31891,0.97
premierleague,2016,fcwatford,20571.00,21118,0.97
premierleague,2016,hullcity,20656.11,24822,0.83
premierleague,2016,leicestercityfc,31893.05,32072,0.99
premierleague,2016,manchestercityfc,54018.84,54512,0.99
premierleague,2016,manchesterunitedfc,75289.58,75397,1.00
premierleague,2016,stokecity,27433.16,27815,0.99
premierleague,2016,swanseacityafc,20619.26,20938,0.98
premierleague,2016,tottenhamhotspur,31639.11,31962,0.99
premierleague,2016,westbromwichalbion,23876.11,26308,0.91
premierleague,2016,westhamunited,56971.79,56996,1.00
premierleague,2017,afcbournemouth,10639.68,10998,0.97
premierleague,2017,brightonhovealbion,30402.47,30631,0.99
premierleague,2017,chelseafc,41281.74,41616,0.99
premierleague,2017,crystalpalacefc,25064.68,25840,0.97
premierleague,2017,fcarsenal,59322.79,59547,1.00
premierleague,2017,fcburnley,20688.42,21841,0.95
premierleague,2017,fceverton,38797.00,39221,0.99
premierleague,2017,fcliverpool,53049.00,53287,1.00
premierleague,2017,fcsouthampton,30793.89,31930,0.96
premierleague,2017,fcwatford,20230.79,20552,0.98
premierleague,2017,huddersfieldtown,24041.89,24426,0.98
premierleague,2017,leicestercityfc,31583.32,32202,0.98
premierleague,2017,manchestercityfc,53812.26,54452,0.99
premierleague,2017,manchesterunitedfc,74975.63,75118,1.00
premierleague,2017,newcastleunited,51991.79,52311,0.99
premierleague,2017,stokecity,29279.84,30022,0.98
premierleague,2017,swanseacityafc,20622.47,20933,0.99
premierleague,2017,tottenhamhotspur,67495.63,83222,0.81
premierleague,2017,westbromwichalbion,24520.42,26233,0.93
premierleague,2017,westhamunited,56884.84,56988,1.00
premierleague,2018,afcbournemouth,10531.95,10986,0.96
premierleague,2018,brightonhovealbion,30425.53,30682,0.99
premierleague,2018,cardiffcity,31407.95,33082,0.95
premierleague,2018,chelseafc,40441.42,40721,0.99
premierleague,2018,crystalpalacefc,25454.95,25789,0.99
premierleague,2018,fcarsenal,59898.53,60030,1.00
premierleague,2018,fcburnley,20534.11,21741,0.94
premierleague,2018,fceverton,39042.89,39400,0.99
premierleague,2018,fcfulham,24371.11,25401,0.96
premierleague,2018,fcliverpool,52982.53,53373,0.99
premierleague,2018,fcsouthampton,30138.95,31890,0.95
premierleague,2018,fcwatford,20015.63,20540,0.97
premierleague,2018,huddersfieldtown,23339.79,24263,0.96
premierleague,2018,leicestercityfc,31850.58,32184,0.99
premierleague,2018,manchestercityfc,54130.37,54511,0.99
premierleague,2018,manchesterunitedfc,74498.47,74556,1.00
premierleague,2018,newcastleunited,51120.89,52242,0.98
premierleague,2018,tottenhamhotspur,54216.37,81332,0.67
premierleague,2018,westhamunited,58335.53,59988,0.97
premierleague,2018,wolverhamptonwanderers,31024.84,31436,0.99
premierleague,2021,astonvillafc,41684.37,42045,0.99
premierleague,2021,brentfordfc,16916.89,17094,0.99
premierleague,2021,brightonhovealbion,30943.05,31637,0.98
premierleague,2021,chelseafc,36443.11,40113,0.91
premierleague,2021,crystalpalacefc,24281.53,25434,0.95
premierleague,2021,fcarsenal,59810.84,60223,0.99
premierleague,2021,fcburnley,19298.32,21944,0.88
premierleague,2021,fceverton,38882.00,39641,0.98
premierleague,2021,fcliverpool,53008.05,53197,1.00
premierleague,2021,fcsouthampton,30170.79,31588,0.96
premierleague,2021,fcwatford,20598.37,21142,0.97
premierleague,2021,leedsunitedfc,36291.84,36638,0.99
premierleague,2021,leicestercityfc,31940.47,32236,0.99
premierleague,2021,manchestercityfc,52738.32,53395,0.99
premierleague,2021,manchesterunitedfc,73150.32,73564,0.99
premierleague,2021,newcastleunited,51486.89,52281,0.98
premierleague,2021,norwichcity,26871.05,27606,0.97
premierleague,2021,tottenhamhotspur,56522.95,62027,0.91
premierleague,2021,westhamunited,58569.16,60000,0.98
premierleague,2021,wolverhamptonwanderers,30746.26,31523,0.98
premierleague,2022,afcbournemouth,10306.79,10536,0.98
premierleague,2022,astonvillafc,41706.89,42212,0.99
premierleague,2022,brentfordfc,17080.37,17250,0.99
premierleague,2022,brightonhovealbion,31476.89,31746,0.99
premierleague,2022,chelseafc,40002.05,40152,1.00
premierleague,2022,crystalpalacefc,25051.32,25844,0.97
premierleague,2022,fcarsenal,60190.84,60325,1.00
premierleague,2022,fceverton,39240.58,39395,1.00
premierleague,2022,fcfulham,23765.74,24498,0.97
premierleague,2022,fcliverpool,53183.58,53346,1.00
premierleague,2022,fcsouthampton,30415.53,31196,0.97
premierleague,2022,leedsunitedfc,36566.26,36955,0.99
premierleague,2022,leicestercityfc,31887.21,32227,0.99
premierleague,2022,manchestercityfc,53249.05,53490,1.00
premierleague,2022,manchesterunitedfc,73814.79,76000,0.97
premierleague,2022,newcastleunited,52127.47,52758,0.99
premierleague,2022,nottinghamforest,29187.89,29514,0.99
premierleague,2022,tottenhamhotspur,61585.16,62008,0.99
premierleague,2022,westhamunited,62461.95,62478,1.00
premierleague,2022,wolverhamptonwanderers,31423.37,34624,0.91
premierleague,2023,afcbournemouth,11098.32,11229,0.99
premierleague,2023,astonvillafc,41921.11,42640,0.98
premierleague,2023,brentfordfc,17082.37,17201,0.99
premierleague,2023,brightonhovealbion,31543.11,31872,0.99
premierleague,2023,chelseafc,39576.42,40096,0.99
premierleague,2023,crystalpalacefc,24881.16,25472,0.98
premierleague,2023,fcarsenal,60236.21,60374,1.00
premierleague,2023,fcburnley,21152.79,21781,0.97
premierleague,2023,fceverton,39041.74,39940,0.98
premierleague,2023,fcfulham,24301.16,24467,0.99
premierleague,2023,fcliverpool,55808.53,60090,0.93
premierleague,2023,lutontown,11244.00,12027,0.93
premierleague,2023,manchestercityfc,53287.84,55097,0.97
premierleague,2023,manchesterunitedfc,73534.11,73612,1.00
premierleague,2023,newcastleunited,52152.84,52227,1.00
premierleague,2023,nottinghamforest,29385.58,29708,0.99
premierleague,2023,sheffieldunited,29961.63,31543,0.95
premierleague,2023,tottenhamhotspur,61459.21,62001,0.99
premierleague,2023,westhamunited,62440.37,62475,1.00
premierleague,2023,wolverhamptonwanderers,31036.68,31642,0.98
premierleague,2024,afcbournemouth,11200.37,11248,1.00
premierleague,2024,astonvillafc,41771.84,42918,0.97
premierleague,2024,brentfordfc,17184.68,18915,0.91
premierleague,2024,brightonhovealbion,31481.47,31840,0.99
premierleague,2024,chelseafc,39986.95,40853,0.98
premierleague,2024,crystalpalacefc,25115.58,26047,0.96
premierleague,2024,fcarsenal,60251.53,60383,1.00
premierleague,2024,fceverton,39191.37,39571,0.99
premierleague,2024,fcfulham,26825.74,27770,0.97
premierleague,2024,fcliverpool,60486.00,61276,0.99
premierleague,2024,fcsouthampton,30864.95,31289,0.99
premierleague,2024,ipswichtownfc,29741.53,30017,0.99
premierleague,2024,leicestercityfc,31448.21,32057,0.98
premierleague,2024,manchestercityfc,53575.89,55097,0.97
premierleague,2024,manchesterunitedfc,73815.16,74879,0.99
premierleague,2024,newcastleunited,52186.79,52252,1.00
premierleague,2024,nottinghamforest,30076.21,30445,0.99
premierleague,2024,tottenhamhotspur,61126.58,61645,0.99
premierleague,2024,westhamunited,62406.79,62500,1.00
premierleague,2024,wolverhamptonwanderers,30754.53,32050,0.96
saudiproleague,2014,alahlisfc,34089.31,60010,0.57
saudiproleague,2014,alfaisalyfc,570.00,2229,0.26
saudiproleague,2014,alfatehsc,2769.31,10560,0.26
saudiproleague,2014,alhilalsfc,14789.77,40370,0.37
saudiproleague,2014,alittihadclub,42370.92,60134,0.70
saudiproleague,2014,alkhaleejfc,2684.69,9223,0.29
saudiproleague,2014,alnassrfc,16185.85,59174,0.27
saudiproleague,2014,alorobahfc,3834.00,6735,0.57
saudiproleague,2014,alraedsfc,3096.08,10120,0.31
saudiproleague,2014,alshababfc,3467.85,18250,0.19
saudiproleague,2014,alshoullafc,855.15,3864,0.22
saudiproleague,2014,altaawounfc,2446.92,6752,0.36
saudiproleague,2014,hajerclub,1621.69,4300,0.38
saudiproleague,2014,najransc,1255.62,4200,0.30
saudiproleague,2015,alahlisfc,27716.31,60051,0.46
saudiproleague,2015,alfaisalyfc,481.38,1750,0.28
saudiproleague,2015,alfatehsc,2860.31,11688,0.24
saudiproleague,2015,alhilalsfc,11872.15,26653,0.45
saudiproleague,2015,alittihadclub,22728.08,59037,0.38
saudiproleague,2015,alkhaleejfc,1418.85,6714,0.21
saudiproleague,2015,alnassrfc,6322.54,21716,0.29
saudiproleague,2015,alqadsiahfc,2694.00,12050,0.22
saudiproleague,2015,alraedsfc,4732.31,12324,0.38
saudiproleague,2015,alshababfc,2938.54,14850,0.20
saudiproleague,2015,altaawounfc,5377.69,12507,0.43
saudiproleague,2015,alwehdafc,2976.31,10939,0.27
saudiproleague,2015,hajerclub,1708.54,6754,0.25
saudiproleague,2015,najransc,2673.92,18777,0.14
saudiproleague,2016,alahlisfc,20688.54,51659,0.40
saudiproleague,2016,albatinfc,2764.54,5222,0.53
saudiproleague,2016,alettifaqfc,3753.54,14640,0.26
saudiproleague,2016,alfaisalyfc,760.15,2506,0.30
saudiproleague,2016,alfatehsc,3469.15,8071,0.43
saudiproleague,2016,alhilalsfc,15387.46,59174,0.26
saudiproleague,2016,alittihadclub,25406.62,53656,0.47
saudiproleague,2016,alkhaleejfc,1139.46,5242,0.22
saudiproleague,2016,alnassrfc,7635.23,27181,0.28
saudiproleague,2016,alqadsiahfc,1718.54,5820,0.30
saudiproleague,2016,alraedsfc,5842.54,15192,0.38
saudiproleague,2016,alshababfc,2782.69,12815,0.22
saudiproleague,2016,altaawounfc,5025.31,11966,0.42
saudiproleague,2016,alwehdafc,1560.31,5006,0.31
saudiproleague,2017,alahlisfc,16650.46,43794,0.38
saudiproleague,2017,albatinfc,2620.15,6500,0.40
saudiproleague,2017,alettifaqfc,3090.38,14618,0.21
saudiproleague,2017,alfaisalyfc,971.69,2316,0.42
saudiproleague,2017,alfatehsc,3432.08,7924,0.43
saudiproleague,2017,alfayhafc,938.38,1781,0.53
saudiproleague,2017,alhilalsfc,12194.08,26602,0.46
saudiproleague,2017,alittihadclub,16212.08,45913,0.35
saudiproleague,2017,alnassrfc,5480.46,17879,0.31
saudiproleague,2017,alqadsiahfc,2085.77,8443,0.25
saudiproleague,2017,alraedsfc,4769.23,17003,0.28
saudiproleague,2017,alshababfc,2135.69,9511,0.22
saudiproleague,2017,altaawounfc,3675.54,8084,0.45
saudiproleague,2017,ohodclub,6101.92,16529,0.37
saudiproleague,2018,alahlisfc,18816.40,42880,0.44
saudiproleague,2018,albatinfc,3476.13,6000,0.58
saudiproleague,2018,alettifaqfc,4913.40,12817,0.38
saudiproleague,2018,alfaisalyfc,1262.93,3498,0.36
saudiproleague,2018,alfatehsc,3427.40,9050,0.38
saudiproleague,2018,alfayhafc,1895.80,4307,0.44
saudiproleague,2018,alhazemsc,2109.00,6200,0.34
saudiproleague,2018,alhilalsfc,19551.40,23047,0.85
saudiproleague,2018,alittihadclub,33482.00,52210,0.64
saudiproleague,2018,alnassrfc,16407.67,59174,0.28
saudiproleague,2018,alqadsiahfc,2882.47,10420,0.28
saudiproleague,2018,alraedsfc,3746.40,11735,0.32
saudiproleague,2018,alshababfc,3374.87,14530,0.23
saudiproleague,2018,altaawounfc,4443.80,14893,0.30
saudiproleague,2018,alwehdafc,6911.20,32567,0.21
saudiproleague,2018,ohodclub,7074.53,20207,0.35
saudiproleague,2023,abhaclub,3056.29,12079,0.25
saudiproleague,2023,alahlisfc,24369.53,52037,0.47
saudiproleague,2023,alettifaqfc,7310.65,13930,0.52
saudiproleague,2023,alfatehsc,8233.94,18097,0.45
saudiproleague,2023,alfayhafc,2300.94,10081,0.23
saudiproleague,2023,alhazemsc,1671.12,12297,0.14
saudiproleague,2023,alhilalsfc,21824.24,59600,0.37
saudiproleague,2023,alittihadclub,17970.29,55764,0.32
saudiproleague,2023,alkhaleejfc,5355.76,17300,0.31
saudiproleague,2023,alnassrfc,17821.47,23774,0.75
saudiproleague,2023,alokhdoodclub,2242.53,7585,0.30
saudiproleague,2023,alraedsfc,6342.24,20630,0.31
saudiproleague,2023,alriyadhsc,1861.29,8618,0.22
saudiproleague,2023,alshababfc,6564.29,13475,0.49
saudiproleague,2023,altaawounfc,6815.94,20050,0.34
saudiproleague,2023,altaifc,6145.41,10898,0.56
saudiproleague,2023,alwehdafc,2632.76,10727,0.25
saudiproleague,2023,damacfc,4333.76,14556,0.30
saudiproleague,2024,alahlisfc,20824.65,53036,0.39
saudiproleague,2024,alettifaqfc,5760.59,11008,0.52
saudiproleague,2024,alfatehsc,7684.24,11278,0.68
saudiproleague,2024,alfayhafc,1443.00,4195,0.34
saudiproleague,2024,alhilalsfc,17766.35,25187,0.71
saudiproleague,2024,alittihadclub,34960.35,58117,0.60
saudiproleague,2024,alkhaleejfc,4622.88,17150,0.27
saudiproleague,2024,alkholoodclub,2745.71,9937,0.28
saudiproleague,2024,alnassrfc,16292.47,25490,0.64
saudiproleague,2024,alokhdoodclub,1634.94,5099,0.32
saudiproleague,2024,alorobahfc,2306.53,8300,0.28
saudiproleague,2024,alqadsiahfc,9906.24,20115,0.49
saudiproleague,2024,alraedsfc,3761.24,18796,0.20
saudiproleague,2024,alriyadhsc,1947.71,8914,0.22
saudiproleague,2024,alshababfc,5243.47,11557,0.45
saudiproleague,2024,altaawounfc,5148.47,16478,0.31
saudiproleague,2024,alwehdafc,3316.24,16275,0.20
saudiproleague,2024,damacfc,5021.53,15066,0.33
seriea,1996,acflorenz,37445.88,48986,0.76
seriea,1996,acmilan,55750.88,81170,0.69
seriea,1996,acparma,22588.65,26124,0.86
seriea,1996,acperugia,20595.88,27842,0.74
seriea,1996,acreggiana,13498.71,26224,0.51
seriea,1996,asroma,53434.82,73409,0.73
seriea,1996,atalantabc,19708.65,25786,0.76
seriea,1996,bologna,28131.82,37426,0.75
seriea,1996,cagliaricalcio,17946.71,30652,0.59
seriea,1996,hellasverona,19765.82,39873,0.50
seriea,1996,interdemilao,50368.47,77648,0.65
seriea,1996,juventusfc,39694.65,54985,0.72
seriea,1996,piacenzafc,12412.12,19514,0.64
seriea,1996,sscnapoli,46234.06,73278,0.63
seriea,1996,sslazio,39704.71,64488,0.62
seriea,1996,ucsampdoria,26197.88,36064,0.73
seriea,1996,udinesecalcio,16030.65,30000,0.53
seriea,1996,vicenzacalcio,16052.06,19155,0.84
seriea,1997,acflorenz,34445.76,41092,0.84
seriea,1997,acmilan,54369.53,81267,0.67
seriea,1997,acparma,22341.76,29809,0.75
seriea,1997,asbari,26298.12,53774,0.49
seriea,1997,asroma,55362.41,73121,0.76
seriea,1997,atalantabc,18704.65,23870,0.78
seriea,1997,bologna,31936.94,36602,0.87
seriea,1997,bresciacalcio,15590.65,29779,0.52
seriea,1997,fcempoli,11937.24,19720,0.61
seriea,1997,interdemilao,67597.24,80905,0.84
seriea,1997,juventusfc,46888.06,64001,0.73
seriea,1997,piacenzafc,13002.94,25340,0.51
seriea,1997,sscnapoli,37407.71,69577,0.54
seriea,1997,sslazio,45612.88,70136,0.65
seriea,1997,ucsampdoria,25126.29,37000,0.68
seriea,1997,udinesecalcio,23410.47,37813,0.62
seriea,1997,uslecce,16888.00,35704,0.47
seriea,1997,vicenzacalcio,17126.88,19984,0.86
seriea,1998,acflorenz,36421.06,45000,0.81
seriea,1998,acmilan,57770.94,81925,0.71
seriea,1998,acparma,23437.71,29964,0.78
seriea,1998,acperugia,17271.88,28143,0.61
seriea,1998,acvenezia1907,10743.47,15000,0.72
seriea,1998,asbari,21622.71,39114,0.55
seriea,1998,asroma,54946.35,75560,0.73
seriea,1998,bologna,28848.47,36545,0.79
seriea,1998,cagliaricalcio,21180.00,26162,0.81
seriea,1998,fcempoli,11357.53,16330,0.70
seriea,1998,interdemilao,68546.41,80372,0.85
seriea,1998,juventusfc,47338.35,59125,0.80
seriea,1998,piacenzafc,11922.65,18000,0.66
seriea,1998,sslazio,52166.47,75000,0.70
seriea,1998,ucsampdoria,18746.71,24777,0.76
seriea,1998,udinesecalcio,23618.82,38663,0.61
seriea,1998,ussalernitana,33226.65,44596,0.75
seriea,1998,vicenzacalcio,16007.53,19715,0.81
seriea,1999,acflorenz,34240.88,40000,0.86
seriea,1999,acmilan,59156.41,82146,0.72
seriea,1999,acparma,20948.88,29748,0.70
seriea,1999,acperugia,13263.82,27000,0.49
seriea,1999,acvenezia1907,9545.71,12312,0.78
seriea,1999,asbari,21513.24,41648,0.52
seriea,1999,asroma,58903.94,77988,0.76
seriea,1999,bologna,28880.47,38000,0.76
seriea,1999,cagliaricalcio,17506.59,23486,0.75
seriea,1999,hellasverona,18089.41,33099,0.55
seriea,1999,interdemilao,66648.88,79677,0.84
seriea,1999,juventusfc,43163.00,60000,0.72
seriea,1999,piacenzafc,10980.24,20000,0.55
seriea,1999,regginacalcio,24185.53,27272,0.89
seriea,1999,sslazio,52718.82,70000,0.75
seriea,1999,torinocalcio,23311.12,55000,0.42
seriea,1999,udinesecalcio,19951.41,30000,0.67
seriea,1999,uslecce,18667.00,33876,0.55
seriea,2000,acflorenz,30122.59,45000,0.67
seriea,2000,acmilan,52762.71,81954,0.64
seriea,2000,acparma,19398.35,29173,0.66
seriea,2000,acperugia,11351.76,25000,0.45
seriea,2000,asbari,13832.47,33900,0.41
seriea,2000,asroma,64721.94,80000,0.81
seriea,2000,atalantabc,19077.00,26000,0.73
seriea,2000,bologna,26348.41,37000,0.71
seriea,2000,bresciacalcio,15820.06,31619,0.50
seriea,2000,hellasverona,16717.12,26483,0.63
seriea,2000,interdemilao,51141.76,78054,0.66
seriea,2000,juventusfc,39391.24,65000,0.61
seriea,2000,regginacalcio,23626.06,26555,0.89
seriea,2000,sscnapoli,38062.76,67927,0.56
seriea,2000,sslazio,47281.29,80001,0.59
seriea,2000,udinesecalcio,20450.76,27438,0.75
seriea,2000,uslecce,18117.71,30200,0.60
seriea,2000,vicenzacalcio,14998.82,20000,0.75
seriea,2001,acflorenz,18466.59,32234,0.57
seriea,2001,acmilan,58420.53,81691,0.72
seriea,2001,acparma,17669.76,25297,0.70
seriea,2001,acperugia,10241.76,21536,0.48
seriea,2001,acvenezia1907,8364.12,11718,0.71
seriea,2001,asroma,58640.71,76528,0.77
seriea,2001,atalantabc,16593.12,24386,0.68
seriea,2001,bologna,22634.94,35756,0.63
seriea,2001,bresciacalcio,15165.06,20144,0.75
seriea,2001,chievoverona,16305.94,36997,0.44
seriea,2001,hellasverona,18227.00,35708,0.51
seriea,2001,interdemilao,62433.53,79188,0.79
seriea,2001,juventusfc,40550.35,53661,0.76
seriea,2001,piacenzafc,9416.29,18778,0.50
seriea,2001,sslazio,42791.76,75333,0.57
seriea,2001,torinocalcio,19325.41,52597,0.37
seriea,2001,udinesecalcio,16037.47,35000,0.46
seriea,2001,uslecce,16363.76,32236,0.51
seriea,2002,acmilan,61533.76,78843,0.78
seriea,2002,acparma,16342.53,25603,0.64
seriea,2002,acperugia,10310.65,22020,0.47
seriea,2002,asroma,57014.18,74313,0.77
seriea,2002,atalantabc,15483.12,23647,0.65
seriea,2002,bologna,24488.82,36178,0.68
seriea,2002,bresciacalcio,15739.35,22039,0.71
seriea,2002,chievoverona,16902.12,34544,0.49
seriea,2002,comocalcio,7320.12,12452,0.59
seriea,2002,fcempoli,9204.82,18700,0.49
seriea,2002,interdemilao,61942.53,76660,0.81
seriea,2002,juventusfc,39770.94,57762,0.69
seriea,2002,modenafc,14300.18,16227,0.88
seriea,2002,piacenzafc,8197.82,15029,0.55
seriea,2002,regginacalcio,24101.65,26640,0.90
seriea,2002,sslazio,44128.71,69877,0.63
seriea,2002,torinocalcio,14870.24,32947,0.45
seriea,2002,udinesecalcio,16859.29,26694,0.63
seriea,2003,acmilan,64333.41,80074,0.80
seriea,2003,acparma,18042.41,30000,0.60
seriea,2003,acperugia,11859.88,23060,0.51
seriea,2003,acsiena,11035.35,13500,0.82
seriea,2003,anconacalcio,13907.71,23976,0.58
seriea,2003,asroma,48828.06,73383,0.67
seriea,2003,bologna,24083.59,36000,0.67
seriea,2003,bresciacalcio,15037.65,25000,0.60
seriea,2003,chievoverona,14368.82,28750,0.50
seriea,2003,fcempoli,8574.82,19500,0.44
seriea,2003,interdemilao,56141.12,75831,0.74
seriea,2003,juventusfc,34372.94,53883,0.64
seriea,2003,modenafc,15377.59,19000,0.81
seriea,2003,regginacalcio,20650.06,27454,0.75
seriea,2003,sslazio,48054.41,60000,0.80
seriea,2003,ucsampdoria,26389.71,36703,0.72
seriea,2003,udinesecalcio,18193.47,29819,0.61
seriea,2003,uslecce,16740.06,31427,0.53
seriea,2004,acffiorentina,34201.79,45909,0.74
seriea,2004,acmilan,63590.58,79775,0.80
seriea,2004,acsiena,9460.74,14604,0.65
seriea,2004,aslivorno,15333.63,19726,0.78
seriea,2004,asroma,49841.37,69488,0.72
seriea,2004,atalantabc,14688.74,21962,0.67
seriea,2004,bologna,19004.00,30796,0.62
seriea,2004,bresciacalcio,8658.00,24000,0.36
seriea,2004,cagliaricalcio,15915.79,23000,0.69
seriea,2004,chievoverona,12102.74,29450,0.41
seriea,2004,fcmessinapeloro,29736.84,37582,0.79
seriea,2004,interdemilao,57317.58,78775,0.73
seriea,2004,juventusfc,26428.95,54181,0.49
seriea,2004,parmafc,14144.79,23010,0.61
seriea,2004,regginacalcio,16261.05,21445,0.76
seriea,2004,sslazio,37814.11,64734,0.58
seriea,2004,ucsampdoria,23676.79,32102,0.74
seriea,2004,udinesecalcio,15810.11,24504,0.65
seriea,2004,uslecce,16113.79,30482,0.53
seriea,2004,uspalermo,33193.21,34047,0.97
seriea,2005,acffiorentina,32819.26,43907,0.75
seriea,2005,acmilan,59102.32,79706,0.74
seriea,2005,acsiena,9061.68,15373,0.59
seriea,2005,ascolicalcio1898,12709.53,22919,0.55
seriea,2005,aslivorno,12489.84,16304,0.77
seriea,2005,asroma,41615.74,68816,0.60
seriea,2005,cagliaricalcio,10994.74,25000,0.44
seriea,2005,chievoverona,8590.53,26289,0.33
seriea,2005,fcempoli,6831.26,13454,0.51
seriea,2005,fcmessinapeloro,20573.47,28066,0.73
seriea,2005,interdemilao,51436.74,78606,0.65
seriea,2005,juventusfc,30420.68,56488,0.54
seriea,2005,parmafc,14253.05,23116,0.62
seriea,2005,regginacalcio,12920.63,45000,0.29
seriea,2005,sslazio,28305.11,60040,0.47
seriea,2005,trevisofbc1993,6411.26,17389,0.37
seriea,2005,ucsampdoria,22688.21,35369,0.64
seriea,2005,udinesecalcio,16482.58,24207,0.68
seriea,2005,uslecce,12492.16,24941,0.50
seriea,2005,uspalermo,27892.32,33149,0.84
seriea,2006,acffiorentina,30321.37,41578,0.73
seriea,2006,acmilan,47061.21,78921,0.60
seriea,2006,acsiena,8463.00,14027,0.60
seriea,2006,ascolicalcio1898,7314.79,15004,0.49
seriea,2006,aslivorno,9550.00,16500,0.58
seriea,2006,asroma,40223.95,63700,0.63
seriea,2006,atalantabc,12016.63,23799,0.50
seriea,2006,cagliaricalcio,11478.95,20200,0.57
seriea,2006,cataniacalcio,18119.74,21000,0.86
seriea,2006,chievoverona,6409.16,12300,0.52
seriea,2006,fcempoli,6491.53,12700,0.51
seriea,2006,fcmessinapeloro,12855.05,23200,0.55
seriea,2006,interdemilao,49398.11,69000,0.72
seriea,2006,parmafc,14590.16,20488,0.71
seriea,2006,regginacalcio,14195.58,22400,0.63
seriea,2006,sslazio,29332.00,73000,0.40
seriea,2006,torinofc,20572.84,23695,0.87
seriea,2006,ucsampdoria,18152.58,27519,0.66
seriea,2006,udinesecalcio,14471.26,22000,0.66
seriea,2006,uspalermo,23795.89,34261,0.69
seriea,2007,acffiorentina,31830.37,42449,0.75
seriea,2007,acmilan,56916.26,81955,0.69
seriea,2007,acsiena,10497.68,15373,0.68
seriea,2007,aslivorno,10081.79,14630,0.69
seriea,2007,asroma,38464.89,62241,0.62
seriea,2007,atalantabc,11090.68,21323,0.52
seriea,2007,cagliaricalcio,13944.00,23486,0.59
seriea,2007,cataniacalcio,17891.47,23420,0.76
seriea,2007,fcempoli,7892.89,16326,0.48
seriea,2007,genoa,25024.68,37508,0.67
seriea,2007,interdemilao,51188.95,78675,0.65
seriea,2007,juventusfc,21086.79,25100,0.84
seriea,2007,parmafc,15109.47,25149,0.60
seriea,2007,regginacalcio,13140.32,23248,0.57
seriea,2007,sscnapoli,43989.26,64200,0.69
seriea,2007,sslazio,21361.74,49284,0.43
seriea,2007,torinofc,19251.53,23974,0.80
seriea,2007,ucsampdoria,21834.16,33060,0.66
seriea,2007,udinesecalcio,15375.42,25152,0.61
seriea,2007,uspalermo,25538.47,34217,0.75
seriea,2008,acffiorentina,31192.63,41839,0.75
seriea,2008,acmilan,59731.47,79057,0.76
seriea,2008,acsiena,10974.37,15373,0.71
seriea,2008,asroma,39363.53,62500,0.63
seriea,2008,atalantabc,12343.89,21814,0.57
seriea,2008,bologna,20790.74,34571,0.60
seriea,2008,cagliaricalcio,13350.00,22000,0.61
seriea,2008,cataniacalcio,18452.58,23420,0.79
seriea,2008,chievoverona,13354.42,28924,0.46
seriea,2008,genoa,26616.05,32744,0.81
seriea,2008,interdemilao,55545.68,80000,0.69
seriea,2008,juventusfc,22375.53,25451,0.88
seriea,2008,regginacalcio,12070.74,20763,0.58
seriea,2008,sscnapoli,39871.68,60210,0.66
seriea,2008,sslazio,35292.00,63800,0.55
seriea,2008,torinofc,17637.89,24250,0.73
seriea,2008,ucsampdoria,23347.53,34395,0.68
seriea,2008,udinesecalcio,16576.00,25930,0.64
seriea,2008,uslecce,12160.53,29658,0.41
seriea,2008,uspalermo,23228.26,35293,0.66
seriea,2009,acffiorentina,27431.37,38389,0.71
seriea,2009,acmilan,42988.42,78467,0.55
seriea,2009,acsiena,11071.11,15373,0.72
seriea,2009,asbari,25392.79,51943,0.49
seriea,2009,aslivorno,10668.42,15982,0.67
seriea,2009,asroma,40909.26,61898,0.66
seriea,2009,atalantabc,12989.42,21784,0.60
seriea,2009,bologna,20144.42,33067,0.61
seriea,2009,cagliaricalcio,13007.89,20000,0.65
seriea,2009,cataniacalcio,15342.32,20941,0.73
seriea,2009,chievoverona,11917.37,28136,0.42
seriea,2009,genoa,26722.58,33265,0.80
seriea,2009,interdemilao,55074.32,80018,0.69
seriea,2009,juventusfc,23338.89,27044,0.86
seriea,2009,parmafc,17057.11,25014,0.68
seriea,2009,sscnapoli,45812.00,66451,0.69
seriea,2009,sslazio,36550.79,62500,0.58
seriea,2009,ucsampdoria,25239.47,34494,0.73
seriea,2009,udinesecalcio,17027.79,23874,0.71
seriea,2009,uspalermo,25138.05,35872,0.70
seriea,2010,accesena,16469.05,22139,0.74
seriea,2010,acffiorentina,23607.79,34483,0.68
seriea,2010,acmilan,53922.16,80074,0.67
seriea,2010,asbari,19778.05,45162,0.44
seriea,2010,asroma,34648.89,60000,0.58
seriea,2010,bologna,19862.74,34092,0.58
seriea,2010,bresciacalcio,9170.32,22123,0.41
seriea,2010,cagliaricalcio,13551.89,23486,0.58
seriea,2010,cataniacalcio,13740.79,20000,0.69
seriea,2010,chievoverona,13086.68,29404,0.45
seriea,2010,genoa,23465.37,29465,0.80
seriea,2010,interdemilao,59158.95,80018,0.74
seriea,2010,juventusfc,21966.16,24908,0.88
seriea,2010,parmafc,14707.16,19615,0.75
seriea,2010,sscnapoli,45607.84,58666,0.78
seriea,2010,sslazio,29121.89,52121,0.56
seriea,2010,ucsampdoria,23014.26,26820,0.86
seriea,2010,udinesecalcio,17525.16,29644,0.59
seriea,2010,uslecce,10729.47,20386,0.53
seriea,2010,uspalermo,24854.32,29597,0.84
seriea,2011,accesena,16437.37,23860,0.69
seriea,2011,acffiorentina,21412.26,36387,0.59
seriea,2011,acmilan,49019.58,79522,0.62
seriea,2011,acsiena,10220.53,15265,0.67
seriea,2011,asroma,36219.16,50801,0.71
seriea,2011,atalantabc,15731.32,26726,0.59
seriea,2011,bologna,19448.32,30321,0.64
seriea,2011,cagliaricalcio,10110.53,20000,0.51
seriea,2011,cataniacalcio,15397.05,20839,0.74
seriea,2011,chievoverona,9580.21,22000,0.44
seriea,2011,genoa,20653.58,27527,0.75
seriea,2011,interdemilao,44778.05,78222,0.57
seriea,2011,juventusfc,37674.47,41000,0.92
seriea,2011,novaracalcio1908,11064.32,17875,0.62
seriea,2011,parmafc,13646.21,19481,0.70
seriea,2011,sscnapoli,40414.63,57402,0.70
seriea,2011,sslazio,32199.21,57148,0.56
seriea,2011,udinesecalcio,18595.37,28588,0.65
seriea,2011,uslecce,9961.47,23298,0.43
seriea,2011,uspalermo,19217.68,28941,0.66
seriea,2012,acffiorentina,25653.58,39469,0.65
seriea,2012,acmilan,44177.79,77023,0.57
seriea,2012,acsiena,9581.95,15373,0.62
seriea,2012,asroma,39894.21,54981,0.73
seriea,2012,atalantabc,15245.89,22099,0.69
seriea,2012,bologna,21342.63,35206,0.61
seriea,2012,cagliaricalcio,6598.58,16000,0.41
seriea,2012,cataniacalcio,13704.05,20381,0.67
seriea,2012,chievoverona,9842.11,20000,0.49
seriea,2012,delfinopescara1936,12760.89,21317,0.60
seriea,2012,genoa,19881.05,29218,0.68
seriea,2012,interdemilao,45796.16,79341,0.58
seriea,2012,juventusfc,38605.84,40553,0.95
seriea,2012,parmafc,12763.16,19073,0.67
seriea,2012,sscnapoli,39635.79,58143,0.68
seriea,2012,sslazio,31730.00,51461,0.62
seriea,2012,torinofc,15614.89,25753,0.61
seriea,2012,ucsampdoria,23161.37,30350,0.76
seriea,2012,udinesecalcio,15968.58,30000,0.53
seriea,2012,uspalermo,18111.37,26597,0.68
seriea,2013,acffiorentina,32057.42,40912,0.78
seriea,2013,acmilan,39874.47,75589,0.53
seriea,2013,aslivorno,10972.68,18735,0.59
seriea,2013,asroma,40321.47,54097,0.75
seriea,2013,atalantabc,14185.47,20140,0.70
seriea,2013,bologna,21592.37,31256,0.69
seriea,2013,cagliaricalcio,4288.95,6000,0.71
seriea,2013,cataniacalcio,15196.79,19945,0.76
seriea,2013,chievoverona,9675.32,20000,0.48
seriea,2013,genoa,20054.79,29878,0.67
seriea,2013,hellasverona,21120.79,25164,0.84
seriea,2013,interdemilao,46277.84,79343,0.58
seriea,2013,juventusfc,38341.95,41000,0.94
seriea,2013,parmafc,13468.00,17740,0.76
seriea,2013,sscnapoli,40632.26,56225,0.72
seriea,2013,sslazio,31328.11,49236,0.64
seriea,2013,torinofc,17024.37,25559,0.67
seriea,2013,ucsampdoria,22101.95,34292,0.64
seriea,2013,udinesecalcio,14135.00,22262,0.63
seriea,2013,ussassuolo,13985.42,22001,0.64
seriea,2014,accesena,16260.05,23661,0.69
seriea,2014,acffiorentina,30221.11,38160,0.79
seriea,2014,acmilan,36637.21,79173,0.46
seriea,2014,asroma,40135.37,55651,0.72
seriea,2014,atalantabc,15126.79,22074,0.69
seriea,2014,cagliaricalcio,10668.79,16074,0.66
seriea,2014,chievoverona,10822.53,25000,0.43
seriea,2014,fcempoli,9228.74,14698,0.63
seriea,2014,genoa,20027.63,29800,0.67
seriea,2014,hellasverona,19298.84,27155,0.71
seriea,2014,interdemilao,37270.05,74022,0.50
seriea,2014,juventusfc,38552.84,40485,0.95
seriea,2014,parmafc,11904.21,15311,0.78
seriea,2014,sscnapoli,33845.42,53006,0.64
seriea,2014,sslazio,36003.95,59385,0.61
seriea,2014,torinofc,16204.63,26296,0.62
seriea,2014,ucsampdoria,21896.11,30595,0.72
seriea,2014,udinesecalcio,9015.47,11241,0.80
seriea,2014,uspalermo,17480.53,29832,0.59
seriea,2014,ussassuolo,12757.63,20184,0.63
seriea,2015,acffiorentina,28487.37,36297,0.78
seriea,2015,acmilan,37860.95,77043,0.49
seriea,2015,asroma,35181.53,55508,0.63
seriea,2015,atalantabc,17624.74,46390,0.38
seriea,2015,bologna,18898.84,29463,0.64
seriea,2015,carpifc1909,8991.74,17755,0.51
seriea,2015,chievoverona,11208.00,25000,0.45
seriea,2015,fcempoli,9510.26,14693,0.65
seriea,2015,frosinonecalcio,7449.00,11000,0.68
seriea,2015,genoa,21025.47,26292,0.80
seriea,2015,hellasverona,18253.63,23423,0.78
seriea,2015,interdemilao,45538.21,79154,0.58
seriea,2015,juventusfc,38690.05,41305,0.94
seriea,2015,sscnapoli,38707.05,56452,0.69
seriea,2015,sslazio,21062.53,31108,0.68
seriea,2015,torinofc,19392.05,25868,0.75
seriea,2015,ucsampdoria,21349.74,31375,0.68
seriea,2015,udinesecalcio,15884.84,25467,0.62
seriea,2015,uspalermo,17715.00,33445,0.53
seriea,2015,ussassuolo,11436.74,20570,0.56
seriea,2016,acffiorentina,26470.32,34085,0.78
seriea,2016,acmilan,40292.37,77882,0.52
seriea,2016,asroma,32637.79,59716,0.55
seriea,2016,atalantabc,16943.58,19656,0.86
seriea,2016,bologna,21191.79,29233,0.72
seriea,2016,cagliaricalcio,12997.53,15874,0.82
seriea,2016,chievoverona,11210.53,22000,0.51
seriea,2016,delfinopescara1936,13293.05,20088,0.66
seriea,2016,fccrotone,8212.58,15354,0.53
seriea,2016,fcempoli,9485.58,15424,0.61
seriea,2016,genoa,21334.53,31190,0.68
seriea,2016,interdemilao,46620.42,78328,0.60
seriea,2016,juventusfc,39860.74,41475,0.96
seriea,2016,sscnapoli,36605.26,53085,0.69
seriea,2016,sslazio,20400.00,40000,0.51
seriea,2016,torinofc,19300.53,26436,0.73
seriea,2016,ucsampdoria,19621.58,29824,0.66
seriea,2016,udinesecalcio,17287.47,26008,0.66
seriea,2016,uspalermo,13204.00,27039,0.49
seriea,2016,ussassuolo,12361.74,21584,0.57
seriea,2017,acffiorentina,26092.42,34690,0.75
seriea,2017,acmilan,52689.68,78328,0.67
seriea,2017,asroma,37450.74,55775,0.67
seriea,2017,atalantabc,17925.89,20076,0.89
seriea,2017,beneventocalcio,12131.74,16867,0.72
seriea,2017,bologna,20903.42,29270,0.71
seriea,2017,cagliaricalcio,14672.11,16233,0.90
seriea,2017,chievoverona,12428.53,27000,0.46
seriea,2017,fccrotone,10580.95,15021,0.70
seriea,2017,genoa,20941.32,32288,0.65
seriea,2017,hellasverona,17332.84,29215,0.59
seriea,2017,interdemilao,57529.11,78328,0.73
seriea,2017,juventusfc,39300.58,41475,0.95
seriea,2017,spal2013,12496.68,21009,0.59
seriea,2017,sscnapoli,43049.58,55567,0.77
seriea,2017,sslazio,32592.32,68236,0.48
seriea,2017,torinofc,18528.84,26105,0.71
seriea,2017,ucsampdoria,20156.16,30117,0.67
seriea,2017,udinesecalcio,17633.42,24015,0.73
seriea,2017,ussassuolo,11229.53,21584,0.52
seriea,2018,acffiorentina,31134.79,40872,0.76
seriea,2018,acmilan,54650.84,77749,0.70
seriea,2018,asroma,38622.32,62304,0.62
seriea,2018,atalantabc,18301.11,20801,0.88
seriea,2018,bologna,21237.42,28934,0.73
seriea,2018,cagliaricalcio,14843.00,16223,0.91
seriea,2018,chievoverona,12285.26,28375,0.43
seriea,2018,fcempoli,9506.05,15889,0.60
seriea,2018,frosinonecalcio,13234.00,16225,0.82
seriea,2018,genoa,20870.05,33727,0.62
seriea,2018,interdemilao,61555.68,78275,0.79
seriea,2018,juventusfc,39231.16,41495,0.95
seriea,2018,parmacalcio1913,16522.05,20814,0.79
seriea,2018,spal,13559.37,16146,0.84
seriea,2018,sscnapoli,29000.16,46585,0.62
seriea,2018,sslazio,33631.37,60000,0.56
seriea,2018,torinofc,21343.53,26550,0.80
seriea,2018,ucsampdoria,20266.53,30548,0.66
seriea,2018,udinesecalcio,20328.89,25021,0.81
seriea,2018,ussassuolo,12516.26,21584,0.58
seriea,2021,acffiorentina,21108.53,34831,0.61
seriea,2021,acmilan,44015.42,73304,0.60
seriea,2021,asroma,41907.79,64266,0.65
seriea,2021,atalantabc,11187.37,17709,0.63
seriea,2021,bologna,14789.58,26034,0.57
seriea,2021,cagliaricalcio,9718.11,16267,0.60
seriea,2021,fcempoli,6419.63,14320,0.45
seriea,2021,genoa,12641.16,19983,0.63
seriea,2021,hellasverona,13910.42,30154,0.46
seriea,2021,interdemilao,44999.11,74947,0.60
seriea,2021,juventusfc,23800.05,40515,0.59
seriea,2021,salernitanacalcio1919,15134.16,29739,0.51
seriea,2021,speziacalcio,6877.63,11382,0.60
seriea,2021,sscnapoli,28982.42,54000,0.54
seriea,2021,sslazio,23526.32,50000,0.47
seriea,2021,torinofc,9847.11,23500,0.42
seriea,2021,ucsampdoria,9415.63,30136,0.31
seriea,2021,udinesecalcio,12144.47,20950,0.58
seriea,2021,ussassuolo,7615.32,21584,0.35
seriea,2021,veneziafc,6674.47,10459,0.64
seriea,2022,acffiorentina,32200.47,40410,0.80
seriea,2022,acmilan,71880.47,75530,0.95
seriea,2022,acmonza,12412.63,15039,0.83
seriea,2022,asroma,62033.47,64286,0.96
seriea,2022,atalantabc,18240.68,19570,0.93
seriea,2022,bologna,22313.68,30071,0.74
seriea,2022,fcempoli,10293.32,15519,0.66
seriea,2022,hellasverona,19206.95,24000,0.80
seriea,2022,interdemilao,72630.42,75584,0.96
seriea,2022,juventusfc,37671.79,41003,0.92
seriea,2022,salernitanacalcio1919,20067.68,29541,0.68
seriea,2022,speziacalcio,9389.84,11767,0.80
seriea,2022,sscnapoli,46311.16,54726,0.85
seriea,2022,sslazio,44650.95,64171,0.70
seriea,2022,torinofc,19508.32,26133,0.75
seriea,2022,ucsampdoria,20123.95,27573,0.73
seriea,2022,udinesecalcio,21615.47,24992,0.86
seriea,2022,uscremonese,11986.11,14896,0.80
seriea,2022,uslecce,24654.42,26084,0.95
seriea,2022,ussassuolo,13551.00,19566,0.69
seriea,2023,acffiorentina,29000.79,38225,0.76
seriea,2023,acmilan,71999.84,75676,0.95
seriea,2023,acmonza,12178.63,15148,0.80
seriea,2023,asroma,62925.16,67334,0.93
seriea,2023,atalantabc,14724.68,14985,0.98
seriea,2023,bologna,25914.05,30204,0.86
seriea,2023,cagliaricalcio,16167.74,16412,0.99
seriea,2023,fcempoli,10860.95,15896,0.68
seriea,2023,frosinonecalcio,14646.32,16056,0.91
seriea,2023,genoa,31986.26,33275,0.96
seriea,2023,hellasverona,21362.68,28311,0.75
seriea,2023,interdemilao,72838.21,75573,0.96
seriea,2023,juventusfc,39345.11,41507,0.95
seriea,2023,salernitanacalcio1919,18161.58,29405,0.62
seriea,2023,sscnapoli,46976.58,52250,0.90
seriea,2023,sslazio,43715.79,63000,0.69
seriea,2023,torinofc,22752.53,27788,0.82
seriea,2023,udinesecalcio,21546.58,24993,0.86
seriea,2023,uslecce,26644.47,29081,0.92
seriea,2023,ussassuolo,14577.68,20141,0.72
seriea,2024,acffiorentina,20357.53,22495,0.90
seriea,2024,acmilan,71512.32,75502,0.95
seriea,2024,acmonza,11104.11,15479,0.72
seriea,2024,asroma,62434.58,68143,0.92
seriea,2024,atalantabc,22675.47,23249,0.98
seriea,2024,bologna,27973.89,31978,0.87
seriea,2024,cagliaricalcio,16085.11,16412,0.98
seriea,2024,como1907,10524.21,13602,0.77
seriea,2024,fcempoli,10781.79,15715,0.69
seriea,2024,genoa,31109.00,33435,0.93
seriea,2024,hellasverona,24882.11,29575,0.84
seriea,2024,interdemilao,70128.63,75366,0.93
seriea,2024,juventusfc,40236.74,41375,0.97
seriea,2024,napoli,51036.58,53851,0.95
seriea,2024,parmacalcio1913,19124.74,22005,0.87
seriea,2024,sslazio,44076.74,63000,0.70
seriea,2024,torinofc,23323.95,27958,0.83
seriea,2024,udinesecalcio,21823.21,24990,0.87
seriea,2024,uslecce,26006.84,28719,0.91
seriea,2024,veneziafc,10379.32,12048,0.86
serieb,2002,acsiena,6301.11,9343,0.67
serieb,2002,acvenezia1907,2889.11,5031,0.57
serieb,2002,anconacalcio,8536.37,19006,0.45
serieb,2002,asbari,5613.42,22578,0.25
serieb,2002,ascolicalcio1898,8390.84,13262,0.63
serieb,2002,aslivorno,10886.32,17244,0.63
serieb,2002,cagliaricalcio,7046.68,12342,0.57
serieb,2002,cataniacalcio,11660.00,21000,0.56
serieb,2002,cosenzacalcio1914,3541.26,5824,0.61
serieb,2002,fcmessinapeloro,7053.89,9239,0.76
serieb,2002,genoa,12370.79,35051,0.35
serieb,2002,hellasverona,11212.21,17353,0.65
serieb,2002,sscnapoli,28599.11,64367,0.44
serieb,2002,ternanacalcio,8871.74,13337,0.67
serieb,2002,ucsampdoria,21630.05,37626,0.57
serieb,2002,uslecce,11054.84,35038,0.32
serieb,2002,uspalermo,16281.79,31572,0.52
serieb,2002,ussalernitana,8501.26,16426,0.52
serieb,2002,ustriestina,10475.89,16984,0.62
serieb,2002,vicenzacalcio,6398.63,13368,0.48
serieb,2003,acffiorentina,25886.52,33589,0.77
serieb,2003,acvenezia1907,2790.43,4691,0.59
serieb,2003,asbari,6619.57,18306,0.36
serieb,2003,ascolicalcio1898,5608.87,9058,0.62
serieb,2003,aslivorno,10649.26,18001,0.59
serieb,2003,atalantabc,11679.74,23500,0.50
serieb,2003,cagliaricalcio,12110.52,20000,0.61
serieb,2003,cataniacalcio,10170.87,21188,0.48
serieb,2003,comocalcio,2833.13,5355,0.53
serieb,2003,fcmessinapeloro,10162.22,12000,0.85
serieb,2003,genoa,17347.09,22630,0.77
serieb,2003,hellasverona,10666.91,23141,0.46
serieb,2003,pescaracalcio,4709.04,8386,0.56
serieb,2003,piacenzafc,5225.70,13229,0.40
serieb,2003,sscnapoli,19073.78,26062,0.73
serieb,2003,ternanacalcio,8645.04,14342,0.60
serieb,2003,torinocalcio,9830.52,20250,0.49
serieb,2003,trevisofbc1993,3340.61,5140,0.65
serieb,2003,ucalbinoleffe,2458.26,12648,0.19
serieb,2003,usavellino,8636.87,15000,0.58
serieb,2003,uspalermo,23559.43,32640,0.72
serieb,2003,ussalernitana,10468.70,17195,0.61
serieb,2003,ustriestina,7905.43,10356,0.76
serieb,2003,vicenzacalcio,7170.26,11972,0.60
serieb,2004,acarezzo,5681.81,10539,0.54
serieb,2004,accesena,7592.52,11952,0.64
serieb,2004,acperugia,6716.62,13000,0.52
serieb,2004,acvenezia1907,2207.48,4504,0.49
serieb,2004,asbari,4891.43,15003,0.33
serieb,2004,ascolicalcio1898,6083.00,17287,0.35
serieb,2004,cataniacalcio,8930.67,13386,0.67
serieb,2004,fccrotone,4301.29,8681,0.50
serieb,2004,fcempoli,4001.57,13447,0.30
serieb,2004,genoa,21800.24,33951,0.64
serieb,2004,hellasverona,11554.95,16270,0.71
serieb,2004,modenafc,7915.29,11418,0.69
serieb,2004,pescaracalcio,3904.76,18209,0.21
serieb,2004,piacenzafc,7812.00,18701,0.42
serieb,2004,ternanacalcio,3886.81,14858,0.26
serieb,2004,torinocalcio,10018.00,18693,0.54
serieb,2004,trevisofbc1993,4014.71,7021,0.57
serieb,2004,ucalbinoleffe,1721.71,3529,0.49
serieb,2004,uscatanzaro,6624.10,10443,0.63
serieb,2004,ussalernitana,8749.86,26490,0.33
serieb,2004,ustriestina,6319.62,9832,0.64
serieb,2004,vicenzacalcio,7519.81,12084,0.62
serieb,2005,acarezzo,5086.24,7509,0.68
serieb,2005,accesena,7653.95,12130,0.63
serieb,2005,acmantova1911,8584.86,13926,0.62
serieb,2005,asbari,4866.62,7310,0.67
serieb,2005,atalantabc,10126.10,18957,0.53
serieb,2005,bologna,10102.43,18426,0.55
serieb,2005,bresciacalcio,4490.57,8365,0.54
serieb,2005,cataniacalcio,14483.38,21327,0.68
serieb,2005,fccrotone,5123.29,8243,0.62
serieb,2005,hellasverona,9019.67,21000,0.43
serieb,2005,modenafc,7575.86,11179,0.68
serieb,2005,pescaracalcio,3375.90,5266,0.64
serieb,2005,piacenzafc,4743.95,7545,0.63
serieb,2005,riminifc,6137.90,9350,0.66
serieb,2005,ternanacalcio,4010.14,5187,0.77
serieb,2005,torinofc,24994.86,37450,0.67
serieb,2005,ucalbinoleffe,1476.81,5680,0.26
serieb,2005,usavellino,6516.76,8699,0.75
serieb,2005,uscatanzaro,5516.24,8500,0.65
serieb,2005,uscremonese,4312.00,20000,0.22
serieb,2005,ustriestina,5717.29,8500,0.67
serieb,2005,vicenzacalcio,5272.38,8818,0.60
serieb,2006,acarezzo,4135.29,9435,0.44
serieb,2006,accesena,8561.10,18913,0.45
serieb,2006,acmantova1911,8984.62,14882,0.60
serieb,2006,asbari,7679.48,24924,0.31
serieb,2006,bologna,10949.29,33000,0.33
serieb,2006,bresciacalcio,4452.76,8583,0.52
serieb,2006,fccrotone,5797.29,10047,0.58
serieb,2006,frosinonecalcio,5071.90,8552,0.59
serieb,2006,genoa,19934.10,34129,0.58
serieb,2006,hellasverona,9864.14,22500,0.44
serieb,2006,juventusfc,18085.29,21953,0.82
serieb,2006,modenafc,8884.71,12552,0.71
serieb,2006,pescaracalcio,3435.33,17503,0.20
serieb,2006,piacenzafc,4893.57,18444,0.27
serieb,2006,riminifc,6902.57,10460,0.66
serieb,2006,speziacalcio1906,7397.71,10822,0.68
serieb,2006,sscnapoli,35399.10,59406,0.60
serieb,2006,trevisofbc1993,3537.33,9748,0.36
serieb,2006,ucalbinoleffe,2459.05,16751,0.15
serieb,2006,uslecce,6589.48,16452,0.40
serieb,2006,ustriestina,7879.14,24710,0.32
serieb,2006,vicenzacalcio,5733.48,8058,0.71
serieb,2007,accesena,7325.14,11173,0.66
serieb,2007,acmantova1911,8451.38,13753,0.61
serieb,2007,acpisa1909,11038.76,19140,0.58
serieb,2007,asbari,4708.67,21139,0.22
serieb,2007,ascolicalcio1898,6348.52,9177,0.69
serieb,2007,bologna,14335.14,35114,0.41
serieb,2007,bresciacalcio,5088.90,10264,0.50
serieb,2007,chievoverona,7290.38,18016,0.40
serieb,2007,fcmessinapeloro,5009.33,30812,0.16
serieb,2007,frosinonecalcio,4063.00,5847,0.69
serieb,2007,modenafc,8322.48,12817,0.65
serieb,2007,piacenzafc,3170.05,4605,0.69
serieb,2007,ravennacalcio,3289.24,7648,0.43
serieb,2007,riminifc,5332.52,8134,0.66
serieb,2007,speziacalcio1906,6497.33,8113,0.80
serieb,2007,trevisofbc1993,4732.29,22013,0.21
serieb,2007,ucalbinoleffe,4232.24,10786,0.39
serieb,2007,usavellino,4083.05,7500,0.54
serieb,2007,usgrossetofc,3761.95,10000,0.38
serieb,2007,uslecce,8462.62,22460,0.38
serieb,2007,ustriestina,6330.71,7057,0.90
serieb,2007,vicenzacalcio,7082.76,10300,0.69
serieb,2008,acancona,5620.48,8396,0.67
serieb,2008,acmantova1911,6420.14,8605,0.75
serieb,2008,acpisa1909,9625.43,12631,0.76
serieb,2008,asbari,15357.38,46470,0.33
serieb,2008,ascittadella,1888.38,5183,0.36
serieb,2008,ascolicalcio1898,5237.24,8561,0.61
serieb,2008,aslivorno,7850.95,10254,0.77
serieb,2008,bresciacalcio,3136.43,5067,0.62
serieb,2008,fcempoli,4165.76,7675,0.54
serieb,2008,frosinonecalcio,3462.81,4569,0.76
serieb,2008,modenafc,5631.71,8596,0.66
serieb,2008,parmafc,10246.86,12265,0.84
serieb,2008,piacenzafc,3146.95,5777,0.54
serieb,2008,riminifc,4208.81,6362,0.66
serieb,2008,salernitanacalcio1919,11550.90,22711,0.51
serieb,2008,trevisofbc1993,2868.52,3874,0.74
serieb,2008,ucalbinoleffe,3386.48,5254,0.64
serieb,2008,usavellino,2885.33,5040,0.57
serieb,2008,usgrossetofc,3266.67,4566,0.72
serieb,2008,ussassuolo,3846.81,12417,0.31
serieb,2008,ustriestina,5774.90,10442,0.55
serieb,2008,vicenzacalcio,7338.29,9333,0.79
serieb,2009,acancona,5550.52,8021,0.69
serieb,2009,accesena,11271.95,16055,0.70
serieb,2009,acmantova1911,5399.43,7500,0.72
serieb,2009,ascittadella,2955.14,6082,0.49
serieb,2009,ascolicalcio1898,4939.67,12883,0.38
serieb,2009,bresciacalcio,3936.14,10751,0.37
serieb,2009,calciopadova,6984.14,13733,0.51
serieb,2009,fccrotone,4447.24,7622,0.58
serieb,2009,fcempoli,3442.19,11423,0.30
serieb,2009,frosinonecalcio,3986.43,6867,0.58
serieb,2009,gallipolicalcio,1342.62,7584,0.18
serieb,2009,modenafc,5737.43,7691,0.75
serieb,2009,piacenzafc,3344.52,8066,0.41
serieb,2009,regginacalcio,6680.76,15000,0.45
serieb,2009,salernitanacalcio1919,6367.57,11993,0.53
serieb,2009,torinofc,13584.38,18606,0.73
serieb,2009,ucalbinoleffe,3068.14,4048,0.76
serieb,2009,usgrossetofc,2797.95,5049,0.55
serieb,2009,uslecce,7842.71,27601,0.28
serieb,2009,ussassuolo,3243.00,10319,0.31
serieb,2009,ustriestina,6387.29,7553,0.85
serieb,2009,vicenzacalcio,7325.19,10576,0.69
serieb,2010,acsiena,7254.71,9207,0.79
serieb,2010,ascittadella,2503.38,4889,0.51
serieb,2010,ascolicalcio1898,6012.19,9480,0.63
serieb,2010,aslivorno,4451.67,6949,0.64
serieb,2010,atalantabc,18300.14,21000,0.87
serieb,2010,calciopadova,6361.52,10321,0.62
serieb,2010,calcioportogruarosummaga,1392.38,2500,0.56
serieb,2010,delfinopescara1936,8057.62,18326,0.44
serieb,2010,fccrotone,3428.05,4962,0.69
serieb,2010,fcempoli,2729.67,4677,0.58
serieb,2010,frosinonecalcio,2752.48,4467,0.62
serieb,2010,modenafc,5283.48,8432,0.63
serieb,2010,novaracalcio1908,5427.48,9300,0.58
serieb,2010,piacenzafc,2701.33,4347,0.62
serieb,2010,regginacalcio,4569.95,6668,0.69
serieb,2010,torinofc,10936.33,24244,0.45
serieb,2010,ucalbinoleffe,2159.90,10423,0.21
serieb,2010,usgrossetofc,2182.29,4494,0.49
serieb,2010,ussassuolo,2769.14,9390,0.29
serieb,2010,ustriestina,4378.52,5542,0.79
serieb,2010,varese1910,4999.90,8185,0.61
serieb,2010,vicenzacalcio,5733.43,7258,0.79
serieb,2011,asbari,4907.38,6687,0.73
serieb,2011,ascittadella,2354.29,3661,0.64
serieb,2011,ascolicalcio1898,3090.76,5513,0.56
serieb,2011,asgnocerina,4787.67,7756,0.62
serieb,2011,asgubbio1910,3421.67,4434,0.77
serieb,2011,aslivorno,4541.29,8094,0.56
serieb,2011,bresciacalcio2025,4434.10,8000,0.55
serieb,2011,calciopadova,7655.38,10997,0.70
serieb,2011,delfinopescara1936,14379.81,23361,0.62
serieb,2011,fccrotone,3516.19,4541,0.77
serieb,2011,fcempoli,2687.24,4264,0.63
serieb,2011,hellasverona,14084.43,18514,0.76
serieb,2011,modenafc,4969.19,8306,0.60
serieb,2011,regginacalcio,4442.43,8063,0.55
serieb,2011,ssjuvestabia,3215.90,5500,0.58
serieb,2011,torinofc,14058.67,25529,0.55
serieb,2011,ucalbinoleffe,2122.00,5573,0.38
serieb,2011,ucsampdoria,20551.62,25188,0.82
serieb,2011,usgrossetofc,1921.81,2883,0.67
serieb,2011,ussassuolo,3249.71,10595,0.31
serieb,2011,varese1910,3591.05,6526,0.55
serieb,2011,vicenzacalcio,6008.71,8715,0.69
serieb,2012,accesena,9550.81,11656,0.82
serieb,2012,asbari,6591.10,9673,0.68
serieb,2012,ascittadella,2358.81,4036,0.58
serieb,2012,ascolicalcio1898,3081.14,6057,0.51
serieb,2012,aslivorno,5666.81,9737,0.58
serieb,2012,bresciacalcio,4380.95,8000,0.55
serieb,2012,calciopadova,5873.00,10142,0.58
serieb,2012,fccrotone,3766.62,4704,0.80
serieb,2012,fcempoli,2715.57,3984,0.68
serieb,2012,fcprovercelli1892,2013.86,3005,0.67
serieb,2012,hellasverona,15401.81,24779,0.62
serieb,2012,modenafc,5064.95,12607,0.40
serieb,2012,novaracalcio1908,4674.76,7611,0.61
serieb,2012,regginacalcio,3286.52,4524,0.73
serieb,2012,speziacalcio,5725.76,7520,0.76
serieb,2012,ssjuvestabia,2478.67,4468,0.55
serieb,2012,ssvirtuslanciano1924,2184.24,3000,0.73
serieb,2012,ternanacalcio,5465.10,6820,0.80
serieb,2012,usgrossetofc,1511.24,2388,0.63
serieb,2012,ussassuolo,4464.86,15157,0.29
serieb,2012,varese1910,3563.81,4985,0.71
serieb,2012,vicenzacalcio,6809.57,9578,0.71
serieb,2013,accesena,10356.76,13343,0.78
serieb,2013,acsiena,5743.05,6800,0.84
serieb,2013,asavellino1912,8000.00,10000,0.80
serieb,2013,asbari,11569.29,48744,0.24
serieb,2013,ascittadella,2526.00,5300,0.48
serieb,2013,bresciacalcio,4233.33,5019,0.84
serieb,2013,calciopadova,5690.10,9603,0.59
serieb,2013,carpifc1909,2380.57,4100,0.58
serieb,2013,delfinopescara1936,8497.52,12445,0.68
serieb,2013,fccrotone,4381.19,8272,0.53
serieb,2013,fcempoli,4420.81,13703,0.32
serieb,2013,modenafc,5115.86,9710,0.53
serieb,2013,novaracalcio1908,5069.29,8191,0.62
serieb,2013,regginacalcio,4324.10,14713,0.29
serieb,2013,speziacalcio,5928.90,8837,0.67
serieb,2013,ssjuvestabia,2390.24,3368,0.71
serieb,2013,ssvirtuslanciano1924,3083.29,4674,0.66
serieb,2013,ternanacalcio,5213.29,7979,0.65
serieb,2013,trapanicalcio,5178.90,7146,0.72
serieb,2013,uslatinacalcio,5352.29,6840,0.78
serieb,2013,uspalermo,11128.67,27829,0.40
serieb,2013,varese1910,3539.48,6183,0.57
serieb,2014,acdventellachiaveri,2171.90,3300,0.66
serieb,2014,acperugiacalcio,10833.19,16124,0.67
serieb,2014,asavellino1912,7166.67,9000,0.80
serieb,2014,ascittadella,2643.48,5716,0.46
serieb,2014,aslivorno,6334.81,8940,0.71
serieb,2014,bologna,15176.62,21436,0.71
serieb,2014,bresciacalcio,5945.95,8712,0.68
serieb,2014,carpifc1909,3019.81,4144,0.73
serieb,2014,cataniacalcio,13458.52,17271,0.78
serieb,2014,delfinopescara1936,7052.19,10689,0.66
serieb,2014,fcbari1908,19104.43,38436,0.50
serieb,2014,fccrotone,4526.67,8500,0.53
serieb,2014,fcprovercelli1892,2988.29,3657,0.82
serieb,2014,frosinonecalcio,5088.05,8422,0.60
serieb,2014,modenafc,5461.33,11699,0.47
serieb,2014,speziacalcio,6298.76,7855,0.80
serieb,2014,ssvirtuslanciano1924,3024.14,4502,0.67
serieb,2014,ternanacalcio,4922.67,11840,0.42
serieb,2014,trapanicalcio,5037.52,7056,0.71
serieb,2014,uslatinacalcio,3809.52,5434,0.70
serieb,2014,varese1910,2976.95,4162,0.72
serieb,2014,vicenzacalcio,7869.52,10859,0.72
serieb,2015,accesena,12176.90,14353,0.85
serieb,2015,acdventellachiaveri,2172.38,5521,0.39
serieb,2015,acperugiacalcio,9243.48,12075,0.77
serieb,2015,ascolipicchio,6574.62,9216,0.71
serieb,2015,aslivorno,6177.86,9839,0.63
serieb,2015,bresciacalcio,7663.29,10397,0.74
serieb,2015,cagliaricalcio,12466.57,15551,0.80
serieb,2015,calciocomo,3179.86,6035,0.53
serieb,2015,delfinopescara1936,8111.10,13790,0.59
serieb,2015,fcbari1908,21413.19,31107,0.69
serieb,2015,fccrotone,7060.76,9263,0.76
serieb,2015,fcprovercelli1892,3046.71,5352,0.57
serieb,2015,modenafc,5006.90,8355,0.60
serieb,2015,novaracalcio1908,4890.14,6655,0.73
serieb,2015,speziacalcio,7255.48,8198,0.89
serieb,2015,ssvirtuslanciano1924,2731.29,4181,0.65
serieb,2015,ternanacalcio,3877.38,10453,0.37
serieb,2015,trapanicalcio,5088.29,6959,0.73
serieb,2015,usavellino1912,6313.67,10125,0.62
serieb,2015,uslatinacalcio,3117.57,3938,0.79
serieb,2015,ussalernitana1919,12148.33,22140,0.55
serieb,2015,vicenzacalcio,7680.19,11104,0.69
serieb,2016,accesena,12339.29,17048,0.72
serieb,2016,acdventellachiaveri,2252.05,4505,0.50
serieb,2016,acperugiacalcio,9379.00,12811,0.73
serieb,2016,acpisa1909,6786.05,8645,0.78
serieb,2016,ascittadella,3046.71,5967,0.51
serieb,2016,ascolipicchio,5483.71,7128,0.77
serieb,2016,beneventocalcio,8129.90,11521,0.71
serieb,2016,bresciacalcio,7704.48,14358,0.54
serieb,2016,carpifc1909,2432.81,3683,0.66
serieb,2016,fcbari1908,16330.67,22671,0.72
serieb,2016,fcprovercelli1892,2864.14,4582,0.63
serieb,2016,frosinonecalcio,5922.76,7229,0.82
serieb,2016,hellasverona,14773.62,20848,0.71
serieb,2016,novaracalcio1908,4212.33,7402,0.57
serieb,2016,spal2013,7819.71,9238,0.85
serieb,2016,speziacalcio,7104.62,8690,0.82
serieb,2016,ternanacalcio,4010.29,9939,0.40
serieb,2016,trapanicalcio,5057.86,6345,0.80
serieb,2016,usavellino1912,5674.38,9500,0.60
serieb,2016,uslatinacalcio,2450.81,4485,0.55
serieb,2016,ussalernitana1919,10923.71,19709,0.55
serieb,2016,vicenzacalcio,7791.71,10697,0.73
serieb,2017,accesena,12105.95,16234,0.75
serieb,2017,acdventellachiaveri,2442.76,9037,0.27
serieb,2017,acperugiacalcio,8667.57,13696,0.63
serieb,2017,ascittadella,3537.29,5099,0.69
serieb,2017,ascolipicchio,5370.71,8764,0.61
serieb,2017,bresciacalcio2025,6873.38,8670,0.79
serieb,2017,carpifc1909,2180.67,3487,0.63
serieb,2017,delfinopescara1936,7570.71,12672,0.60
serieb,2017,fcbari1908,15610.00,33567,0.47
serieb,2017,fcempoli,5080.29,9132,0.56
serieb,2017,fcprovercelli1892,2753.57,4446,0.62
serieb,2017,foggiacalcio,10958.81,14343,0.76
serieb,2017,frosinonecalcio,10316.48,16286,0.63
serieb,2017,novaracalcio1908,4044.10,5735,0.71
serieb,2017,parmacalcio1913,11385.86,14820,0.77
serieb,2017,speziacalcio,5639.24,8270,0.68
serieb,2017,ternanaunicusanocalcio,4768.62,9509,0.50
serieb,2017,usavellino1912,4561.14,10000,0.46
serieb,2017,uscremonese,7158.95,10958,0.65
serieb,2017,uspalermo,8499.24,23207,0.37
serieb,2017,ussalernitana1919,8720.95,16813,0.52
serieb,2017,veneziafc,4199.24,5944,0.71
serieb,2018,acperugiacalcio,7862.00,9501,0.83
serieb,2018,ascittadella,4220.78,6605,0.64
serieb,2018,ascolicalcio,6061.56,8416,0.72
serieb,2018,aslivorno,5879.50,6594,0.89
serieb,2018,beneventocalcio,10668.83,13622,0.78
serieb,2018,bresciacalcio2025,8230.78,14000,0.59
serieb,2018,calciopadova,7543.44,9338,0.81
serieb,2018,carpifc1909,2269.72,3812,0.60
serieb,2018,cosenzacalcio,7696.78,12375,0.62
serieb,2018,delfinopescara1936,6839.11,9099,0.75
serieb,2018,fccrotone,6422.72,10565,0.61
serieb,2018,foggiacalcio,10217.39,12537,0.81
serieb,2018,hellasverona,10143.22,14517,0.70
serieb,2018,speziacalcio,5436.44,6508,0.84
serieb,2018,uscremonese,7234.33,11840,0.61
serieb,2018,uslecce,12115.50,25135,0.48
serieb,2018,uspalermo,9393.17,28351,0.33
serieb,2018,ussalernitana1919,8141.00,12979,0.63
serieb,2018,veneziafc,3680.67,5630,0.65
serieb,2021,acmonza,4011.58,8402,0.48
serieb,2021,acperugiacalcio,4081.89,7556,0.54
serieb,2021,ascittadella,1652.89,3161,0.52
serieb,2021,ascolicalcio,4286.68,7651,0.56
serieb,2021,beneventocalcio,3915.58,6823,0.57
serieb,2021,bresciacalcio2025,4687.68,8710,0.54
serieb,2021,como1907,2913.11,11454,0.25
serieb,2021,cosenzacalcio,3889.79,11454,0.34
serieb,2021,fccrotone,1964.79,3704,0.53
serieb,2021,frosinonecalcio,5384.58,8927,0.60
serieb,2021,lrvicenza,4902.05,10019,0.49
serieb,2021,parmacalcio1913,5617.16,7916,0.71
serieb,2021,pisasportingclub,5158.74,7674,0.67
serieb,2021,pordenonecalcio,883.63,1830,0.48
serieb,2021,reggina1914,4962.37,8693,0.57
serieb,2021,spal,4305.58,7653,0.56
serieb,2021,ternanacalcio,3276.11,10354,0.32
serieb,2021,usalessandriacalcio1912,2499.84,4838,0.52
serieb,2021,uscremonese,4183.32,12119,0.35
serieb,2021,uslecce,10205.37,26904,0.38
serieb,2022,acperugiacalcio,6098.37,9736,0.63
serieb,2022,ascittadella,3379.47,5962,0.57
serieb,2022,ascolicalcio,7192.89,9126,0.79
serieb,2022,beneventocalcio,7789.63,9109,0.86
serieb,2022,bresciacalcio2025,5224.84,10183,0.51
serieb,2022,cagliaricalcio,13563.37,16150,0.84
serieb,2022,como1907,4660.21,6526,0.71
serieb,2022,cosenzacalcio,5879.58,14248,0.41
serieb,2022,fcsudtirol,4441.05,5500,0.81
serieb,2022,frosinonecalcio,11321.53,15937,0.71
serieb,2022,genoa,25909.05,32464,0.80
serieb,2022,modenafc,10088.79,14030,0.72
serieb,2022,palermofc,20388.58,32235,0.63
serieb,2022,parmacalcio1913,10751.58,14839,0.72
serieb,2022,pisasportingclub,7970.68,9842,0.81
serieb,2022,reggina1914,11161.26,16482,0.68
serieb,2022,spal,8618.21,12257,0.70
serieb,2022,sscbari,24586.53,48887,0.50
serieb,2022,ternanacalcio,5465.11,11828,0.46
serieb,2022,veneziafc,4773.00,8633,0.55
serieb,2023,acreggiana1919,9783.16,16121,0.61
serieb,2023,ascittadella,3874.42,6749,0.57
serieb,2023,ascolicalcio,7063.89,9408,0.75
serieb,2023,bresciacalcio2025,5612.95,12042,0.47
serieb,2023,calciolecco1912,3925.42,5431,0.72
serieb,2023,como1907,6012.21,7436,0.81
serieb,2023,cosenzacalcio,6890.89,18125,0.38
serieb,2023,fccatanzaro,9915.79,14650,0.68
serieb,2023,fcsudtirol,3866.79,5509,0.70
serieb,2023,feralpisalo,2057.32,4509,0.46
serieb,2023,modenafc,10066.68,15170,0.66
serieb,2023,palermofc,22636.00,31211,0.73
serieb,2023,parmacalcio1913,13328.26,19023,0.70
serieb,2023,pisasportingclub,7044.58,8525,0.83
serieb,2023,speziacalcio,5943.16,10273,0.58
serieb,2023,sscbari,17248.63,22811,0.76
serieb,2023,ternanacalcio,5127.21,7302,0.70
serieb,2023,ucsampdoria,22641.37,27086,0.84
serieb,2023,uscremonese,9373.32,12785,0.73
serieb,2023,veneziafc,6668.37,10869,0.61
serieb,2024,acreggiana1919,9788.26,12039,0.81
serieb,2024,ascittadella,3552.42,7143,0.50
serieb,2024,bresciacalcio2025,6293.47,14983,0.42
serieb,2024,carraresecalcio1908,3565.84,4224,0.84
serieb,2024,cesenafc,11757.89,13974,0.84
serieb,2024,cosenzacalcio,5177.58,10603,0.49
serieb,2024,fccatanzaro,9454.16,13297,0.71
serieb,2024,fcsudtirol,3876.74,4963,0.78
serieb,2024,frosinonecalcio,10417.16,11709,0.89
serieb,2024,mantova1911,8729.16,11219,0.78
serieb,2024,modenafc,9738.74,14470,0.67
serieb,2024,palermofc,20497.21,25787,0.79
serieb,2024,pisasportingclub,8859.32,11043,0.80
serieb,2024,salernitanacalcio1919,13264.58,19469,0.68
serieb,2024,speziacalcio,9102.05,13809,0.66
serieb,2024,sscbari,15892.00,24425,0.65
serieb,2024,ssjuvestabia,4559.21,6840,0.67
serieb,2024,ucsampdoria,23279.95,31370,0.74
serieb,2024,uscremonese,8940.00,10565,0.85
serieb,2024,ussassuolo,5569.05,11241,0.50
superlig,2014,akhisarbelediyespor,4200.00,9000,0.47
superlig,2014,balikesirspor,5335.29,12500,0.43
superlig,2014,basaksehirfk,2679.41,7500,0.36
superlig,2014,besiktasjk,13408.47,32613,0.41
superlig,2014,bursaspor,8708.24,19000,0.46
superlig,2014,caykurrizespor,3352.94,7200,0.47
superlig,2014,eskisehirspor,5647.06,10000,0.56
superlig,2014,fenerbahce,19389.18,41630,0.47
superlig,2014,galatasaray,24544.35,47310,0.52
superlig,2014,gaziantepspor,3291.18,7500,0.44
superlig,2014,genclerbirligiankara,3235.29,9000,0.36
superlig,2014,kardemirkarabukspor,3726.47,11500,0.32
superlig,2014,kasimpasa,2344.53,8900,0.26
superlig,2014,kayserierciyesspor,2869.12,6000,0.48
superlig,2014,konyaspor,19073.41,40600,0.47
superlig,2014,mersinidmanyurdu,7208.82,16500,0.44
superlig,2014,sivasspor,5484.12,12000,0.46
superlig,2014,trabzonspor,9511.59,18000,0.53
superlig,2015,akhisarbelediyespor,2390.59,12094,0.20
superlig,2015,antalyaspor,9287.94,21735,0.43
superlig,2015,basaksehirfk,2684.12,6870,0.39
superlig,2015,besiktasjk,18757.53,38421,0.49
superlig,2015,bursaspor,13195.41,24034,0.55
superlig,2015,caykurrizespor,3246.76,7899,0.41
superlig,2015,eskisehirspor,6576.53,11130,0.59
superlig,2015,fenerbahce,28857.47,45070,0.64
superlig,2015,galatasaray,19466.41,37748,0.52
superlig,2015,gaziantepspor,3424.59,7535,0.45
superlig,2015,genclerbirligiankara,2965.24,7802,0.38
superlig,2015,kasimpasa,1944.47,4517,0.43
superlig,2015,kayserispor,4540.00,13060,0.35
superlig,2015,konyaspor,15605.82,32863,0.47
superlig,2015,mersinidmanyurdu,5245.12,12388,0.42
superlig,2015,osmanlisporfk,4415.59,8500,0.52
superlig,2015,sivasspor,4879.24,10172,0.48
superlig,2015,trabzonspor,10841.88,20384,0.53
superlig,2021,adanademirspor,13513.63,27180,0.50
superlig,2021,alanyaspor,1933.63,5772,0.34
superlig,2021,altaysk,4105.11,10059,0.41
superlig,2021,antalyaspor,6322.05,19003,0.33
superlig,2021,basaksehirfk,1013.16,3717,0.27
superlig,2021,besiktasjk,18506.42,38563,0.48
superlig,2021,caykurrizespor,2728.32,5221,0.52
superlig,2021,fatihkaragumruk,601.11,3892,0.15
superlig,2021,fenerbahce,24722.32,43878,0.56
superlig,2021,galatasaray,21424.63,47678,0.45
superlig,2021,gaziantepfk,3182.58,12480,0.26
superlig,2021,giresunspor,5679.05,15530,0.37
superlig,2021,goztepe,8978.32,18228,0.49
superlig,2021,hatayspor,5236.37,11751,0.45
superlig,2021,kasimpasa,1294.53,2600,0.50
superlig,2021,kayserispor,4563.42,13142,0.35
superlig,2021,konyaspor,7992.89,23483,0.34
superlig,2021,sivasspor,3267.53,7618,0.43
superlig,2021,trabzonspor,28873.74,68514,0.42
superlig,2021,yenimalatyaspor,1811.21,6081,0.30
superlig,2023,adanademirspor,11444.26,27702,0.41
superlig,2023,alanyaspor,3073.53,7761,0.40
superlig,2023,antalyaspor,8862.16,23153,0.38
superlig,2023,basaksehirfk,2597.63,7100,0.37
superlig,2023,besiktasjk,23663.16,39558,0.60
superlig,2023,caykurrizespor,5103.47,11092,0.46
superlig,2023,fatihkaragumruk,2683.74,25731,0.10
superlig,2023,fenerbahce,38210.16,45401,0.84
superlig,2023,galatasaray,43112.84,53775,0.80
superlig,2023,gaziantepfk,8207.21,23889,0.34
superlig,2023,hatayspor,5820.68,20573,0.28
superlig,2023,istanbulspor,2013.11,21038,0.10
superlig,2023,kasimpasa,2469.63,7454,0.33
superlig,2023,kayserispor,7297.47,15993,0.46
superlig,2023,konyaspor,12219.05,35711,0.34
superlig,2023,mkeankaragucu,7606.95,16883,0.45
superlig,2023,pendikspor,1501.32,2971,0.51
superlig,2023,samsunspor,17118.53,33919,0.50
superlig,2023,sivasspor,4144.68,8932,0.46
superlig,2023,trabzonspor,15393.89,37590,0.41
superlig,2024,adanademirspor,5124.89,13545,0.38
superlig,2024,alanyaspor,3711.44,7996,0.46
superlig,2024,antalyaspor,7910.28,14676,0.54
superlig,2024,basaksehirfk,2476.33,7914,0.31
superlig,2024,besiktasjk,27971.67,38379,0.73
superlig,2024,bodrumfk,2697.72,3672,0.73
superlig,2024,caykurrizespor,5635.33,11372,0.50
superlig,2024,eyupspor,2693.78,7237,0.37
superlig,2024,fenerbahce,32530.44,44283,0.73
superlig,2024,galatasaray,42702.39,51372,0.83
superlig,2024,gaziantepfk,6123.72,16158,0.38
superlig,2024,goztepe,15275.22,18708,0.82
superlig,2024,hatayspor,3794.83,17874,0.21
superlig,2024,kasimpasa,2176.44,5886,0.37
superlig,2024,kayserispor,9216.50,16490,0.56
superlig,2024,konyaspor,12460.89,28290,0.44
superlig,2024,samsunspor,16460.00,30782,0.53
superlig,2024,sivasspor,6046.06,15559,0.39
superlig,2024,trabzonspor,19251.67,36347,0.53
